  0
SECTION
  2
HEADER
  9
$ACADVER
  1
AC1014
  9
$ACADMAINTVER
 70
     9
  9
$DWGCODEPAGE
  3
ANSI_1252
  9
$INSBASE
 10
0.0
 20
0.0
 30
0.0
  9
$EXTMIN
 10
18.96996043617276
 20
235.2386341856998
 30
-0.0000000000000025
  9
$EXTMAX
 10
398.369169159628
 20
585.9708884374854
 30
0.0000000000000025
  9
$LIMMIN
 10
0.0
 20
0.0
  9
$LIMMAX
 10
12.0
 20
9.0
  9
$ORTHOMODE
 70
     0
  9
$REGENMODE
 70
     1
  9
$FILLMODE
 70
     1
  9
$QTEXTMODE
 70
     0
  9
$MIRRTEXT
 70
     1
  9
$DRAGMODE
 70
     2
  9
$LTSCALE
 40
12.7
  9
$OSMODE
 70
    23
  9
$ATTMODE
 70
     1
  9
$TEXTSIZE
 40
3.5
  9
$TRACEWID
 40
0.05
  9
$TEXTSTYLE
  7
ONSHAPE-STANDARD
  9
$CLAYER
  8
0
  9
$CELTYPE
  6
BYLAYER
  9
$CECOLOR
 62
   256
  9
$CELTSCALE
 40
1.0
  9
$DELOBJ
 70
     1
  9
$DISPSILH
 70
     0
  9
$DIMSCALE
 40
1.0
  9
$DIMASZ
 40
2.5
  9
$DIMEXO
 40
0.625
  9
$DIMDLI
 40
3.75
  9
$DIMRND
 40
0.0
  9
$DIMDLE
 40
0.0
  9
$DIMEXE
 40
1.25
  9
$DIMTP
 40
0.0
  9
$DIMTM
 40
0.0
  9
$DIMTXT
 40
3.5
  9
$DIMCEN
 40
2.5
  9
$DIMTSZ
 40
0.0
  9
$DIMTOL
 70
     0
  9
$DIMLIM
 70
     0
  9
$DIMTIH
 70
     0
  9
$DIMTOH
 70
     0
  9
$DIMSE1
 70
     0
  9
$DIMSE2
 70
     0
  9
$DIMTAD
 70
     1
  9
$DIMZIN
 70
     8
  9
$DIMBLK
  1

  9
$DIMASO
 70
     1
  9
$DIMSHO
 70
     1
  9
$DIMPOST
  1

  9
$DIMAPOST
  1

  9
$DIMALT
 70
     1
  9
$DIMALTD
 70
     3
  9
$DIMALTF
 40
0.0393700787401575
  9
$DIMLFAC
 40
-1.0
  9
$DIMTOFL
 70
     1
  9
$DIMTVP
 40
0.0
  9
$DIMTIX
 70
     0
  9
$DIMSOXD
 70
     0
  9
$DIMSAH
 70
     0
  9
$DIMBLK1
  1

  9
$DIMBLK2
  1

  9
$DIMSTYLE
  2
ONSHAPE-ISO-25
  9
$DIMCLRD
 70
     7
  9
$DIMCLRE
 70
     7
  9
$DIMCLRT
 70
     7
  9
$DIMTFAC
 40
1.0
  9
$DIMGAP
 40
0.625
  9
$DIMJUST
 70
     0
  9
$DIMSD1
 70
     0
  9
$DIMSD2
 70
     0
  9
$DIMTOLJ
 70
     0
  9
$DIMTZIN
 70
     8
  9
$DIMALTZ
 70
     8
  9
$DIMALTTZ
 70
     0
  9
$DIMFIT
 70
     3
  9
$DIMUPT
 70
     1
  9
$DIMUNIT
 70
     2
  9
$DIMDEC
 70
     2
  9
$DIMTDEC
 70
     2
  9
$DIMALTU
 70
     2
  9
$DIMALTTD
 70
     3
  9
$DIMTXSTY
  7
ONSHAPE-STANDARD-DIMENSION
  9
$DIMAUNIT
 70
     0
  9
$LUNITS
 70
     2
  9
$LUPREC
 70
     4
  9
$SKETCHINC
 40
0.1
  9
$FILLETRAD
 40
0.5
  9
$AUNITS
 70
     0
  9
$AUPREC
 70
     0
  9
$MENU
  1
.
  9
$ELEVATION
 40
0.0
  9
$PELEVATION
 40
0.0
  9
$THICKNESS
 40
0.0
  9
$LIMCHECK
 70
     0
  9
$CHAMFERA
 40
0.0
  9
$CHAMFERB
 40
0.0
  9
$CHAMFERC
 40
0.0
  9
$CHAMFERD
 40
0.0
  9
$SKPOLY
 70
     0
  9
$TDCREATE
 40
2461166.661107512
  9
$TDUPDATE
 40
2461166.661108333
  9
$TDINDWG
 40
0.0
  9
$TDUSRTIMER
 40
0.0
  9
$USRTIMER
 70
     1
  9
$ANGBASE
 50
0.0
  9
$ANGDIR
 70
     0
  9
$PDMODE
 70
    33
  9
$PDSIZE
 40
1.0
  9
$PLINEWID
 40
0.0
  9
$COORDS
 70
     1
  9
$SPLFRAME
 70
     0
  9
$SPLINETYPE
 70
     6
  9
$SPLINESEGS
 70
     8
  9
$ATTDIA
 70
     0
  9
$ATTREQ
 70
     1
  9
$HANDLING
 70
     1
  9
$HANDSEED
  5
594
  9
$SURFTAB1
 70
     6
  9
$SURFTAB2
 70
     6
  9
$SURFTYPE
 70
     6
  9
$SURFU
 70
     6
  9
$SURFV
 70
     6
  9
$UCSNAME
  2

  9
$UCSORG
 10
0.0
 20
0.0
 30
0.0
  9
$UCSXDIR
 10
1.0
 20
0.0
 30
0.0
  9
$UCSYDIR
 10
0.0
 20
1.0
 30
0.0
  9
$PUCSNAME
  2

  9
$PUCSORG
 10
0.0
 20
0.0
 30
0.0
  9
$PUCSXDIR
 10
1.0
 20
0.0
 30
0.0
  9
$PUCSYDIR
 10
0.0
 20
1.0
 30
0.0
  9
$USERI1
 70
     0
  9
$USERI2
 70
     0
  9
$USERI3
 70
     0
  9
$USERI4
 70
     0
  9
$USERI5
 70
     0
  9
$USERR1
 40
0.0
  9
$USERR2
 40
0.0
  9
$USERR3
 40
0.0
  9
$USERR4
 40
0.0
  9
$USERR5
 40
0.0
  9
$WORLDVIEW
 70
     1
  9
$SHADEDGE
 70
     3
  9
$SHADEDIF
 70
    70
  9
$TILEMODE
 70
     1
  9
$MAXACTVP
 70
    64
  9
$PINSBASE
 10
0.0
 20
0.0
 30
0.0
  9
$PLIMCHECK
 70
     0
  9
$PEXTMIN
 10
1.000000000000000E+20
 20
1.000000000000000E+20
 30
1.000000000000000E+20
  9
$PEXTMAX
 10
-1.000000000000000E+20
 20
-1.000000000000000E+20
 30
-1.000000000000000E+20
  9
$PLIMMIN
 10
0.0
 20
0.0
  9
$PLIMMAX
 10
12.0
 20
9.0
  9
$UNITMODE
 70
     0
  9
$VISRETAIN
 70
     1
  9
$PLINEGEN
 70
     0
  9
$PSLTSCALE
 70
     1
  9
$TREEDEPTH
 70
  3020
  9
$PICKSTYLE
 70
     1
  9
$CMLSTYLE
  2
STANDARD
  9
$CMLJUST
 70
     0
  9
$CMLSCALE
 40
1.0
  9
$PROXYGRAPHICS
 70
     1
  9
$MEASUREMENT
 70
     0
  0
ENDSEC
  0
SECTION
  2
CLASSES
  0
CLASS
  1
ACDBDICTIONARYWDFLT
  2
AcDbDictionaryWithDefault
  3
ObjectDBX Classes
 90
        0
280
     0
281
     0
  0
CLASS
  1
VISUALSTYLE
  2
AcDbVisualStyle
  3
ObjectDBX Classes
 90
     4095
280
     0
281
     0
  0
CLASS
  1
MATERIAL
  2
AcDbMaterial
  3
ObjectDBX Classes
 90
     1153
280
     0
281
     0
  0
CLASS
  1
SCALE
  2
AcDbScale
  3
ObjectDBX Classes
 90
     1153
280
     0
281
     0
  0
CLASS
  1
TABLESTYLE
  2
AcDbTableStyle
  3
ObjectDBX Classes
 90
     4095
280
     0
281
     0
  0
CLASS
  1
MLEADERSTYLE
  2
AcDbMLeaderStyle
  3
ACDB_MLEADERSTYLE_CLASS
 90
     4095
280
     0
281
     0
  0
CLASS
  1
SUN
  2
AcDbSun
  3
SCENEOE
 90
     1153
280
     0
281
     0
  0
CLASS
  1
DICTIONARYVAR
  2
AcDbDictionaryVar
  3
ObjectDBX Classes
 90
        0
280
     0
281
     0
  0
CLASS
  1
XRECORD
  2
AcDbXrecord
  3
ObjectDBX Classes
 90
        0
280
     0
281
     0
  0
CLASS
  1
LWPOLYLINE
  2
AcDbPolyline
  3
ObjectDBX Classes
 90
        0
280
     0
281
     1
  0
CLASS
  1
HATCH
  2
AcDbHatch
  3
ObjectDBX Classes
 90
        0
280
     0
281
     1
  0
CLASS
  1
ACDBPLACEHOLDER
  2
AcDbPlaceHolder
  3
ObjectDBX Classes
 90
        0
280
     0
281
     0
  0
CLASS
  1
LAYOUT
  2
AcDbLayout
  3
ObjectDBX Classes
 90
        0
280
     0
281
     0
  0
ENDSEC
  0
SECTION
  2
TABLES
  0
TABLE
  2
VPORT
  5
8
102
{ACAD_XDICTIONARY
360
589
102
}
330
0
100
AcDbSymbolTable
 70
     1
  0
VPORT
  5
29
330
8
100
AcDbSymbolTableRecord
100
AcDbViewportTableRecord
  2
*ACTIVE
 70
     0
 10
0.0
 20
0.0
 11
1.0
 21
1.0
 12
208.6695647979004
 22
422.714741529679
 13
0.0
 23
0.0
 14
0.5
 24
0.5
 15
0.5
 25
0.5
 16
0.0
 26
0.0
 36
1.0
 17
0.0
 27
0.0
 37
0.0
 40
333.0425396919252
 41
1.161975263748288
 42
50.0
 43
0.0
 44
0.0
 50
0.0
 51
0.0
 71
     0
 72
   100
 73
     1
 74
     3
 75
     0
 76
     0
 77
     0
 78
     0
  0
ENDTAB
  0
TABLE
  2
LTYPE
  5
5
330
0
100
AcDbSymbolTable
 70
     1
  0
LTYPE
  5
14
330
5
100
AcDbSymbolTableRecord
100
AcDbLinetypeTableRecord
  2
BYBLOCK
 70
     0
  3

 72
    65
 73
     0
 40
0.0
  0
LTYPE
  5
15
330
5
100
AcDbSymbolTableRecord
100
AcDbLinetypeTableRecord
  2
BYLAYER
 70
     0
  3

 72
    65
 73
     0
 40
0.0
  0
LTYPE
  5
16
330
5
100
AcDbSymbolTableRecord
100
AcDbLinetypeTableRecord
  2
CONTINUOUS
 70
     0
  3
Solid line
 72
    65
 73
     0
 40
0.0
  0
ENDTAB
  0
TABLE
  2
LAYER
  5
2
330
0
100
AcDbSymbolTable
 70
     3
  0
LAYER
  5
10
330
2
100
AcDbSymbolTableRecord
100
AcDbLayerTableRecord
  2
0
 70
     0
 62
     7
  6
CONTINUOUS
  0
LAYER
  5
73
330
2
100
AcDbSymbolTableRecord
100
AcDbLayerTableRecord
  2
VISIBLE
 70
     0
 62
     7
  6
CONTINUOUS
  0
LAYER
  5
4FA
330
2
100
AcDbSymbolTableRecord
100
AcDbLayerTableRecord
  2
ANNOTATION_TEXT
 70
     0
 62
     7
  6
CONTINUOUS
  0
ENDTAB
  0
TABLE
  2
STYLE
  5
3
330
0
100
AcDbSymbolTable
 70
    36
  0
STYLE
  5
11
330
3
100
AcDbSymbolTableRecord
100
AcDbTextStyleTableRecord
  2
STANDARD
 70
     0
 40
0.0
 41
1.0
 50
0.0
 71
     0
 42
3.5
  3
txt
  4

  0
STYLE
  5
70
330
3
100
AcDbSymbolTableRecord
100
AcDbTextStyleTableRecord
  2
ONSHAPE-STANDARD
 70
     0
 40
0.0
 41
1.0
 50
0.0
 71
     0
 42
3.5
  3
NotoSans-Regular.ttf
  4

1001
ACAD
1000
Noto Sans
1071
        0
  0
STYLE
  5
72
330
3
100
AcDbSymbolTableRecord
100
AcDbTextStyleTableRecord
  2
ONSHAPE-STANDARD-DIMENSION
 70
     0
 40
0.0
 41
1.0
 50
0.0
 71
     0
 42
3.5
  3

  4

1001
ACAD
1000
Noto Sans
1071
        0
  0
STYLE
  5
4FD
330
3
100
AcDbSymbolTableRecord
100
AcDbTextStyleTableRecord
  2
ONSHAPE-STANDARD-VIEW-LABE
 70
     0
 40
3.5
 41
1.0
 50
0.0
 71
     0
 42
3.5
  3
NotoSans-Regular.ttf
  4

1001
ACAD
1000
Noto Sans
1071
        0
  0
STYLE
  5
50B
330
3
100
AcDbSymbolTableRecord
100
AcDbTextStyleTableRecord
  2
ONSHAPE-STANDARD-TCFIELDS
 70
     0
 40
0.0
 41
1.0
 50
0.0
 71
     0
 42
3.5
  3
NotoSansTC-Regular.otf
  4

1001
ACAD
1000
Noto Sans TC
1071
        0
  0
STYLE
  5
50C
330
3
100
AcDbSymbolTableRecord
100
AcDbTextStyleTableRecord
  2
ONSHAPE-STANDARD-SCFIELDS
 70
     0
 40
0.0
 41
1.0
 50
0.0
 71
     0
 42
3.5
  3
NotoSansSC-Regular.otf
  4

1001
ACAD
1000
Noto Sans SC
1071
        0
  0
STYLE
  5
50D
330
3
100
AcDbSymbolTableRecord
100
AcDbTextStyleTableRecord
  2
ONSHAPE-STANDARD-KOREANFIE
 70
     0
 40
0.0
 41
1.0
 50
0.0
 71
     0
 42
3.5
  3
NotoSansKR-Regular.otf
  4

1001
ACAD
1000
Noto Sans KR
1071
        0
  0
STYLE
  5
50E
330
3
100
AcDbSymbolTableRecord
100
AcDbTextStyleTableRecord
  2
ONSHAPE-STANDARD-JAPANESEF
 70
     0
 40
0.0
 41
1.0
 50
0.0
 71
     0
 42
3.5
  3
NotoSansJP-Regular.otf
  4

1001
ACAD
1000
Noto Sans JP
1071
        0
  0
STYLE
  5
510
330
3
100
AcDbSymbolTableRecord
100
AcDbTextStyleTableRecord
  2
ONSHAPE-STANDARD-BOLD
 70
     0
 40
0.0
 41
1.0
 50
0.0
 71
     0
 42
3.5
  3
NotoSans-Bold.ttf
  4

1001
ACAD
1000
Noto Sans
1071
 33554432
  0
STYLE
  5
511
330
3
100
AcDbSymbolTableRecord
100
AcDbTextStyleTableRecord
  2
ONSHAPE-STANDARD-FIELDS
 70
     0
 40
0.0
 41
1.0
 50
0.0
 71
     0
 42
3.5
  3

  4

1001
ACAD
1000
Noto Sans
1071
        0
  0
STYLE
  5
513
330
3
100
AcDbSymbolTableRecord
100
AcDbTextStyleTableRecord
  2
TTFSTYLE
 70
     0
 40
0.0
 41
1.0
 50
0.0
 71
     0
 42
3.5
  3

  4

1001
ACAD
1000
Verdana
1071
       34
  0
STYLE
  5
514
330
3
100
AcDbSymbolTableRecord
100
AcDbTextStyleTableRecord
  2
ONSHAPE-STANDARD-GTOLERANC
 70
     0
 40
0.0
 41
1.0
 50
0.0
 71
     0
 42
3.5
  3

  4

1001
ACAD
1000
Noto Sans
1071
        0
  0
STYLE
  5
515
330
3
100
AcDbSymbolTableRecord
100
AcDbTextStyleTableRecord
  2
ONSHAPE-STANDARD-TABLE-DAT
 70
     0
 40
0.0
 41
1.0
 50
0.0
 71
     0
 42
3.5
  3
NotoSans-Regular.ttf
  4

1001
ACAD
1000
Noto Sans
1071
        0
  0
STYLE
  5
516
330
3
100
AcDbSymbolTableRecord
100
AcDbTextStyleTableRecord
  2
ONSHAPE-STANDARD-TABLE-TIT
 70
     0
 40
0.0
 41
1.0
 50
0.0
 71
     0
 42
3.5
  3
NotoSans-Bold.ttf
  4

1001
ACAD
1000
Noto Sans
1071
 33554432
  0
STYLE
  5
517
330
3
100
AcDbSymbolTableRecord
100
AcDbTextStyleTableRecord
  2
ONSHAPE-STANDARD-TABLE-HEA
 70
     0
 40
0.0
 41
1.0
 50
0.0
 71
     0
 42
3.5
  3
NotoSans-Bold.ttf
  4

1001
ACAD
1000
Noto Sans
1071
 33554432
  0
STYLE
  5
518
330
3
100
AcDbSymbolTableRecord
100
AcDbTextStyleTableRecord
  2
ONSHAPE-STANDARD-BOMTABLE-
 70
     0
 40
0.0
 41
1.0
 50
0.0
 71
     0
 42
3.5
  3
NotoSans-Regular.ttf
  4

1001
ACAD
1000
Noto Sans
1071
        0
  0
STYLE
  5
519
330
3
100
AcDbSymbolTableRecord
100
AcDbTextStyleTableRecord
  2
ONSHAPE-STANDARD-BOMTABLE0
 70
     0
 40
0.0
 41
1.0
 50
0.0
 71
     0
 42
3.5
  3
NotoSans-Bold.ttf
  4

1001
ACAD
1000
Noto Sans
1071
 33554432
  0
STYLE
  5
51A
330
3
100
AcDbSymbolTableRecord
100
AcDbTextStyleTableRecord
  2
ONSHAPE-STANDARD-BOMTABLE1
 70
     0
 40
0.0
 41
1.0
 50
0.0
 71
     0
 42
3.5
  3
NotoSans-Bold.ttf
  4

1001
ACAD
1000
Noto Sans
1071
 33554432
  0
STYLE
  5
51B
330
3
100
AcDbSymbolTableRecord
100
AcDbTextStyleTableRecord
  2
ONSHAPE-STANDARD-NOTESTYLE
 70
     0
 40
3.5
 41
1.0
 50
0.0
 71
     0
 42
3.5
  3
NotoSans-Regular.ttf
  4

1001
ACAD
1000
Noto Sans
1071
        0
  0
STYLE
  5
51C
330
3
100
AcDbSymbolTableRecord
100
AcDbTextStyleTableRecord
  2
ONSHAPE-STANDARD-DATUM-DIM
 70
     0
 40
3.5
 41
1.0
 50
0.0
 71
     0
 42
3.5
  3
NotoSans-Regular.ttf
  4

1001
ACAD
1000
Noto Sans
1071
        0
  0
STYLE
  5
51E
330
3
100
AcDbSymbolTableRecord
100
AcDbTextStyleTableRecord
  2
ONSHAPE-DETAIL-VIEW-LEADER
 70
     0
 40
3.5
 41
1.0
 50
0.0
 71
     0
 42
3.5
  3
NotoSans-Regular.ttf
  4

1001
ACAD
1000
Noto Sans
1071
        0
  0
STYLE
  5
51F
330
3
100
AcDbSymbolTableRecord
100
AcDbTextStyleTableRecord
  2
ONSHAPE-STANDARD-HOLE-CALL
 70
     0
 40
3.5
 41
1.0
 50
0.0
 71
     0
 42
3.5
  3
NotoSans-Regular.ttf
  4

1001
ACAD
1000
Noto Sans
1071
        0
  0
STYLE
  5
520
330
3
100
AcDbSymbolTableRecord
100
AcDbTextStyleTableRecord
  2
ONSHAPE-STANDARD-HOLETABLE
 70
     0
 40
0.0
 41
1.0
 50
0.0
 71
     0
 42
3.5
  3
NotoSans-Regular.ttf
  4

1001
ACAD
1000
Noto Sans
1071
        0
  0
STYLE
  5
521
330
3
100
AcDbSymbolTableRecord
100
AcDbTextStyleTableRecord
  2
ONSHAPE-STANDARD-HOLETABL0
 70
     0
 40
0.0
 41
1.0
 50
0.0
 71
     0
 42
3.5
  3
NotoSans-Bold.ttf
  4

1001
ACAD
1000
Noto Sans
1071
 33554432
  0
STYLE
  5
522
330
3
100
AcDbSymbolTableRecord
100
AcDbTextStyleTableRecord
  2
ONSHAPE-STANDARD-HOLETABL1
 70
     0
 40
0.0
 41
1.0
 50
0.0
 71
     0
 42
3.5
  3
NotoSans-Bold.ttf
  4

1001
ACAD
1000
Noto Sans
1071
 33554432
  0
STYLE
  5
523
330
3
100
AcDbSymbolTableRecord
100
AcDbTextStyleTableRecord
  2
ONSHAPE-STANDARD-HOLE-TAG
 70
     0
 40
3.5
 41
1.0
 50
0.0
 71
     0
 42
3.5
  3
NotoSans-Regular.ttf
  4

1001
ACAD
1000
Noto Sans
1071
        0
  0
STYLE
  5
524
330
3
100
AcDbSymbolTableRecord
100
AcDbTextStyleTableRecord
  2
ONSHAPE-STANDARD-REVISIONT
 70
     0
 40
0.0
 41
1.0
 50
0.0
 71
     0
 42
3.5
  3
NotoSans-Regular.ttf
  4

1001
ACAD
1000
Noto Sans
1071
        0
  0
STYLE
  5
525
330
3
100
AcDbSymbolTableRecord
100
AcDbTextStyleTableRecord
  2
ONSHAPE-STANDARD-REVISION0
 70
     0
 40
0.0
 41
1.0
 50
0.0
 71
     0
 42
3.5
  3
NotoSans-Bold.ttf
  4

1001
ACAD
1000
Noto Sans
1071
 33554432
  0
STYLE
  5
526
330
3
100
AcDbSymbolTableRecord
100
AcDbTextStyleTableRecord
  2
ONSHAPE-STANDARD-REVISION1
 70
     0
 40
0.0
 41
1.0
 50
0.0
 71
     0
 42
3.5
  3
NotoSans-Bold.ttf
  4

1001
ACAD
1000
Noto Sans
1071
 33554432
  0
STYLE
  5
527
330
3
100
AcDbSymbolTableRecord
100
AcDbTextStyleTableRecord
  2
ONSHAPE-STANDARD-REVISION-
 70
     0
 40
3.5
 41
1.0
 50
0.0
 71
     0
 42
3.5
  3
NotoSans-Regular.ttf
  4

1001
ACAD
1000
Noto Sans
1071
        0
  0
STYLE
  5
528
330
3
100
AcDbSymbolTableRecord
100
AcDbTextStyleTableRecord
  2
ONSHAPE-STANDARD-CUTLISTTA
 70
     0
 40
0.0
 41
1.0
 50
0.0
 71
     0
 42
3.5
  3
NotoSans-Regular.ttf
  4

1001
ACAD
1000
Noto Sans
1071
        0
  0
STYLE
  5
529
330
3
100
AcDbSymbolTableRecord
100
AcDbTextStyleTableRecord
  2
ONSHAPE-STANDARD-CUTLISTT0
 70
     0
 40
0.0
 41
1.0
 50
0.0
 71
     0
 42
3.5
  3
NotoSans-Bold.ttf
  4

1001
ACAD
1000
Noto Sans
1071
 33554432
  0
STYLE
  5
52A
330
3
100
AcDbSymbolTableRecord
100
AcDbTextStyleTableRecord
  2
ONSHAPE-STANDARD-CUTLISTT1
 70
     0
 40
0.0
 41
1.0
 50
0.0
 71
     0
 42
3.5
  3
NotoSans-Bold.ttf
  4

1001
ACAD
1000
Noto Sans
1071
 33554432
  0
STYLE
  5
52B
330
3
100
AcDbSymbolTableRecord
100
AcDbTextStyleTableRecord
  2
ONSHAPE-STANDARD-CUSTOMTAB
 70
     0
 40
0.0
 41
1.0
 50
0.0
 71
     0
 42
3.5
  3
NotoSans-Regular.ttf
  4

1001
ACAD
1000
Noto Sans
1071
        0
  0
STYLE
  5
52C
330
3
100
AcDbSymbolTableRecord
100
AcDbTextStyleTableRecord
  2
ONSHAPE-STANDARD-CUSTOMTA0
 70
     0
 40
0.0
 41
1.0
 50
0.0
 71
     0
 42
3.5
  3
NotoSans-Bold.ttf
  4

1001
ACAD
1000
Noto Sans
1071
 33554432
  0
STYLE
  5
52D
330
3
100
AcDbSymbolTableRecord
100
AcDbTextStyleTableRecord
  2
ONSHAPE-STANDARD-CUSTOMTA1
 70
     0
 40
0.0
 41
1.0
 50
0.0
 71
     0
 42
3.5
  3
NotoSans-Bold.ttf
  4

1001
ACAD
1000
Noto Sans
1071
 33554432
  0
ENDTAB
  0
TABLE
  2
VIEW
  5
6
330
0
100
AcDbSymbolTable
 70
     0
  0
ENDTAB
  0
TABLE
  2
UCS
  5
7
330
0
100
AcDbSymbolTable
 70
     0
  0
ENDTAB
  0
TABLE
  2
APPID
  5
9
330
0
100
AcDbSymbolTable
 70
     3
  0
APPID
  5
12
330
9
100
AcDbSymbolTableRecord
100
AcDbRegAppTableRecord
  2
ACAD
 70
     0
  0
APPID
  5
4FE
330
9
100
AcDbSymbolTableRecord
100
AcDbRegAppTableRecord
  2
ONSHAPE_NOTES_ANNOTATION_D
 70
     0
  0
APPID
  5
593
330
9
100
AcDbSymbolTableRecord
100
AcDbRegAppTableRecord
  2
ACAD_MLEADERVER
 70
     0
  0
ENDTAB
  0
TABLE
  2
DIMSTYLE
  5
A
330
0
100
AcDbSymbolTable
 70
    23
  0
DIMSTYLE
105
27
330
A
100
AcDbSymbolTableRecord
100
AcDbDimStyleTableRecord
  2
STANDARD
 70
     0
  3

  4

  5

  6

  7

 40
1.0
 41
0.18
 42
0.0625
 43
0.38
 44
0.18
 45
0.0
 46
0.0
 47
0.0
 48
0.0
140
0.18
141
0.09
142
0.0
143
0.0393700787401575
144
1.0
145
0.0
146
1.0
147
0.09
 71
     0
 72
     0
 73
     1
 74
     1
 75
     0
 76
     0
 77
     0
 78
     0
170
     0
171
     2
172
     0
173
     0
174
     0
175
     0
176
     0
177
     0
178
     0
270
     2
271
     4
272
     4
273
     2
274
     2
340
11
275
     0
280
     0
281
     0
282
     0
283
     1
284
     0
285
     0
286
     0
287
     3
288
     0
  0
DIMSTYLE
105
71
330
A
100
AcDbSymbolTableRecord
100
AcDbDimStyleTableRecord
  2
ONSHAPE-ISO-25
 70
     0
  3

  4

  5

  6

  7

 40
1.0
 41
2.5
 42
0.625
 43
3.75
 44
1.25
 45
0.0
 46
0.0
 47
0.0
 48
0.0
140
3.5
141
2.5
142
0.0
143
0.0393700787401575
144
1.0
145
0.0
146
1.0
147
0.625
 71
     0
 72
     0
 73
     0
 74
     0
 75
     0
 76
     0
 77
     1
 78
     8
170
     0
171
     3
172
     1
173
     0
174
     0
175
     0
176
     7
177
     7
178
     7
179
     1
270
     2
271
     2
272
     2
273
     2
274
     3
340
72
275
     0
280
     0
281
     0
282
     0
283
     0
284
     8
285
     8
286
     0
287
     3
288
     1
  0
DIMSTYLE
105
52E
330
A
100
AcDbSymbolTableRecord
100
AcDbDimStyleTableRecord
  2
ISO-25
 70
     0
  3

  4

  5

  6

  7

 40
1.0
 41
2.5
 42
0.625
 43
3.75
 44
1.25
 45
0.0
 46
0.0
 47
0.0
 48
0.0
140
2.5
141
2.5
142
0.0
143
0.0393700787401575
144
1.0
145
0.0
146
1.0
147
0.625
 71
     0
 72
     0
 73
     0
 74
     0
 75
     0
 76
     0
 77
     1
 78
     8
170
     0
171
     3
172
     1
173
     0
174
     0
175
     0
176
     7
177
     7
178
     7
270
     2
271
     2
272
     2
273
     2
274
     3
340
11
275
     0
280
     0
281
     0
282
     0
283
     0
284
     8
285
     0
286
     0
287
     3
288
     1
  0
DIMSTYLE
105
530
330
A
100
AcDbSymbolTableRecord
100
AcDbDimStyleTableRecord
  2
ISO
 70
     0
  3

  4
"
  5

  6

  7

 40
1.0
 41
3.5
 42
1.0
 43
10.0
 44
1.0
 45
0.0
 46
0.0
 47
0.1
 48
0.1
140
3.5
141
0.0
142
0.0
143
0.0393700787401575
144
1.0
145
0.0
146
0.71
147
1.5
 71
     0
 72
     0
 73
     0
 74
     0
 75
     0
 76
     0
 77
     1
 78
     8
170
     0
171
     3
172
     1
173
     0
174
     0
175
     0
176
     7
177
     7
178
     7
270
     2
271
     2
272
     3
273
     2
274
     3
340
11
275
     0
280
     0
281
     0
282
     0
283
     0
284
     8
285
     8
286
     0
287
     3
288
     1
  0
DIMSTYLE
105
531
330
A
100
AcDbSymbolTableRecord
100
AcDbDimStyleTableRecord
  2
ISO$3
 70
     0
  3

  4
"
  5

  6

  7

 40
1.0
 41
3.5
 42
1.0
 43
10.0
 44
1.0
 45
0.0
 46
0.0
 47
0.1
 48
0.1
140
3.5
141
0.0
142
0.0
143
0.0393700787401575
144
1.0
145
0.0
146
0.71
147
1.5
 71
     0
 72
     0
 73
     0
 74
     1
 75
     0
 76
     0
 77
     1
 78
     8
170
     0
171
     3
172
     0
173
     0
174
     0
175
     0
176
     7
177
     7
178
     7
270
     2
271
     2
272
     3
273
     2
274
     3
340
11
275
     0
280
     0
281
     0
282
     0
283
     0
284
     8
285
     8
286
     0
288
     1
  0
DIMSTYLE
105
532
330
A
100
AcDbSymbolTableRecord
100
AcDbDimStyleTableRecord
  2
ISO$4
 70
     0
  3

  4
"
  5

  6

  7

 40
1.0
 41
3.5
 42
1.0
 43
10.0
 44
1.0
 45
0.0
 46
0.0
 47
0.1
 48
0.1
140
3.5
141
0.0
142
0.0
143
0.0393700787401575
144
1.0
145
0.0
146
0.71
147
1.5
 71
     0
 72
     0
 73
     0
 74
     0
 75
     0
 76
     0
 77
     1
 78
     8
170
     0
171
     3
172
     1
173
     0
174
     0
175
     0
176
     7
177
     7
178
     7
270
     2
271
     2
272
     3
273
     2
274
     3
340
11
275
     0
280
     0
281
     0
282
     0
283
     0
284
     8
285
     8
286
     0
287
     3
288
     1
  0
DIMSTYLE
105
533
330
A
100
AcDbSymbolTableRecord
100
AcDbDimStyleTableRecord
  2
ISO$6
 70
     0
  3

  4
"
  5

  6

  7

 40
1.0
 41
0.5
 42
1.0
 43
10.0
 44
1.0
 45
0.0
 46
0.0
 47
0.1
 48
0.1
140
3.5
141
0.0
142
0.0
143
0.0393700787401575
144
1.0
145
0.0
146
0.71
147
1.5
 71
     0
 72
     0
 73
     0
 74
     0
 75
     0
 76
     0
 77
     0
 78
     8
170
     0
171
     3
172
     1
173
     0
174
     0
175
     0
176
     7
177
     7
178
     7
270
     2
271
     2
272
     3
273
     2
274
     3
340
11
275
     0
280
     0
281
     0
282
     0
283
     0
284
     8
285
     8
286
     0
287
     3
288
     1
  0
DIMSTYLE
105
534
330
A
100
AcDbSymbolTableRecord
100
AcDbDimStyleTableRecord
  2
ISO$7
 70
     0
  3

  4
"
  5

  6

  7

 40
1.0
 41
3.5
 42
1.0
 43
10.0
 44
1.0
 45
0.0
 46
0.0
 47
0.1
 48
0.1
140
3.5
141
0.0
142
0.0
143
0.0393700787401575
144
1.0
145
0.0
146
0.71
147
1.5
 71
     0
 72
     0
 73
     0
 74
     0
 75
     0
 76
     0
 77
     1
 78
     8
170
     0
171
     3
172
     1
173
     0
174
     0
175
     0
176
     7
177
     7
178
     7
270
     2
271
     2
272
     3
273
     2
274
     3
340
11
275
     0
280
     0
281
     0
282
     0
283
     0
284
     8
285
     8
286
     0
287
     3
288
     1
  0
DIMSTYLE
105
535
330
A
100
AcDbSymbolTableRecord
100
AcDbDimStyleTableRecord
  2
ISO$SF
 70
     0
  3

  4
"
  5

  6

  7

 40
1.0
 41
3.5
 42
1.0
 43
10.0
 44
1.0
 45
0.0
 46
0.0
 47
0.1
 48
0.1
140
3.5
141
0.0
142
0.0
143
0.0393700787401575
144
1.0
145
0.0
146
0.71
147
1.5
 71
     0
 72
     0
 73
     0
 74
     0
 75
     1
 76
     1
 77
     1
 78
     8
170
     0
171
     3
172
     1
173
     0
174
     0
175
     0
176
     7
177
     7
178
     7
270
     2
271
     2
272
     3
273
     2
274
     3
340
11
275
     0
280
     0
281
     0
282
     0
283
     0
284
     8
285
     8
286
     0
287
     3
288
     1
  0
DIMSTYLE
105
536
330
A
100
AcDbSymbolTableRecord
100
AcDbDimStyleTableRecord
  2
ISO$SH
 70
     0
  3

  4
"
  5

  6

  7

 40
1.0
 41
3.5
 42
1.0
 43
10.0
 44
1.0
 45
0.0
 46
0.0
 47
0.1
 48
0.1
140
3.5
141
0.0
142
0.0
143
0.0393700787401575
144
2.0
145
0.0
146
0.71
147
1.5
 71
     0
 72
     0
 73
     0
 74
     0
 75
     1
 76
     1
 77
     1
 78
     8
170
     0
171
     3
172
     1
173
     1
174
     0
175
     0
176
     7
177
     7
178
     7
270
     2
271
     2
272
     3
273
     2
274
     3
340
11
275
     0
280
     0
281
     0
282
     0
283
     0
284
     8
285
     8
286
     0
287
     3
288
     1
  0
DIMSTYLE
105
539
330
A
100
AcDbSymbolTableRecord
100
AcDbDimStyleTableRecord
  2
ONSHAPE-ISO-25$0
 70
     0
  3

  4

  5

  6

  7

 40
1.0
 41
2.5
 42
0.625
 43
3.75
 44
1.25
 45
0.0
 46
0.0
 47
0.0
 48
0.0
140
3.5
141
2.5
142
0.0
143
0.0393700787401575
144
1.0
145
0.0
146
1.0
147
0.625
 71
     0
 72
     0
 73
     0
 74
     0
 75
     0
 76
     0
 77
     1
 78
     8
170
     0
171
     3
172
     1
173
     0
174
     0
175
     0
176
     7
177
     7
178
     7
179
     1
270
     2
271
     2
272
     2
273
     2
274
     3
340
72
275
     0
280
     0
281
     0
282
     0
283
     0
284
     8
285
     8
286
     0
287
     3
288
     1
  0
DIMSTYLE
105
53A
330
A
100
AcDbSymbolTableRecord
100
AcDbDimStyleTableRecord
  2
ONSHAPE-ISO-25$2
 70
     0
  3

  4

  5

  6

  7

 40
1.0
 41
2.5
 42
0.625
 43
3.75
 44
1.25
 45
0.0
 46
0.0
 47
0.0
 48
0.0
140
3.5
141
2.5
142
0.0
143
0.0393700787401575
144
1.0
145
0.0
146
1.0
147
0.625
 71
     0
 72
     0
 73
     0
 74
     0
 75
     0
 76
     0
 77
     1
 78
     8
170
     0
171
     3
172
     1
173
     0
174
     0
175
     0
176
     7
177
     7
178
     7
179
     1
270
     2
271
     2
272
     2
273
     2
274
     3
340
72
275
     0
280
     0
281
     0
282
     0
283
     0
284
     8
285
     8
286
     0
287
     3
288
     1
  0
DIMSTYLE
105
53B
330
A
100
AcDbSymbolTableRecord
100
AcDbDimStyleTableRecord
  2
ONSHAPE-ISO-25$3
 70
     0
  3

  4

  5

  6

  7

 40
1.0
 41
2.5
 42
0.625
 43
3.75
 44
1.25
 45
0.0
 46
0.0
 47
0.0
 48
0.0
140
3.5
141
0.0
142
0.0
143
0.0393700787401575
144
1.0
145
0.0
146
1.0
147
0.625
 71
     0
 72
     0
 73
     0
 74
     0
 75
     0
 76
     0
 77
     1
 78
     8
170
     0
171
     3
172
     1
173
     0
174
     0
175
     0
176
     7
177
     7
178
     7
179
     1
270
     2
271
     2
272
     2
273
     2
274
     3
340
72
275
     0
280
     0
281
     0
282
     0
283
     0
284
     8
285
     8
286
     0
287
     3
288
     1
  0
DIMSTYLE
105
53C
330
A
100
AcDbSymbolTableRecord
100
AcDbDimStyleTableRecord
  2
ONSHAPE-ISO-25$4
 70
     0
  3

  4

  5

  6

  7

 40
1.0
 41
2.5
 42
0.625
 43
3.75
 44
1.25
 45
0.0
 46
0.0
 47
0.0
 48
0.0
140
3.5
141
0.0
142
0.0
143
0.0393700787401575
144
1.0
145
0.0
146
1.0
147
0.625
 71
     0
 72
     0
 73
     0
 74
     0
 75
     0
 76
     0
 77
     1
 78
     8
170
     0
171
     3
172
     1
173
     0
174
     0
175
     0
176
     7
177
     7
178
     7
179
     1
270
     2
271
     2
272
     2
273
     2
274
     3
340
72
275
     0
280
     0
281
     0
282
     0
283
     0
284
     8
285
     8
286
     0
287
     3
288
     1
  0
DIMSTYLE
105
53D
330
A
100
AcDbSymbolTableRecord
100
AcDbDimStyleTableRecord
  2
ONSHAPE-ISO-25$6
 70
     0
  3

  4

  5

  6

  7

 40
1.0
 41
0.5
 42
0.625
 43
3.75
 44
1.25
 45
0.0
 46
0.0
 47
0.0
 48
0.0
140
3.5
141
2.5
142
0.0
143
0.0393700787401575
144
1.0
145
0.0
146
1.0
147
0.625
 71
     0
 72
     0
 73
     0
 74
     0
 75
     0
 76
     0
 77
     1
 78
     8
170
     0
171
     3
172
     1
173
     0
174
     0
175
     0
176
     7
177
     7
178
     7
179
     1
270
     2
271
     2
272
     2
273
     2
274
     3
340
72
275
     0
280
     0
281
     0
282
     0
283
     0
284
     8
285
     8
286
     0
287
     3
288
     1
  0
DIMSTYLE
105
53E
330
A
100
AcDbSymbolTableRecord
100
AcDbDimStyleTableRecord
  2
ONSHAPE-ISO-25$7
 70
     0
  3

  4

  5

  6

  7

 40
1.0
 41
2.5
 42
0.625
 43
3.75
 44
1.25
 45
0.0
 46
0.0
 47
0.0
 48
0.0
140
3.5
141
2.5
142
0.0
143
0.0393700787401575
144
1.0
145
0.0
146
1.0
147
0.625
 71
     0
 72
     0
 73
     0
 74
     0
 75
     0
 76
     0
 77
     1
 78
     8
170
     0
171
     3
172
     1
173
     0
174
     0
175
     0
176
     7
177
     7
178
     7
179
     1
270
     2
271
     2
272
     2
273
     2
274
     3
340
72
275
     0
280
     0
281
     0
282
     0
283
     0
284
     8
285
     8
286
     0
287
     3
288
     1
  0
DIMSTYLE
105
53F
330
A
100
AcDbSymbolTableRecord
100
AcDbDimStyleTableRecord
  2
ONSHAPE-STANDARD-GTOLERANC
 70
     0
  3

  4

  5

  6

  7

 40
1.0
 41
2.5
 42
0.625
 43
3.75
 44
1.25
 45
0.0
 46
0.0
 47
0.0
 48
0.0
140
3.5
141
2.5
142
0.0
143
0.03937
144
1.0
145
0.0
146
1.0
147
0.625
 71
     0
 72
     0
 73
     0
 74
     0
 75
     0
 76
     0
 77
     1
 78
     8
170
     0
171
     3
172
     1
173
     0
174
     0
175
     0
176
     7
177
     7
178
     7
179
     1
270
     2
271
     2
272
     2
273
     2
274
     3
340
514
275
     0
280
     0
281
     0
282
     0
283
     0
284
     8
285
     8
286
     0
287
     3
288
     1
  0
DIMSTYLE
105
541
330
A
100
AcDbSymbolTableRecord
100
AcDbDimStyleTableRecord
  2
ONSHAPE-ORDINATESTYLE
 70
     0
  3

  4

  5

  6

  7

 40
1.0
 41
2.5
 42
0.625
 43
3.75
 44
1.25
 45
0.0
 46
0.0
 47
0.0
 48
0.0
140
3.5
141
2.5
142
0.0
143
0.0393700787401575
144
1.0
145
0.0
146
1.0
147
0.625
 71
     0
 72
     0
 73
     0
 74
     0
 75
     0
 76
     0
 77
     1
 78
     8
170
     0
171
     3
172
     1
173
     0
174
     0
175
     0
176
     7
177
     7
178
     7
179
     1
270
     2
271
     2
272
     2
273
     2
274
     3
340
72
275
     0
280
     0
281
     0
282
     0
283
     0
284
     8
285
     8
286
     0
287
     3
288
     1
  0
DIMSTYLE
105
542
330
A
100
AcDbSymbolTableRecord
100
AcDbDimStyleTableRecord
  2
ONSHAPE-CHAMFERDIMSTYLE
 70
     0
  3

  4

  5

  6

  7

 40
1.0
 41
2.5
 42
0.625
 43
3.75
 44
1.25
 45
0.0
 46
0.0
 47
0.0
 48
0.0
140
3.5
141
2.5
142
0.0
143
0.0393700787401575
144
1.0
145
0.0
146
1.0
147
0.625
 71
     0
 72
     0
 73
     0
 74
     0
 75
     0
 76
     0
 77
     1
 78
     8
170
     0
171
     3
172
     1
173
     0
174
     0
175
     0
176
     7
177
     7
178
     7
179
     1
270
     2
271
     2
272
     2
273
     2
274
     3
340
72
275
     0
280
     0
281
     0
282
     0
283
     0
284
     8
285
     8
286
     0
287
     3
288
     1
  0
DIMSTYLE
105
543
330
A
100
AcDbSymbolTableRecord
100
AcDbDimStyleTableRecord
  2
ONSHAPE-SKETCHDRIVENDIMSTY
 70
     0
  3

  4

  5

  6

  7

 40
1.0
 41
2.5
 42
0.625
 43
3.75
 44
1.25
 45
0.0
 46
0.0
 47
0.0
 48
0.0
140
3.5
141
2.5
142
0.0
143
0.0393700787401575
144
1.0
145
0.0
146
1.0
147
0.625
 71
     0
 72
     0
 73
     0
 74
     0
 75
     0
 76
     0
 77
     1
 78
     8
170
     0
171
     3
172
     1
173
     0
174
     0
175
     0
176
   251
177
   251
178
   251
179
     1
270
     2
271
     2
272
     2
273
     2
274
     3
340
72
275
     0
280
     0
281
     0
282
     0
283
     0
284
     8
285
     8
286
     0
287
     3
288
     1
  0
DIMSTYLE
105
544
330
A
100
AcDbSymbolTableRecord
100
AcDbDimStyleTableRecord
  2
ONSHAPE-SKETCHDRIVENDIMST0
 70
     0
  3

  4

  5

  6

  7

 40
1.0
 41
2.5
 42
0.625
 43
3.75
 44
1.25
 45
0.0
 46
0.0
 47
0.0
 48
0.0
140
3.5
141
2.5
142
0.0
143
0.0393700787401575
144
1.0
145
0.0
146
1.0
147
0.625
 71
     0
 72
     0
 73
     0
 74
     0
 75
     0
 76
     0
 77
     1
 78
     8
170
     0
171
     3
172
     1
173
     0
174
     0
175
     0
176
   251
177
   251
178
   251
179
     1
270
     2
271
     2
272
     2
273
     2
274
     3
340
72
275
     0
280
     0
281
     0
282
     0
283
     0
284
     8
285
     8
286
     0
287
     3
288
     1
  0
DIMSTYLE
105
545
330
A
100
AcDbSymbolTableRecord
100
AcDbDimStyleTableRecord
  2
ONSHAPE-SKETCHDRIVENDIMST1
 70
     0
  3

  4

  5

  6

  7

 40
1.0
 41
2.5
 42
0.625
 43
3.75
 44
1.25
 45
0.0
 46
0.0
 47
0.0
 48
0.0
140
3.5
141
0.0
142
0.0
143
0.0393700787401575
144
1.0
145
0.0
146
1.0
147
0.625
 71
     0
 72
     0
 73
     0
 74
     0
 75
     0
 76
     0
 77
     1
 78
     8
170
     0
171
     3
172
     1
173
     0
174
     0
175
     0
176
   251
177
   251
178
   251
179
     1
270
     2
271
     2
272
     2
273
     2
274
     3
340
72
275
     0
280
     0
281
     0
282
     0
283
     0
284
     8
285
     8
286
     0
287
     3
288
     1
  0
DIMSTYLE
105
546
330
A
100
AcDbSymbolTableRecord
100
AcDbDimStyleTableRecord
  2
ONSHAPE-SKETCHDRIVENDIMST2
 70
     0
  3

  4

  5

  6

  7

 40
1.0
 41
2.5
 42
0.625
 43
3.75
 44
1.25
 45
0.0
 46
0.0
 47
0.0
 48
0.0
140
3.5
141
0.0
142
0.0
143
0.0393700787401575
144
1.0
145
0.0
146
1.0
147
0.625
 71
     0
 72
     0
 73
     0
 74
     0
 75
     0
 76
     0
 77
     1
 78
     8
170
     0
171
     3
172
     1
173
     0
174
     0
175
     0
176
   251
177
   251
178
   251
179
     1
270
     2
271
     2
272
     2
273
     2
274
     3
340
72
275
     0
280
     0
281
     0
282
     0
283
     0
284
     8
285
     8
286
     0
287
     3
288
     1
  0
ENDTAB
  0
TABLE
  2
BLOCK_RECORD
  5
1
330
0
100
AcDbSymbolTable
 70
     0
  0
BLOCK_RECORD
  5
1F
330
1
100
AcDbSymbolTableRecord
100
AcDbBlockTableRecord
  2
*MODEL_SPACE
  0
BLOCK_RECORD
  5
1B
330
1
100
AcDbSymbolTableRecord
100
AcDbBlockTableRecord
  2
*PAPER_SPACE
  0
ENDTAB
  0
ENDSEC
  0
SECTION
  2
BLOCKS
  0
BLOCK
  5
20
330
1F
100
AcDbEntity
  8
0
100
AcDbBlockBegin
  2
*MODEL_SPACE
 70
     0
 10
0.0
 20
0.0
 30
0.0
  3
*MODEL_SPACE
  1

  0
ENDBLK
  5
21
330
1F
100
AcDbEntity
  8
0
100
AcDbBlockEnd
  0
BLOCK
  5
1C
330
1B
100
AcDbEntity
 67
     1
  8
0
100
AcDbBlockBegin
  2
*PAPER_SPACE
 70
     0
 10
0.0
 20
0.0
 30
0.0
  3
*PAPER_SPACE
  1

  0
ENDBLK
  5
1D
330
1B
100
AcDbEntity
 67
     1
  8
0
100
AcDbBlockEnd
  0
ENDSEC
  0
SECTION
  2
ENTITIES
  0
LINE
  5
75
330
1F
100
AcDbEntity
  8
VISIBLE
100
AcDbLine
 10
204.7290879338458
 20
485.9547792389211
 30
0.0
 11
198.7290879338458
 21
485.9547792389211
 31
0.0
  0
LINE
  5
76
330
1F
100
AcDbEntity
  8
VISIBLE
100
AcDbLine
 10
198.7290879338458
 20
472.704779238921
 30
0.0
 11
198.7290879338458
 21
485.9547792389211
 31
0.0
  0
LINE
  5
77
330
1F
100
AcDbEntity
  8
VISIBLE
100
AcDbLine
 10
183.7290879338458
 20
472.704779238921
 30
0.0
 11
198.7290879338458
 21
472.704779238921
 31
0.0
  0
LINE
  5
78
330
1F
100
AcDbEntity
  8
VISIBLE
100
AcDbLine
 10
183.7290879338458
 20
466.704779238921
 30
0.0
 11
183.7290879338458
 21
472.704779238921
 31
0.0
  0
LINE
  5
79
330
1F
100
AcDbEntity
  8
VISIBLE
100
AcDbLine
 10
163.7290879338458
 20
466.704779238921
 30
0.0
 11
183.7290879338458
 21
466.704779238921
 31
0.0
  0
LINE
  5
7A
330
1F
100
AcDbEntity
  8
VISIBLE
100
AcDbLine
 10
163.7290879338458
 20
466.704779238921
 30
0.0
 11
163.7290879338458
 21
472.704779238921
 31
0.0
  0
LINE
  5
7B
330
1F
100
AcDbEntity
  8
VISIBLE
100
AcDbLine
 10
143.7290879338458
 20
472.704779238921
 30
0.0
 11
163.7290879338458
 21
472.704779238921
 31
0.0
  0
LINE
  5
7C
330
1F
100
AcDbEntity
  8
VISIBLE
100
AcDbLine
 10
143.7290879338458
 20
466.704779238921
 30
0.0
 11
143.7290879338458
 21
472.704779238921
 31
0.0
  0
LINE
  5
7D
330
1F
100
AcDbEntity
  8
VISIBLE
100
AcDbLine
 10
123.7290879338458
 20
466.704779238921
 30
0.0
 11
143.7290879338458
 21
466.704779238921
 31
0.0
  0
LINE
  5
7E
330
1F
100
AcDbEntity
  8
VISIBLE
100
AcDbLine
 10
123.7290879338458
 20
486.7047792389211
 30
0.0
 11
123.7290879338458
 21
466.704779238921
 31
0.0
  0
LINE
  5
7F
330
1F
100
AcDbEntity
  8
VISIBLE
100
AcDbLine
 10
123.7290879338458
 20
486.7047792389211
 30
0.0
 11
129.7290879338458
 21
486.7047792389211
 31
0.0
  0
LINE
  5
80
330
1F
100
AcDbEntity
  8
VISIBLE
100
AcDbLine
 10
129.7290879338458
 20
506.704779238921
 30
0.0
 11
129.7290879338458
 21
486.7047792389211
 31
0.0
  0
LINE
  5
81
330
1F
100
AcDbEntity
  8
VISIBLE
100
AcDbLine
 10
123.7290879338458
 20
506.704779238921
 30
0.0
 11
129.7290879338458
 21
506.704779238921
 31
0.0
  0
LINE
  5
82
330
1F
100
AcDbEntity
  8
VISIBLE
100
AcDbLine
 10
123.7290879338458
 20
526.7047792389211
 30
0.0
 11
123.7290879338458
 21
506.704779238921
 31
0.0
  0
LINE
  5
83
330
1F
100
AcDbEntity
  8
VISIBLE
100
AcDbLine
 10
123.7290879338458
 20
526.7047792389211
 30
0.0
 11
129.7290879338458
 21
526.7047792389211
 31
0.0
  0
LINE
  5
84
330
1F
100
AcDbEntity
  8
VISIBLE
100
AcDbLine
 10
129.7290879338458
 20
546.7047792389211
 30
0.0
 11
129.7290879338458
 21
526.7047792389211
 31
0.0
  0
LINE
  5
85
330
1F
100
AcDbEntity
  8
VISIBLE
100
AcDbLine
 10
123.7290879338458
 20
546.7047792389211
 30
0.0
 11
129.7290879338458
 21
546.7047792389211
 31
0.0
  0
LINE
  5
86
330
1F
100
AcDbEntity
  8
VISIBLE
100
AcDbLine
 10
123.7290879338458
 20
566.7047792389211
 30
0.0
 11
123.7290879338458
 21
546.7047792389211
 31
0.0
  0
LINE
  5
87
330
1F
100
AcDbEntity
  8
VISIBLE
100
AcDbLine
 10
123.7290879338458
 20
566.7047792389211
 30
0.0
 11
143.7290879338458
 21
566.7047792389211
 31
0.0
  0
LINE
  5
88
330
1F
100
AcDbEntity
  8
VISIBLE
100
AcDbLine
 10
143.7290879338458
 20
566.7047792389211
 30
0.0
 11
143.7290879338458
 21
560.7047792389211
 31
0.0
  0
LINE
  5
89
330
1F
100
AcDbEntity
  8
VISIBLE
100
AcDbLine
 10
152.0790879338458
 20
560.7047792389211
 30
0.0
 11
143.7290879338458
 21
560.7047792389211
 31
0.0
  0
LINE
  5
8A
330
1F
100
AcDbEntity
  8
VISIBLE
100
AcDbLine
 10
152.0790879338458
 20
560.7047792389211
 30
0.0
 11
152.0790879338458
 21
554.3547792389211
 31
0.0
  0
LINE
  5
8B
330
1F
100
AcDbEntity
  8
VISIBLE
100
AcDbLine
 10
152.0790879338458
 20
554.3547792389211
 30
0.0
 11
150.8290879338458
 21
554.3547792389211
 31
0.0
  0
LINE
  5
8C
330
1F
100
AcDbEntity
  8
VISIBLE
100
AcDbLine
 10
150.8290879338458
 20
554.3547792389211
 30
0.0
 11
150.8290879338458
 21
551.654779238921
 31
0.0
  0
LINE
  5
8D
330
1F
100
AcDbEntity
  8
VISIBLE
100
AcDbLine
 10
152.0790879338458
 20
551.654779238921
 30
0.0
 11
150.8290879338458
 21
551.654779238921
 31
0.0
  0
LINE
  5
8E
330
1F
100
AcDbEntity
  8
VISIBLE
100
AcDbLine
 10
152.0790879338458
 20
551.654779238921
 30
0.0
 11
152.0790879338458
 21
550.529779238921
 31
0.0
  0
LINE
  5
8F
330
1F
100
AcDbEntity
  8
VISIBLE
100
AcDbLine
 10
155.3790879338459
 20
550.529779238921
 30
0.0
 11
152.0790879338458
 21
550.529779238921
 31
0.0
  0
LINE
  5
90
330
1F
100
AcDbEntity
  8
VISIBLE
100
AcDbLine
 10
155.3790879338459
 20
551.654779238921
 30
0.0
 11
155.3790879338459
 21
550.529779238921
 31
0.0
  0
LINE
  5
91
330
1F
100
AcDbEntity
  8
VISIBLE
100
AcDbLine
 10
156.6290879338459
 20
551.654779238921
 30
0.0
 11
155.3790879338459
 21
551.654779238921
 31
0.0
  0
LINE
  5
92
330
1F
100
AcDbEntity
  8
VISIBLE
100
AcDbLine
 10
156.6290879338459
 20
554.3547792389211
 30
0.0
 11
156.6290879338459
 21
551.654779238921
 31
0.0
  0
LINE
  5
93
330
1F
100
AcDbEntity
  8
VISIBLE
100
AcDbLine
 10
156.6290879338459
 20
554.3547792389211
 30
0.0
 11
155.3790879338459
 21
554.3547792389211
 31
0.0
  0
LINE
  5
94
330
1F
100
AcDbEntity
  8
VISIBLE
100
AcDbLine
 10
155.3790879338459
 20
560.7047792389211
 30
0.0
 11
155.3790879338459
 21
554.3547792389211
 31
0.0
  0
LINE
  5
95
330
1F
100
AcDbEntity
  8
VISIBLE
100
AcDbLine
 10
163.7290879338458
 20
560.7047792389211
 30
0.0
 11
155.3790879338459
 21
560.7047792389211
 31
0.0
  0
LINE
  5
96
330
1F
100
AcDbEntity
  8
VISIBLE
100
AcDbLine
 10
163.7290879338458
 20
566.7047792389211
 30
0.0
 11
163.7290879338458
 21
560.7047792389211
 31
0.0
  0
LINE
  5
97
330
1F
100
AcDbEntity
  8
VISIBLE
100
AcDbLine
 10
163.7290879338458
 20
566.7047792389211
 30
0.0
 11
183.7290879338458
 21
566.7047792389211
 31
0.0
  0
LINE
  5
98
330
1F
100
AcDbEntity
  8
VISIBLE
100
AcDbLine
 10
183.7290879338458
 20
566.7047792389211
 30
0.0
 11
183.7290879338458
 21
560.7047792389211
 31
0.0
  0
LINE
  5
99
330
1F
100
AcDbEntity
  8
VISIBLE
100
AcDbLine
 10
192.0790879338458
 20
560.7047792389211
 30
0.0
 11
183.7290879338458
 21
560.7047792389211
 31
0.0
  0
LINE
  5
9A
330
1F
100
AcDbEntity
  8
VISIBLE
100
AcDbLine
 10
192.0790879338458
 20
560.7047792389211
 30
0.0
 11
192.0790879338458
 21
554.3547792389211
 31
0.0
  0
LINE
  5
9B
330
1F
100
AcDbEntity
  8
VISIBLE
100
AcDbLine
 10
192.0790879338458
 20
554.3547792389211
 30
0.0
 11
190.8290879338458
 21
554.3547792389211
 31
0.0
  0
LINE
  5
9C
330
1F
100
AcDbEntity
  8
VISIBLE
100
AcDbLine
 10
190.8290879338458
 20
554.3547792389211
 30
0.0
 11
190.8290879338458
 21
551.654779238921
 31
0.0
  0
LINE
  5
9D
330
1F
100
AcDbEntity
  8
VISIBLE
100
AcDbLine
 10
192.0790879338458
 20
551.654779238921
 30
0.0
 11
190.8290879338458
 21
551.654779238921
 31
0.0
  0
LINE
  5
9E
330
1F
100
AcDbEntity
  8
VISIBLE
100
AcDbLine
 10
192.0790879338458
 20
551.654779238921
 30
0.0
 11
192.0790879338458
 21
550.529779238921
 31
0.0
  0
LINE
  5
9F
330
1F
100
AcDbEntity
  8
VISIBLE
100
AcDbLine
 10
195.3790879338458
 20
550.529779238921
 30
0.0
 11
192.0790879338458
 21
550.529779238921
 31
0.0
  0
LINE
  5
A0
330
1F
100
AcDbEntity
  8
VISIBLE
100
AcDbLine
 10
195.3790879338458
 20
551.654779238921
 30
0.0
 11
195.3790879338458
 21
550.529779238921
 31
0.0
  0
LINE
  5
A1
330
1F
100
AcDbEntity
  8
VISIBLE
100
AcDbLine
 10
196.6290879338459
 20
551.654779238921
 30
0.0
 11
195.3790879338458
 21
551.654779238921
 31
0.0
  0
LINE
  5
A2
330
1F
100
AcDbEntity
  8
VISIBLE
100
AcDbLine
 10
196.6290879338459
 20
554.3547792389211
 30
0.0
 11
196.6290879338459
 21
551.654779238921
 31
0.0
  0
LINE
  5
A3
330
1F
100
AcDbEntity
  8
VISIBLE
100
AcDbLine
 10
196.6290879338459
 20
554.3547792389211
 30
0.0
 11
195.3790879338458
 21
554.3547792389211
 31
0.0
  0
LINE
  5
A4
330
1F
100
AcDbEntity
  8
VISIBLE
100
AcDbLine
 10
195.3790879338458
 20
560.7047792389211
 30
0.0
 11
195.3790879338458
 21
554.3547792389211
 31
0.0
  0
LINE
  5
A5
330
1F
100
AcDbEntity
  8
VISIBLE
100
AcDbLine
 10
203.7290879338458
 20
560.7047792389211
 30
0.0
 11
195.3790879338458
 21
560.7047792389211
 31
0.0
  0
LINE
  5
A6
330
1F
100
AcDbEntity
  8
VISIBLE
100
AcDbLine
 10
203.7290879338458
 20
566.7047792389211
 30
0.0
 11
203.7290879338458
 21
560.7047792389211
 31
0.0
  0
LINE
  5
A7
330
1F
100
AcDbEntity
  8
VISIBLE
100
AcDbLine
 10
203.7290879338458
 20
566.7047792389211
 30
0.0
 11
223.7290879338458
 21
566.7047792389211
 31
0.0
  0
LINE
  5
A8
330
1F
100
AcDbEntity
  8
VISIBLE
100
AcDbLine
 10
223.7290879338458
 20
566.7047792389211
 30
0.0
 11
223.7290879338458
 21
546.7047792389211
 31
0.0
  0
LINE
  5
A9
330
1F
100
AcDbEntity
  8
VISIBLE
100
AcDbLine
 10
223.7290879338458
 20
546.7047792389211
 30
0.0
 11
217.7290879338458
 21
546.7047792389211
 31
0.0
  0
LINE
  5
AA
330
1F
100
AcDbEntity
  8
VISIBLE
100
AcDbLine
 10
217.7290879338458
 20
526.704779238921
 30
0.0
 11
217.7290879338458
 21
546.7047792389211
 31
0.0
  0
LINE
  5
AB
330
1F
100
AcDbEntity
  8
VISIBLE
100
AcDbLine
 10
223.7290879338458
 20
526.704779238921
 30
0.0
 11
217.7290879338458
 21
526.704779238921
 31
0.0
  0
LINE
  5
AC
330
1F
100
AcDbEntity
  8
VISIBLE
100
AcDbLine
 10
223.7290879338458
 20
526.704779238921
 30
0.0
 11
223.7290879338458
 21
506.704779238921
 31
0.0
  0
LINE
  5
AD
330
1F
100
AcDbEntity
  8
VISIBLE
100
AcDbLine
 10
223.7290879338458
 20
506.704779238921
 30
0.0
 11
217.7290879338458
 21
506.704779238921
 31
0.0
  0
LINE
  5
AE
330
1F
100
AcDbEntity
  8
VISIBLE
100
AcDbLine
 10
217.7290879338458
 20
486.7047792389211
 30
0.0
 11
217.7290879338458
 21
506.704779238921
 31
0.0
  0
LINE
  5
AF
330
1F
100
AcDbEntity
  8
VISIBLE
100
AcDbLine
 10
223.7290879338458
 20
486.7047792389211
 30
0.0
 11
217.7290879338458
 21
486.7047792389211
 31
0.0
  0
LINE
  5
B0
330
1F
100
AcDbEntity
  8
VISIBLE
100
AcDbLine
 10
204.7290879338458
 20
466.704779238921
 30
0.0
 11
223.7290879338458
 21
466.704779238921
 31
0.0
  0
LINE
  5
B1
330
1F
100
AcDbEntity
  8
VISIBLE
100
AcDbLine
 10
204.7290879338458
 20
466.704779238921
 30
0.0
 11
204.7290879338458
 21
485.9547792389211
 31
0.0
  0
LINE
  5
B2
330
1F
100
AcDbEntity
  8
VISIBLE
100
AcDbLine
 10
204.7290879338458
 20
524.4547792389211
 30
0.0
 11
198.7290879338458
 21
524.4547792389211
 31
0.0
  0
LINE
  5
B3
330
1F
100
AcDbEntity
  8
VISIBLE
100
AcDbLine
 10
198.7290879338458
 20
505.2047792389211
 30
0.0
 11
198.7290879338458
 21
524.4547792389211
 31
0.0
  0
LINE
  5
B4
330
1F
100
AcDbEntity
  8
VISIBLE
100
AcDbLine
 10
204.7290879338458
 20
505.2047792389211
 30
0.0
 11
198.7290879338458
 21
505.2047792389211
 31
0.0
  0
LINE
  5
B5
330
1F
100
AcDbEntity
  8
VISIBLE
100
AcDbLine
 10
204.7290879338458
 20
505.2047792389211
 30
0.0
 11
204.7290879338458
 21
524.4547792389211
 31
0.0
  0
CIRCLE
  5
B6
330
1F
100
AcDbEntity
  8
VISIBLE
100
AcDbCircle
 10
126.7290879338458
 20
516.7047792389211
 30
0.0
 40
1.649999999999999
  0
CIRCLE
  5
B7
330
1F
100
AcDbEntity
  8
VISIBLE
100
AcDbCircle
 10
220.7290879338458
 20
516.7047792389211
 30
0.0
 40
1.649999999999999
  0
CIRCLE
  5
B8
330
1F
100
AcDbEntity
  8
VISIBLE
100
AcDbCircle
 10
173.7290879338458
 20
469.704779238921
 30
0.0
 40
1.65
  0
CIRCLE
  5
B9
330
1F
100
AcDbEntity
  8
VISIBLE
100
AcDbCircle
 10
173.7290879338458
 20
486.7047792389211
 30
0.0
 40
5.0
  0
LINE
  5
BA
330
1F
100
AcDbEntity
  8
VISIBLE
100
AcDbLine
 10
144.3957546005125
 20
507.704779238921
 30
0.0
 11
144.3957546005125
 21
513.7047792389211
 31
0.0
  0
LINE
  5
BB
330
1F
100
AcDbEntity
  8
VISIBLE
100
AcDbLine
 10
134.0624212671792
 20
513.7047792389211
 30
0.0
 11
144.3957546005125
 21
513.7047792389211
 31
0.0
  0
LINE
  5
BC
330
1F
100
AcDbEntity
  8
VISIBLE
100
AcDbLine
 10
134.0624212671792
 20
507.704779238921
 30
0.0
 11
134.0624212671792
 21
513.7047792389211
 31
0.0
  0
LINE
  5
BD
330
1F
100
AcDbEntity
  8
VISIBLE
100
AcDbLine
 10
134.0624212671792
 20
507.704779238921
 30
0.0
 11
144.3957546005125
 21
507.704779238921
 31
0.0
  0
LINE
  5
BE
330
1F
100
AcDbEntity
  8
VISIBLE
100
AcDbLine
 10
223.7290879338458
 20
486.7047792389211
 30
0.0
 11
223.7290879338458
 21
466.704779238921
 31
0.0
  0
LINE
  5
BF
330
1F
100
AcDbEntity
  8
VISIBLE
100
AcDbLine
 10
37.9699604361728
 20
431.9708884374854
 30
0.0
 11
24.9699604361728
 21
431.9708884374854
 31
0.0
  0
LINE
  5
C0
330
1F
100
AcDbEntity
  8
VISIBLE
100
AcDbLine
 10
24.9699604361728
 20
431.9708884374854
 30
0.0
 11
24.9699604361728
 21
445.7208884374854
 31
0.0
  0
LINE
  5
C1
330
1F
100
AcDbEntity
  8
VISIBLE
100
AcDbLine
 10
31.31996043617278
 20
445.7208884374854
 30
0.0
 11
24.9699604361728
 21
445.7208884374854
 31
0.0
  0
LINE
  5
C2
330
1F
100
AcDbEntity
  8
VISIBLE
100
AcDbLine
 10
31.31996043617278
 20
445.7208884374854
 30
0.0
 11
31.31996043617278
 21
444.4708884374853
 31
0.0
  0
LINE
  5
C3
330
1F
100
AcDbEntity
  8
VISIBLE
100
AcDbLine
 10
34.01996043617279
 20
444.4708884374853
 30
0.0
 11
31.31996043617278
 21
444.4708884374853
 31
0.0
  0
LINE
  5
C4
330
1F
100
AcDbEntity
  8
VISIBLE
100
AcDbLine
 10
34.01996043617279
 20
445.7208884374854
 30
0.0
 11
34.01996043617279
 21
444.4708884374853
 31
0.0
  0
LINE
  5
C5
330
1F
100
AcDbEntity
  8
VISIBLE
100
AcDbLine
 10
35.14496043617279
 20
445.7208884374854
 30
0.0
 11
34.01996043617279
 21
445.7208884374854
 31
0.0
  0
LINE
  5
C6
330
1F
100
AcDbEntity
  8
VISIBLE
100
AcDbLine
 10
35.14496043617279
 20
449.0208884374854
 30
0.0
 11
35.14496043617279
 21
445.7208884374854
 31
0.0
  0
LINE
  5
C7
330
1F
100
AcDbEntity
  8
VISIBLE
100
AcDbLine
 10
35.14496043617279
 20
449.0208884374854
 30
0.0
 11
34.01996043617279
 21
449.0208884374854
 31
0.0
  0
LINE
  5
C8
330
1F
100
AcDbEntity
  8
VISIBLE
100
AcDbLine
 10
34.01996043617279
 20
450.2708884374854
 30
0.0
 11
34.01996043617279
 21
449.0208884374854
 31
0.0
  0
LINE
  5
C9
330
1F
100
AcDbEntity
  8
VISIBLE
100
AcDbLine
 10
34.01996043617279
 20
450.2708884374854
 30
0.0
 11
31.31996043617278
 21
450.2708884374854
 31
0.0
  0
LINE
  5
CA
330
1F
100
AcDbEntity
  8
VISIBLE
100
AcDbLine
 10
31.31996043617278
 20
450.2708884374854
 30
0.0
 11
31.31996043617278
 21
449.0208884374854
 31
0.0
  0
LINE
  5
CB
330
1F
100
AcDbEntity
  8
VISIBLE
100
AcDbLine
 10
31.31996043617278
 20
449.0208884374854
 30
0.0
 11
24.9699604361728
 21
449.0208884374854
 31
0.0
  0
LINE
  5
CC
330
1F
100
AcDbEntity
  8
VISIBLE
100
AcDbLine
 10
24.9699604361728
 20
449.0208884374854
 30
0.0
 11
24.9699604361728
 21
462.7708884374854
 31
0.0
  0
LINE
  5
CD
330
1F
100
AcDbEntity
  8
VISIBLE
100
AcDbLine
 10
24.9699604361728
 20
462.7708884374854
 30
0.0
 11
18.96996043617277
 21
462.7708884374854
 31
0.0
  0
LINE
  5
CE
330
1F
100
AcDbEntity
  8
VISIBLE
100
AcDbLine
 10
18.96996043617276
 20
493.5708884374853
 30
0.0
 11
18.96996043617277
 21
462.7708884374854
 31
0.0
  0
LINE
  5
CF
330
1F
100
AcDbEntity
  8
VISIBLE
100
AcDbLine
 10
24.96996043617278
 20
493.5708884374853
 30
0.0
 11
18.96996043617276
 21
493.5708884374853
 31
0.0
  0
LINE
  5
D0
330
1F
100
AcDbEntity
  8
VISIBLE
100
AcDbLine
 10
24.96996043617278
 20
493.5708884374853
 30
0.0
 11
24.96996043617278
 21
507.3208884374854
 31
0.0
  0
LINE
  5
D1
330
1F
100
AcDbEntity
  8
VISIBLE
100
AcDbLine
 10
31.31996043617278
 20
507.3208884374854
 30
0.0
 11
24.96996043617278
 21
507.3208884374854
 31
0.0
  0
LINE
  5
D2
330
1F
100
AcDbEntity
  8
VISIBLE
100
AcDbLine
 10
31.31996043617278
 20
507.3208884374854
 30
0.0
 11
31.31996043617278
 21
506.0708884374853
 31
0.0
  0
LINE
  5
D3
330
1F
100
AcDbEntity
  8
VISIBLE
100
AcDbLine
 10
34.01996043617279
 20
506.0708884374853
 30
0.0
 11
31.31996043617278
 21
506.0708884374853
 31
0.0
  0
LINE
  5
D4
330
1F
100
AcDbEntity
  8
VISIBLE
100
AcDbLine
 10
34.01996043617279
 20
507.3208884374854
 30
0.0
 11
34.01996043617279
 21
506.0708884374853
 31
0.0
  0
LINE
  5
D5
330
1F
100
AcDbEntity
  8
VISIBLE
100
AcDbLine
 10
35.14496043617277
 20
507.3208884374854
 30
0.0
 11
34.01996043617279
 21
507.3208884374854
 31
0.0
  0
LINE
  5
D6
330
1F
100
AcDbEntity
  8
VISIBLE
100
AcDbLine
 10
35.14496043617277
 20
510.6208884374854
 30
0.0
 11
35.14496043617277
 21
507.3208884374854
 31
0.0
  0
LINE
  5
D7
330
1F
100
AcDbEntity
  8
VISIBLE
100
AcDbLine
 10
35.14496043617277
 20
510.6208884374854
 30
0.0
 11
34.01996043617279
 21
510.6208884374854
 31
0.0
  0
LINE
  5
D8
330
1F
100
AcDbEntity
  8
VISIBLE
100
AcDbLine
 10
34.01996043617279
 20
511.8708884374854
 30
0.0
 11
34.01996043617279
 21
510.6208884374854
 31
0.0
  0
LINE
  5
D9
330
1F
100
AcDbEntity
  8
VISIBLE
100
AcDbLine
 10
34.01996043617279
 20
511.8708884374854
 30
0.0
 11
31.31996043617278
 21
511.8708884374854
 31
0.0
  0
LINE
  5
DA
330
1F
100
AcDbEntity
  8
VISIBLE
100
AcDbLine
 10
31.31996043617278
 20
511.8708884374854
 30
0.0
 11
31.31996043617278
 21
510.6208884374854
 31
0.0
  0
LINE
  5
DB
330
1F
100
AcDbEntity
  8
VISIBLE
100
AcDbLine
 10
31.31996043617278
 20
510.6208884374854
 30
0.0
 11
24.96996043617278
 21
510.6208884374854
 31
0.0
  0
LINE
  5
DC
330
1F
100
AcDbEntity
  8
VISIBLE
100
AcDbLine
 10
24.96996043617278
 20
510.6208884374854
 30
0.0
 11
24.96996043617278
 21
524.3708884374854
 31
0.0
  0
LINE
  5
DD
330
1F
100
AcDbEntity
  8
VISIBLE
100
AcDbLine
 10
24.96996043617278
 20
524.3708884374854
 30
0.0
 11
18.96996043617276
 21
524.3708884374854
 31
0.0
  0
LINE
  5
DE
330
1F
100
AcDbEntity
  8
VISIBLE
100
AcDbLine
 10
18.96996043617276
 20
555.1708884374854
 30
0.0
 11
18.96996043617276
 21
524.3708884374854
 31
0.0
  0
LINE
  5
DF
330
1F
100
AcDbEntity
  8
VISIBLE
100
AcDbLine
 10
24.96996043617278
 20
555.1708884374854
 30
0.0
 11
18.96996043617276
 21
555.1708884374854
 31
0.0
  0
LINE
  5
E0
330
1F
100
AcDbEntity
  8
VISIBLE
100
AcDbLine
 10
24.96996043617278
 20
555.1708884374854
 30
0.0
 11
24.96996043617278
 21
579.9708884374854
 31
0.0
  0
LINE
  5
E1
330
1F
100
AcDbEntity
  8
VISIBLE
100
AcDbLine
 10
24.96996043617278
 20
579.9708884374854
 30
0.0
 11
32.11996043617279
 21
579.9708884374854
 31
0.0
  0
LINE
  5
E2
330
1F
100
AcDbEntity
  8
VISIBLE
100
AcDbLine
 10
32.11996043617279
 20
573.6208884374854
 30
0.0
 11
32.11996043617279
 21
579.9708884374854
 31
0.0
  0
LINE
  5
E3
330
1F
100
AcDbEntity
  8
VISIBLE
100
AcDbLine
 10
32.11996043617279
 20
573.6208884374854
 30
0.0
 11
30.86996043617279
 21
573.6208884374854
 31
0.0
  0
LINE
  5
E4
330
1F
100
AcDbEntity
  8
VISIBLE
100
AcDbLine
 10
30.86996043617279
 20
570.9208884374854
 30
0.0
 11
30.86996043617279
 21
573.6208884374854
 31
0.0
  0
LINE
  5
E5
330
1F
100
AcDbEntity
  8
VISIBLE
100
AcDbLine
 10
32.11996043617279
 20
570.9208884374854
 30
0.0
 11
30.86996043617279
 21
570.9208884374854
 31
0.0
  0
LINE
  5
E6
330
1F
100
AcDbEntity
  8
VISIBLE
100
AcDbLine
 10
32.11996043617279
 20
569.7958884374854
 30
0.0
 11
32.11996043617279
 21
570.9208884374854
 31
0.0
  0
LINE
  5
E7
330
1F
100
AcDbEntity
  8
VISIBLE
100
AcDbLine
 10
35.41996043617279
 20
569.7958884374854
 30
0.0
 11
32.11996043617279
 21
569.7958884374854
 31
0.0
  0
LINE
  5
E8
330
1F
100
AcDbEntity
  8
VISIBLE
100
AcDbLine
 10
35.41996043617279
 20
569.7958884374854
 30
0.0
 11
35.41996043617279
 21
570.9208884374854
 31
0.0
  0
LINE
  5
E9
330
1F
100
AcDbEntity
  8
VISIBLE
100
AcDbLine
 10
36.66996043617279
 20
570.9208884374854
 30
0.0
 11
35.41996043617279
 21
570.9208884374854
 31
0.0
  0
LINE
  5
EA
330
1F
100
AcDbEntity
  8
VISIBLE
100
AcDbLine
 10
36.66996043617279
 20
570.9208884374854
 30
0.0
 11
36.66996043617279
 21
573.6208884374854
 31
0.0
  0
LINE
  5
EB
330
1F
100
AcDbEntity
  8
VISIBLE
100
AcDbLine
 10
36.66996043617279
 20
573.6208884374854
 30
0.0
 11
35.41996043617279
 21
573.6208884374854
 31
0.0
  0
LINE
  5
EC
330
1F
100
AcDbEntity
  8
VISIBLE
100
AcDbLine
 10
35.41996043617279
 20
573.6208884374854
 30
0.0
 11
35.41996043617279
 21
579.9708884374854
 31
0.0
  0
LINE
  5
ED
330
1F
100
AcDbEntity
  8
VISIBLE
100
AcDbLine
 10
35.41996043617279
 20
579.9708884374854
 30
0.0
 11
42.56996043617279
 21
579.9708884374854
 31
0.0
  0
LINE
  5
EE
330
1F
100
AcDbEntity
  8
VISIBLE
100
AcDbLine
 10
42.56996043617279
 20
579.9708884374854
 30
0.0
 11
42.56996043617279
 21
585.9708884374854
 31
0.0
  0
LINE
  5
EF
330
1F
100
AcDbEntity
  8
VISIBLE
100
AcDbLine
 10
60.16996043617278
 20
585.9708884374854
 30
0.0
 11
42.56996043617279
 21
585.9708884374854
 31
0.0
  0
LINE
  5
F0
330
1F
100
AcDbEntity
  8
VISIBLE
100
AcDbLine
 10
60.16996043617278
 20
579.9708884374854
 30
0.0
 11
60.16996043617278
 21
585.9708884374854
 31
0.0
  0
LINE
  5
F1
330
1F
100
AcDbEntity
  8
VISIBLE
100
AcDbLine
 10
60.16996043617278
 20
579.9708884374854
 30
0.0
 11
67.31996043617278
 21
579.9708884374854
 31
0.0
  0
LINE
  5
F2
330
1F
100
AcDbEntity
  8
VISIBLE
100
AcDbLine
 10
67.31996043617278
 20
573.6208884374854
 30
0.0
 11
67.31996043617278
 21
579.9708884374854
 31
0.0
  0
LINE
  5
F3
330
1F
100
AcDbEntity
  8
VISIBLE
100
AcDbLine
 10
67.31996043617278
 20
573.6208884374854
 30
0.0
 11
66.06996043617278
 21
573.6208884374854
 31
0.0
  0
LINE
  5
F4
330
1F
100
AcDbEntity
  8
VISIBLE
100
AcDbLine
 10
66.06996043617278
 20
570.9208884374854
 30
0.0
 11
66.06996043617278
 21
573.6208884374854
 31
0.0
  0
LINE
  5
F5
330
1F
100
AcDbEntity
  8
VISIBLE
100
AcDbLine
 10
67.31996043617278
 20
570.9208884374854
 30
0.0
 11
66.06996043617278
 21
570.9208884374854
 31
0.0
  0
LINE
  5
F6
330
1F
100
AcDbEntity
  8
VISIBLE
100
AcDbLine
 10
67.31996043617278
 20
569.7958884374854
 30
0.0
 11
67.31996043617278
 21
570.9208884374854
 31
0.0
  0
LINE
  5
F7
330
1F
100
AcDbEntity
  8
VISIBLE
100
AcDbLine
 10
70.61996043617278
 20
569.7958884374854
 30
0.0
 11
67.31996043617278
 21
569.7958884374854
 31
0.0
  0
LINE
  5
F8
330
1F
100
AcDbEntity
  8
VISIBLE
100
AcDbLine
 10
70.61996043617278
 20
569.7958884374854
 30
0.0
 11
70.61996043617278
 21
570.9208884374854
 31
0.0
  0
LINE
  5
F9
330
1F
100
AcDbEntity
  8
VISIBLE
100
AcDbLine
 10
71.86996043617278
 20
570.9208884374854
 30
0.0
 11
70.61996043617278
 21
570.9208884374854
 31
0.0
  0
LINE
  5
FA
330
1F
100
AcDbEntity
  8
VISIBLE
100
AcDbLine
 10
71.86996043617278
 20
570.9208884374854
 30
0.0
 11
71.86996043617278
 21
573.6208884374854
 31
0.0
  0
LINE
  5
FB
330
1F
100
AcDbEntity
  8
VISIBLE
100
AcDbLine
 10
71.86996043617278
 20
573.6208884374854
 30
0.0
 11
70.61996043617278
 21
573.6208884374854
 31
0.0
  0
LINE
  5
FC
330
1F
100
AcDbEntity
  8
VISIBLE
100
AcDbLine
 10
70.61996043617278
 20
573.6208884374854
 30
0.0
 11
70.61996043617278
 21
579.9708884374854
 31
0.0
  0
LINE
  5
FD
330
1F
100
AcDbEntity
  8
VISIBLE
100
AcDbLine
 10
70.61996043617278
 20
579.9708884374854
 30
0.0
 11
77.76996043617278
 21
579.9708884374854
 31
0.0
  0
LINE
  5
FE
330
1F
100
AcDbEntity
  8
VISIBLE
100
AcDbLine
 10
77.76996043617278
 20
579.9708884374854
 30
0.0
 11
77.76996043617278
 21
585.9708884374854
 31
0.0
  0
LINE
  5
FF
330
1F
100
AcDbEntity
  8
VISIBLE
100
AcDbLine
 10
95.36996043617278
 20
585.9708884374854
 30
0.0
 11
77.76996043617278
 21
585.9708884374854
 31
0.0
  0
LINE
  5
100
330
1F
100
AcDbEntity
  8
VISIBLE
100
AcDbLine
 10
95.36996043617278
 20
579.9708884374854
 30
0.0
 11
95.36996043617278
 21
585.9708884374854
 31
0.0
  0
LINE
  5
101
330
1F
100
AcDbEntity
  8
VISIBLE
100
AcDbLine
 10
95.36996043617278
 20
579.9708884374854
 30
0.0
 11
102.5199604361728
 21
579.9708884374854
 31
0.0
  0
LINE
  5
102
330
1F
100
AcDbEntity
  8
VISIBLE
100
AcDbLine
 10
102.5199604361728
 20
573.6208884374854
 30
0.0
 11
102.5199604361728
 21
579.9708884374854
 31
0.0
  0
LINE
  5
103
330
1F
100
AcDbEntity
  8
VISIBLE
100
AcDbLine
 10
102.5199604361728
 20
573.6208884374854
 30
0.0
 11
101.2699604361728
 21
573.6208884374854
 31
0.0
  0
LINE
  5
104
330
1F
100
AcDbEntity
  8
VISIBLE
100
AcDbLine
 10
101.2699604361728
 20
570.9208884374854
 30
0.0
 11
101.2699604361728
 21
573.6208884374854
 31
0.0
  0
LINE
  5
105
330
1F
100
AcDbEntity
  8
VISIBLE
100
AcDbLine
 10
102.5199604361728
 20
570.9208884374854
 30
0.0
 11
101.2699604361728
 21
570.9208884374854
 31
0.0
  0
LINE
  5
106
330
1F
100
AcDbEntity
  8
VISIBLE
100
AcDbLine
 10
102.5199604361728
 20
569.7958884374854
 30
0.0
 11
102.5199604361728
 21
570.9208884374854
 31
0.0
  0
LINE
  5
107
330
1F
100
AcDbEntity
  8
VISIBLE
100
AcDbLine
 10
105.8199604361728
 20
569.7958884374854
 30
0.0
 11
102.5199604361728
 21
569.7958884374854
 31
0.0
  0
LINE
  5
108
330
1F
100
AcDbEntity
  8
VISIBLE
100
AcDbLine
 10
105.8199604361728
 20
569.7958884374854
 30
0.0
 11
105.8199604361728
 21
570.9208884374854
 31
0.0
  0
LINE
  5
109
330
1F
100
AcDbEntity
  8
VISIBLE
100
AcDbLine
 10
107.0699604361728
 20
570.9208884374854
 30
0.0
 11
105.8199604361728
 21
570.9208884374854
 31
0.0
  0
LINE
  5
10A
330
1F
100
AcDbEntity
  8
VISIBLE
100
AcDbLine
 10
107.0699604361728
 20
570.9208884374854
 30
0.0
 11
107.0699604361728
 21
573.6208884374854
 31
0.0
  0
LINE
  5
10B
330
1F
100
AcDbEntity
  8
VISIBLE
100
AcDbLine
 10
107.0699604361728
 20
573.6208884374854
 30
0.0
 11
105.8199604361728
 21
573.6208884374854
 31
0.0
  0
LINE
  5
10C
330
1F
100
AcDbEntity
  8
VISIBLE
100
AcDbLine
 10
105.8199604361728
 20
573.6208884374854
 30
0.0
 11
105.8199604361728
 21
579.9708884374854
 31
0.0
  0
LINE
  5
10D
330
1F
100
AcDbEntity
  8
VISIBLE
100
AcDbLine
 10
105.8199604361728
 20
579.9708884374854
 30
0.0
 11
112.9699604361728
 21
579.9708884374854
 31
0.0
  0
LINE
  5
10E
330
1F
100
AcDbEntity
  8
VISIBLE
100
AcDbLine
 10
112.9699604361728
 20
579.9708884374854
 30
0.0
 11
112.9699604361728
 21
555.1708884374854
 31
0.0
  0
LINE
  5
10F
330
1F
100
AcDbEntity
  8
VISIBLE
100
AcDbLine
 10
112.9699604361728
 20
555.1708884374854
 30
0.0
 11
118.9699604361728
 21
555.1708884374854
 31
0.0
  0
LINE
  5
110
330
1F
100
AcDbEntity
  8
VISIBLE
100
AcDbLine
 10
118.9699604361728
 20
555.1708884374854
 30
0.0
 11
118.9699604361728
 21
524.3708884374854
 31
0.0
  0
LINE
  5
111
330
1F
100
AcDbEntity
  8
VISIBLE
100
AcDbLine
 10
112.9699604361728
 20
524.3708884374854
 30
0.0
 11
118.9699604361728
 21
524.3708884374854
 31
0.0
  0
LINE
  5
112
330
1F
100
AcDbEntity
  8
VISIBLE
100
AcDbLine
 10
112.9699604361728
 20
524.3708884374854
 30
0.0
 11
112.9699604361728
 21
510.6208884374854
 31
0.0
  0
LINE
  5
113
330
1F
100
AcDbEntity
  8
VISIBLE
100
AcDbLine
 10
106.6199604361728
 20
510.6208884374854
 30
0.0
 11
112.9699604361728
 21
510.6208884374854
 31
0.0
  0
LINE
  5
114
330
1F
100
AcDbEntity
  8
VISIBLE
100
AcDbLine
 10
106.6199604361728
 20
510.6208884374854
 30
0.0
 11
106.6199604361728
 21
511.8708884374854
 31
0.0
  0
LINE
  5
115
330
1F
100
AcDbEntity
  8
VISIBLE
100
AcDbLine
 10
103.9199604361728
 20
511.8708884374854
 30
0.0
 11
106.6199604361728
 21
511.8708884374854
 31
0.0
  0
LINE
  5
116
330
1F
100
AcDbEntity
  8
VISIBLE
100
AcDbLine
 10
103.9199604361728
 20
510.6208884374854
 30
0.0
 11
103.9199604361728
 21
511.8708884374854
 31
0.0
  0
LINE
  5
117
330
1F
100
AcDbEntity
  8
VISIBLE
100
AcDbLine
 10
102.7949604361728
 20
510.6208884374854
 30
0.0
 11
103.9199604361728
 21
510.6208884374854
 31
0.0
  0
LINE
  5
118
330
1F
100
AcDbEntity
  8
VISIBLE
100
AcDbLine
 10
102.7949604361728
 20
507.3208884374854
 30
0.0
 11
102.7949604361728
 21
510.6208884374854
 31
0.0
  0
LINE
  5
119
330
1F
100
AcDbEntity
  8
VISIBLE
100
AcDbLine
 10
102.7949604361728
 20
507.3208884374854
 30
0.0
 11
103.9199604361728
 21
507.3208884374854
 31
0.0
  0
LINE
  5
11A
330
1F
100
AcDbEntity
  8
VISIBLE
100
AcDbLine
 10
103.9199604361728
 20
506.0708884374853
 30
0.0
 11
103.9199604361728
 21
507.3208884374854
 31
0.0
  0
LINE
  5
11B
330
1F
100
AcDbEntity
  8
VISIBLE
100
AcDbLine
 10
103.9199604361728
 20
506.0708884374853
 30
0.0
 11
106.6199604361728
 21
506.0708884374853
 31
0.0
  0
LINE
  5
11C
330
1F
100
AcDbEntity
  8
VISIBLE
100
AcDbLine
 10
106.6199604361728
 20
506.0708884374853
 30
0.0
 11
106.6199604361728
 21
507.3208884374854
 31
0.0
  0
LINE
  5
11D
330
1F
100
AcDbEntity
  8
VISIBLE
100
AcDbLine
 10
106.6199604361728
 20
507.3208884374854
 30
0.0
 11
112.9699604361728
 21
507.3208884374854
 31
0.0
  0
LINE
  5
11E
330
1F
100
AcDbEntity
  8
VISIBLE
100
AcDbLine
 10
112.9699604361728
 20
507.3208884374854
 30
0.0
 11
112.9699604361728
 21
493.5708884374853
 31
0.0
  0
LINE
  5
11F
330
1F
100
AcDbEntity
  8
VISIBLE
100
AcDbLine
 10
112.9699604361728
 20
493.5708884374853
 30
0.0
 11
118.9699604361728
 21
493.5708884374853
 31
0.0
  0
LINE
  5
120
330
1F
100
AcDbEntity
  8
VISIBLE
100
AcDbLine
 10
118.9699604361728
 20
493.5708884374853
 30
0.0
 11
118.9699604361728
 21
462.7708884374854
 31
0.0
  0
LINE
  5
121
330
1F
100
AcDbEntity
  8
VISIBLE
100
AcDbLine
 10
112.9699604361728
 20
462.7708884374854
 30
0.0
 11
118.9699604361728
 21
462.7708884374854
 31
0.0
  0
LINE
  5
122
330
1F
100
AcDbEntity
  8
VISIBLE
100
AcDbLine
 10
112.9699604361728
 20
462.7708884374854
 30
0.0
 11
112.9699604361728
 21
449.0208884374854
 31
0.0
  0
LINE
  5
123
330
1F
100
AcDbEntity
  8
VISIBLE
100
AcDbLine
 10
106.6199604361728
 20
449.0208884374854
 30
0.0
 11
112.9699604361728
 21
449.0208884374854
 31
0.0
  0
LINE
  5
124
330
1F
100
AcDbEntity
  8
VISIBLE
100
AcDbLine
 10
106.6199604361728
 20
449.0208884374854
 30
0.0
 11
106.6199604361728
 21
450.2708884374854
 31
0.0
  0
LINE
  5
125
330
1F
100
AcDbEntity
  8
VISIBLE
100
AcDbLine
 10
103.9199604361728
 20
450.2708884374854
 30
0.0
 11
106.6199604361728
 21
450.2708884374854
 31
0.0
  0
LINE
  5
126
330
1F
100
AcDbEntity
  8
VISIBLE
100
AcDbLine
 10
103.9199604361728
 20
449.0208884374854
 30
0.0
 11
103.9199604361728
 21
450.2708884374854
 31
0.0
  0
LINE
  5
127
330
1F
100
AcDbEntity
  8
VISIBLE
100
AcDbLine
 10
102.7949604361728
 20
449.0208884374854
 30
0.0
 11
103.9199604361728
 21
449.0208884374854
 31
0.0
  0
LINE
  5
128
330
1F
100
AcDbEntity
  8
VISIBLE
100
AcDbLine
 10
102.7949604361728
 20
445.7208884374854
 30
0.0
 11
102.7949604361728
 21
449.0208884374854
 31
0.0
  0
LINE
  5
129
330
1F
100
AcDbEntity
  8
VISIBLE
100
AcDbLine
 10
102.7949604361728
 20
445.7208884374854
 30
0.0
 11
103.9199604361728
 21
445.7208884374854
 31
0.0
  0
LINE
  5
12A
330
1F
100
AcDbEntity
  8
VISIBLE
100
AcDbLine
 10
103.9199604361728
 20
444.4708884374854
 30
0.0
 11
103.9199604361728
 21
445.7208884374854
 31
0.0
  0
LINE
  5
12B
330
1F
100
AcDbEntity
  8
VISIBLE
100
AcDbLine
 10
103.9199604361728
 20
444.4708884374854
 30
0.0
 11
106.6199604361728
 21
444.4708884374854
 31
0.0
  0
LINE
  5
12C
330
1F
100
AcDbEntity
  8
VISIBLE
100
AcDbLine
 10
106.6199604361728
 20
444.4708884374854
 30
0.0
 11
106.6199604361728
 21
445.7208884374854
 31
0.0
  0
LINE
  5
12D
330
1F
100
AcDbEntity
  8
VISIBLE
100
AcDbLine
 10
106.6199604361728
 20
445.7208884374854
 30
0.0
 11
112.9699604361728
 21
445.7208884374854
 31
0.0
  0
LINE
  5
12E
330
1F
100
AcDbEntity
  8
VISIBLE
100
AcDbLine
 10
112.9699604361728
 20
445.7208884374854
 30
0.0
 11
112.9699604361728
 21
431.9708884374854
 31
0.0
  0
LINE
  5
12F
330
1F
100
AcDbEntity
  8
VISIBLE
100
AcDbLine
 10
112.9699604361728
 20
431.9708884374854
 30
0.0
 11
98.96996043617278
 21
431.9708884374854
 31
0.0
  0
LINE
  5
130
330
1F
100
AcDbEntity
  8
VISIBLE
100
AcDbLine
 10
98.96996043617278
 20
425.9708884374854
 30
0.0
 11
78.96996043617278
 21
425.9708884374854
 31
0.0
  0
LINE
  5
131
330
1F
100
AcDbEntity
  8
VISIBLE
100
AcDbLine
 10
78.96996043617278
 20
431.9708884374854
 30
0.0
 11
78.96996043617278
 21
425.9708884374854
 31
0.0
  0
LINE
  5
132
330
1F
100
AcDbEntity
  8
VISIBLE
100
AcDbLine
 10
78.96996043617278
 20
431.9708884374854
 30
0.0
 11
70.61996043617278
 21
431.9708884374854
 31
0.0
  0
LINE
  5
133
330
1F
100
AcDbEntity
  8
VISIBLE
100
AcDbLine
 10
70.61996043617278
 20
438.3208884374853
 30
0.0
 11
70.61996043617278
 21
431.9708884374854
 31
0.0
  0
LINE
  5
134
330
1F
100
AcDbEntity
  8
VISIBLE
100
AcDbLine
 10
70.61996043617278
 20
438.3208884374853
 30
0.0
 11
71.86996043617278
 21
438.3208884374853
 31
0.0
  0
LINE
  5
135
330
1F
100
AcDbEntity
  8
VISIBLE
100
AcDbLine
 10
71.86996043617278
 20
441.0208884374854
 30
0.0
 11
71.86996043617278
 21
438.3208884374853
 31
0.0
  0
LINE
  5
136
330
1F
100
AcDbEntity
  8
VISIBLE
100
AcDbLine
 10
70.61996043617278
 20
441.0208884374854
 30
0.0
 11
71.86996043617278
 21
441.0208884374854
 31
0.0
  0
LINE
  5
137
330
1F
100
AcDbEntity
  8
VISIBLE
100
AcDbLine
 10
70.61996043617278
 20
442.1458884374854
 30
0.0
 11
70.61996043617278
 21
441.0208884374854
 31
0.0
  0
LINE
  5
138
330
1F
100
AcDbEntity
  8
VISIBLE
100
AcDbLine
 10
67.31996043617278
 20
442.1458884374854
 30
0.0
 11
70.61996043617278
 21
442.1458884374854
 31
0.0
  0
LINE
  5
139
330
1F
100
AcDbEntity
  8
VISIBLE
100
AcDbLine
 10
67.31996043617278
 20
442.1458884374854
 30
0.0
 11
67.31996043617278
 21
441.0208884374854
 31
0.0
  0
LINE
  5
13A
330
1F
100
AcDbEntity
  8
VISIBLE
100
AcDbLine
 10
66.06996043617278
 20
441.0208884374854
 30
0.0
 11
67.31996043617278
 21
441.0208884374854
 31
0.0
  0
LINE
  5
13B
330
1F
100
AcDbEntity
  8
VISIBLE
100
AcDbLine
 10
66.06996043617278
 20
441.0208884374854
 30
0.0
 11
66.06996043617278
 21
438.3208884374853
 31
0.0
  0
LINE
  5
13C
330
1F
100
AcDbEntity
  8
VISIBLE
100
AcDbLine
 10
66.06996043617278
 20
438.3208884374853
 30
0.0
 11
67.31996043617278
 21
438.3208884374853
 31
0.0
  0
LINE
  5
13D
330
1F
100
AcDbEntity
  8
VISIBLE
100
AcDbLine
 10
67.31996043617278
 20
438.3208884374853
 30
0.0
 11
67.31996043617278
 21
431.9708884374854
 31
0.0
  0
LINE
  5
13E
330
1F
100
AcDbEntity
  8
VISIBLE
100
AcDbLine
 10
67.31996043617278
 20
431.9708884374854
 30
0.0
 11
58.96996043617277
 21
431.9708884374854
 31
0.0
  0
LINE
  5
13F
330
1F
100
AcDbEntity
  8
VISIBLE
100
AcDbLine
 10
58.96996043617277
 20
425.9708884374854
 30
0.0
 11
43.96996043617279
 21
425.9708884374854
 31
0.0
  0
LINE
  5
140
330
1F
100
AcDbEntity
  8
VISIBLE
100
AcDbLine
 10
43.96996043617279
 20
444.6375551041521
 30
0.0
 11
43.96996043617279
 21
425.9708884374854
 31
0.0
  0
LINE
  5
141
330
1F
100
AcDbEntity
  8
VISIBLE
100
AcDbLine
 10
37.9699604361728
 20
444.6375551041521
 30
0.0
 11
43.96996043617279
 21
444.6375551041521
 31
0.0
  0
LINE
  5
142
330
1F
100
AcDbEntity
  8
VISIBLE
100
AcDbLine
 10
37.9699604361728
 20
444.6375551041521
 30
0.0
 11
37.9699604361728
 21
431.9708884374854
 31
0.0
  0
LINE
  5
143
330
1F
100
AcDbEntity
  8
VISIBLE
100
AcDbLine
 10
37.9699604361728
 20
463.3042217708187
 30
0.0
 11
43.96996043617279
 21
463.3042217708187
 31
0.0
  0
LINE
  5
144
330
1F
100
AcDbEntity
  8
VISIBLE
100
AcDbLine
 10
43.96996043617279
 20
481.9708884374854
 30
0.0
 11
43.96996043617279
 21
463.3042217708187
 31
0.0
  0
LINE
  5
145
330
1F
100
AcDbEntity
  8
VISIBLE
100
AcDbLine
 10
37.9699604361728
 20
481.9708884374854
 30
0.0
 11
43.96996043617279
 21
481.9708884374854
 31
0.0
  0
LINE
  5
146
330
1F
100
AcDbEntity
  8
VISIBLE
100
AcDbLine
 10
37.9699604361728
 20
481.9708884374854
 30
0.0
 11
37.9699604361728
 21
463.3042217708187
 31
0.0
  0
LINE
  5
147
330
1F
100
AcDbEntity
  8
VISIBLE
100
AcDbLine
 10
77.8199605811728
 20
565.9708884374854
 30
0.0
 11
71.8199605811728
 21
565.9708884374854
 31
0.0
  0
LINE
  5
148
330
1F
100
AcDbEntity
  8
VISIBLE
100
AcDbLine
 10
71.8199605811728
 20
559.9708884374854
 30
0.0
 11
71.8199605811728
 21
565.9708884374854
 31
0.0
  0
LINE
  5
149
330
1F
100
AcDbEntity
  8
VISIBLE
100
AcDbLine
 10
77.8199605811728
 20
559.9708884374854
 30
0.0
 11
71.8199605811728
 21
559.9708884374854
 31
0.0
  0
LINE
  5
14A
330
1F
100
AcDbEntity
  8
VISIBLE
100
AcDbLine
 10
77.8199605811728
 20
559.9708884374854
 30
0.0
 11
77.8199605811728
 21
565.9708884374854
 31
0.0
  0
LINE
  5
14B
330
1F
100
AcDbEntity
  8
VISIBLE
100
AcDbLine
 10
58.96996043617277
 20
431.9708884374854
 30
0.0
 11
58.96996043617277
 21
425.9708884374854
 31
0.0
  0
LINE
  5
14C
330
1F
100
AcDbEntity
  8
VISIBLE
100
AcDbLine
 10
98.96996043617278
 20
431.9708884374854
 30
0.0
 11
98.96996043617278
 21
425.9708884374854
 31
0.0
  0
LINE
  5
14D
330
1F
100
AcDbEntity
  8
VISIBLE
100
AcDbLine
 10
237.6983027904704
 20
285.9899194058335
 30
0.0
 11
237.6983027904704
 21
302.6565860725002
 31
0.0
  0
LINE
  5
14E
330
1F
100
AcDbEntity
  8
VISIBLE
100
AcDbLine
 10
237.6983027904704
 20
302.6565860725002
 30
0.0
 11
243.6983027904704
 21
302.6565860725002
 31
0.0
  0
LINE
  5
14F
330
1F
100
AcDbEntity
  8
VISIBLE
100
AcDbLine
 10
243.6983027904704
 20
319.3232527391668
 30
0.0
 11
243.6983027904704
 21
302.6565860725002
 31
0.0
  0
LINE
  5
150
330
1F
100
AcDbEntity
  8
VISIBLE
100
AcDbLine
 10
243.6983027904704
 20
319.3232527391668
 30
0.0
 11
261.2983027904704
 21
319.3232527391668
 31
0.0
  0
LINE
  5
151
330
1F
100
AcDbEntity
  8
VISIBLE
100
AcDbLine
 10
261.2983027904704
 20
319.3232527391668
 30
0.0
 11
261.2983027904704
 21
313.3232527391668
 31
0.0
  0
LINE
  5
152
330
1F
100
AcDbEntity
  8
VISIBLE
100
AcDbLine
 10
278.8983027904703
 20
313.3232527391668
 30
0.0
 11
261.2983027904704
 21
313.3232527391668
 31
0.0
  0
LINE
  5
153
330
1F
100
AcDbEntity
  8
VISIBLE
100
AcDbLine
 10
278.8983027904703
 20
319.3232527391668
 30
0.0
 11
278.8983027904703
 21
313.3232527391668
 31
0.0
  0
LINE
  5
154
330
1F
100
AcDbEntity
  8
VISIBLE
100
AcDbLine
 10
278.8983027904703
 20
319.3232527391668
 30
0.0
 11
296.4983027904703
 21
319.3232527391668
 31
0.0
  0
LINE
  5
155
330
1F
100
AcDbEntity
  8
VISIBLE
100
AcDbLine
 10
296.4983027904703
 20
319.3232527391668
 30
0.0
 11
296.4983027904703
 21
313.3232527391668
 31
0.0
  0
LINE
  5
156
330
1F
100
AcDbEntity
  8
VISIBLE
100
AcDbLine
 10
314.0983027904704
 20
313.3232527391668
 30
0.0
 11
296.4983027904703
 21
313.3232527391668
 31
0.0
  0
LINE
  5
157
330
1F
100
AcDbEntity
  8
VISIBLE
100
AcDbLine
 10
314.0983027904704
 20
319.3232527391668
 30
0.0
 11
314.0983027904704
 21
313.3232527391668
 31
0.0
  0
LINE
  5
158
330
1F
100
AcDbEntity
  8
VISIBLE
100
AcDbLine
 10
314.0983027904704
 20
319.3232527391668
 30
0.0
 11
331.6983027904704
 21
319.3232527391668
 31
0.0
  0
LINE
  5
159
330
1F
100
AcDbEntity
  8
VISIBLE
100
AcDbLine
 10
331.6983027904704
 20
302.6565860725002
 30
0.0
 11
331.6983027904704
 21
319.3232527391668
 31
0.0
  0
LINE
  5
15A
330
1F
100
AcDbEntity
  8
VISIBLE
100
AcDbLine
 10
337.6983027904704
 20
302.6565860725002
 30
0.0
 11
331.6983027904704
 21
302.6565860725002
 31
0.0
  0
LINE
  5
15B
330
1F
100
AcDbEntity
  8
VISIBLE
100
AcDbLine
 10
337.6983027904704
 20
285.9899194058335
 30
0.0
 11
337.6983027904704
 21
302.6565860725002
 31
0.0
  0
LINE
  5
15C
330
1F
100
AcDbEntity
  8
VISIBLE
100
AcDbLine
 10
337.6983027904704
 20
285.9899194058335
 30
0.0
 11
331.6983027904704
 21
285.9899194058335
 31
0.0
  0
LINE
  5
15D
330
1F
100
AcDbEntity
  8
VISIBLE
100
AcDbLine
 10
331.6983027904704
 20
269.3232527391668
 30
0.0
 11
331.6983027904704
 21
285.9899194058335
 31
0.0
  0
LINE
  5
15E
330
1F
100
AcDbEntity
  8
VISIBLE
100
AcDbLine
 10
331.6983027904704
 20
269.3232527391668
 30
0.0
 11
243.6983027904704
 21
269.3232527391668
 31
0.0
  0
LINE
  5
15F
330
1F
100
AcDbEntity
  8
VISIBLE
100
AcDbLine
 10
243.6983027904704
 20
285.9899194058335
 30
0.0
 11
243.6983027904704
 21
269.3232527391668
 31
0.0
  0
LINE
  5
160
330
1F
100
AcDbEntity
  8
VISIBLE
100
AcDbLine
 10
237.6983027904704
 20
285.9899194058335
 30
0.0
 11
243.6983027904704
 21
285.9899194058335
 31
0.0
  0
CIRCLE
  5
161
330
1F
100
AcDbEntity
  8
VISIBLE
100
AcDbCircle
 10
262.6983027904703
 20
279.3232527391668
 30
0.0
 40
1.899999999999999
  0
CIRCLE
  5
162
330
1F
100
AcDbEntity
  8
VISIBLE
100
AcDbCircle
 10
287.6983027904704
 20
279.3232527391668
 30
0.0
 40
1.9
  0
CIRCLE
  5
163
330
1F
100
AcDbEntity
  8
VISIBLE
100
AcDbCircle
 10
312.6983027904704
 20
279.3232527391668
 30
0.0
 40
1.899999999999999
  0
CIRCLE
  5
164
330
1F
100
AcDbEntity
  8
VISIBLE
100
AcDbCircle
 10
334.6983027904704
 20
294.3232527391669
 30
0.0
 40
1.649999999999999
  0
CIRCLE
  5
165
330
1F
100
AcDbEntity
  8
VISIBLE
100
AcDbCircle
 10
240.6983027904704
 20
294.3232527391668
 30
0.0
 40
1.649999999999999
  0
CIRCLE
  5
166
330
1F
100
AcDbEntity
  8
VISIBLE
100
AcDbCircle
 10
287.6983027904704
 20
316.3232527391668
 30
0.0
 40
1.65
  0
CIRCLE
  5
167
330
1F
100
AcDbEntity
  8
VISIBLE
100
AcDbCircle
 10
322.8983027904703
 20
316.3232527391668
 30
0.0
 40
1.649999999999999
  0
CIRCLE
  5
168
330
1F
100
AcDbEntity
  8
VISIBLE
100
AcDbCircle
 10
252.4983027904704
 20
316.3232527391668
 30
0.0
 40
1.649999999999999
  0
LINE
  5
169
330
1F
100
AcDbEntity
  8
VISIBLE
100
AcDbLine
 10
278.8483026454703
 20
290.3232527391669
 30
0.0
 11
278.8483026454703
 21
295.9899194058336
 31
0.0
  0
LINE
  5
16A
330
1F
100
AcDbEntity
  8
VISIBLE
100
AcDbLine
 10
284.8483026454704
 20
290.3232527391669
 30
0.0
 11
278.8483026454703
 21
290.3232527391669
 31
0.0
  0
LINE
  5
16B
330
1F
100
AcDbEntity
  8
VISIBLE
100
AcDbLine
 10
284.8483026454704
 20
290.3232527391669
 30
0.0
 11
284.8483026454704
 21
295.9899194058336
 31
0.0
  0
LINE
  5
16C
330
1F
100
AcDbEntity
  8
VISIBLE
100
AcDbLine
 10
284.8483026454704
 20
295.9899194058336
 30
0.0
 11
278.8483026454703
 21
295.9899194058336
 31
0.0
  0
LINE
  5
16D
330
1F
100
AcDbEntity
  8
VISIBLE
100
AcDbLine
 10
278.8483026454703
 20
301.6565860725002
 30
0.0
 11
278.8483026454703
 21
307.3232527391668
 31
0.0
  0
LINE
  5
16E
330
1F
100
AcDbEntity
  8
VISIBLE
100
AcDbLine
 10
284.8483026454704
 20
301.6565860725002
 30
0.0
 11
278.8483026454703
 21
301.6565860725002
 31
0.0
  0
LINE
  5
16F
330
1F
100
AcDbEntity
  8
VISIBLE
100
AcDbLine
 10
284.8483026454704
 20
301.6565860725002
 30
0.0
 11
284.8483026454704
 21
307.3232527391668
 31
0.0
  0
LINE
  5
170
330
1F
100
AcDbEntity
  8
VISIBLE
100
AcDbLine
 10
284.8483026454704
 20
307.3232527391668
 30
0.0
 11
278.8483026454703
 21
307.3232527391668
 31
0.0
  0
CIRCLE
  5
171
330
1F
100
AcDbEntity
  8
VISIBLE
100
AcDbCircle
 10
295.2361112077009
 20
420.110433243846
 30
0.0
 40
1.899999999999999
  0
CIRCLE
  5
172
330
1F
100
AcDbEntity
  8
VISIBLE
100
AcDbCircle
 10
270.2361112077009
 20
420.110433243846
 30
0.0
 40
1.9
  0
CIRCLE
  5
173
330
1F
100
AcDbEntity
  8
VISIBLE
100
AcDbCircle
 10
245.2361112077009
 20
420.110433243846
 30
0.0
 40
1.899999999999999
  0
CIRCLE
  5
174
330
1F
100
AcDbEntity
  8
VISIBLE
100
AcDbCircle
 10
223.2361112077009
 20
432.110433243846
 30
0.0
 40
1.649999999999999
  0
CIRCLE
  5
175
330
1F
100
AcDbEntity
  8
VISIBLE
100
AcDbCircle
 10
317.2361112077009
 20
432.110433243846
 30
0.0
 40
1.649999999999999
  0
LINE
  5
176
330
1F
100
AcDbEntity
  8
VISIBLE
100
AcDbLine
 10
280.2361112077009
 20
454.110433243846
 30
0.0
 11
271.8861112077009
 21
454.110433243846
 31
0.0
  0
LINE
  5
177
330
1F
100
AcDbEntity
  8
VISIBLE
100
AcDbLine
 10
280.2361112077009
 20
460.110433243846
 30
0.0
 11
280.2361112077009
 21
454.110433243846
 31
0.0
  0
LINE
  5
178
330
1F
100
AcDbEntity
  8
VISIBLE
100
AcDbLine
 10
300.2361112077009
 20
460.110433243846
 30
0.0
 11
280.2361112077009
 21
460.110433243846
 31
0.0
  0
LINE
  5
179
330
1F
100
AcDbEntity
  8
VISIBLE
100
AcDbLine
 10
300.2361112077009
 20
460.110433243846
 30
0.0
 11
300.2361112077009
 21
454.110433243846
 31
0.0
  0
LINE
  5
17A
330
1F
100
AcDbEntity
  8
VISIBLE
100
AcDbLine
 10
314.2361112077009
 20
454.110433243846
 30
0.0
 11
300.2361112077009
 21
454.110433243846
 31
0.0
  0
LINE
  5
17B
330
1F
100
AcDbEntity
  8
VISIBLE
100
AcDbLine
 10
314.2361112077009
 20
439.4437665771794
 30
0.0
 11
314.2361112077009
 21
454.110433243846
 31
0.0
  0
LINE
  5
17C
330
1F
100
AcDbEntity
  8
VISIBLE
100
AcDbLine
 10
320.2361112077009
 20
439.4437665771794
 30
0.0
 11
314.2361112077009
 21
439.4437665771794
 31
0.0
  0
LINE
  5
17D
330
1F
100
AcDbEntity
  8
VISIBLE
100
AcDbLine
 10
320.2361112077009
 20
439.4437665771794
 30
0.0
 11
320.2361112077009
 21
424.7770999105127
 31
0.0
  0
LINE
  5
17E
330
1F
100
AcDbEntity
  8
VISIBLE
100
AcDbLine
 10
320.2361112077009
 20
424.7770999105127
 30
0.0
 11
314.2361112077009
 21
424.7770999105127
 31
0.0
  0
LINE
  5
17F
330
1F
100
AcDbEntity
  8
VISIBLE
100
AcDbLine
 10
314.2361112077009
 20
410.110433243846
 30
0.0
 11
314.2361112077009
 21
424.7770999105127
 31
0.0
  0
LINE
  5
180
330
1F
100
AcDbEntity
  8
VISIBLE
100
AcDbLine
 10
226.2361112077009
 20
410.110433243846
 30
0.0
 11
314.2361112077009
 21
410.110433243846
 31
0.0
  0
LINE
  5
181
330
1F
100
AcDbEntity
  8
VISIBLE
100
AcDbLine
 10
226.2361112077009
 20
424.7770999105127
 30
0.0
 11
226.2361112077009
 21
410.110433243846
 31
0.0
  0
LINE
  5
182
330
1F
100
AcDbEntity
  8
VISIBLE
100
AcDbLine
 10
220.2361112077009
 20
424.7770999105127
 30
0.0
 11
226.2361112077009
 21
424.7770999105127
 31
0.0
  0
LINE
  5
183
330
1F
100
AcDbEntity
  8
VISIBLE
100
AcDbLine
 10
220.2361112077009
 20
439.4437665771794
 30
0.0
 11
220.2361112077009
 21
424.7770999105127
 31
0.0
  0
LINE
  5
184
330
1F
100
AcDbEntity
  8
VISIBLE
100
AcDbLine
 10
220.2361112077009
 20
439.4437665771794
 30
0.0
 11
226.2361112077009
 21
439.4437665771794
 31
0.0
  0
LINE
  5
185
330
1F
100
AcDbEntity
  8
VISIBLE
100
AcDbLine
 10
226.2361112077009
 20
454.110433243846
 30
0.0
 11
226.2361112077009
 21
439.4437665771794
 31
0.0
  0
LINE
  5
186
330
1F
100
AcDbEntity
  8
VISIBLE
100
AcDbLine
 10
240.2361112077009
 20
454.110433243846
 30
0.0
 11
226.2361112077009
 21
454.110433243846
 31
0.0
  0
LINE
  5
187
330
1F
100
AcDbEntity
  8
VISIBLE
100
AcDbLine
 10
240.2361112077009
 20
460.110433243846
 30
0.0
 11
240.2361112077009
 21
454.110433243846
 31
0.0
  0
LINE
  5
188
330
1F
100
AcDbEntity
  8
VISIBLE
100
AcDbLine
 10
260.2361112077009
 20
460.110433243846
 30
0.0
 11
240.2361112077009
 21
460.110433243846
 31
0.0
  0
LINE
  5
189
330
1F
100
AcDbEntity
  8
VISIBLE
100
AcDbLine
 10
260.2361112077009
 20
460.110433243846
 30
0.0
 11
260.2361112077009
 21
454.110433243846
 31
0.0
  0
LINE
  5
18A
330
1F
100
AcDbEntity
  8
VISIBLE
100
AcDbLine
 10
268.5861112077009
 20
454.110433243846
 30
0.0
 11
260.2361112077009
 21
454.110433243846
 31
0.0
  0
LINE
  5
18B
330
1F
100
AcDbEntity
  8
VISIBLE
100
AcDbLine
 10
268.5861112077009
 20
447.760433243846
 30
0.0
 11
268.5861112077009
 21
454.110433243846
 31
0.0
  0
LINE
  5
18C
330
1F
100
AcDbEntity
  8
VISIBLE
100
AcDbLine
 10
267.3361112077009
 20
447.760433243846
 30
0.0
 11
268.5861112077009
 21
447.760433243846
 31
0.0
  0
LINE
  5
18D
330
1F
100
AcDbEntity
  8
VISIBLE
100
AcDbLine
 10
267.3361112077009
 20
445.060433243846
 30
0.0
 11
267.3361112077009
 21
447.760433243846
 31
0.0
  0
LINE
  5
18E
330
1F
100
AcDbEntity
  8
VISIBLE
100
AcDbLine
 10
267.3361112077009
 20
445.060433243846
 30
0.0
 11
268.5861112077009
 21
445.060433243846
 31
0.0
  0
LINE
  5
18F
330
1F
100
AcDbEntity
  8
VISIBLE
100
AcDbLine
 10
268.5861112077009
 20
443.935433243846
 30
0.0
 11
268.5861112077009
 21
445.060433243846
 31
0.0
  0
LINE
  5
190
330
1F
100
AcDbEntity
  8
VISIBLE
100
AcDbLine
 10
268.5861112077009
 20
443.935433243846
 30
0.0
 11
271.8861112077009
 21
443.935433243846
 31
0.0
  0
LINE
  5
191
330
1F
100
AcDbEntity
  8
VISIBLE
100
AcDbLine
 10
271.8861112077009
 20
443.935433243846
 30
0.0
 11
271.8861112077009
 21
445.060433243846
 31
0.0
  0
LINE
  5
192
330
1F
100
AcDbEntity
  8
VISIBLE
100
AcDbLine
 10
271.8861112077009
 20
445.060433243846
 30
0.0
 11
273.1361112077009
 21
445.060433243846
 31
0.0
  0
LINE
  5
193
330
1F
100
AcDbEntity
  8
VISIBLE
100
AcDbLine
 10
273.1361112077009
 20
445.060433243846
 30
0.0
 11
273.1361112077009
 21
447.760433243846
 31
0.0
  0
LINE
  5
194
330
1F
100
AcDbEntity
  8
VISIBLE
100
AcDbLine
 10
271.8861112077009
 20
447.760433243846
 30
0.0
 11
273.1361112077009
 21
447.760433243846
 31
0.0
  0
LINE
  5
195
330
1F
100
AcDbEntity
  8
VISIBLE
100
AcDbLine
 10
271.8861112077009
 20
447.760433243846
 30
0.0
 11
271.8861112077009
 21
454.110433243846
 31
0.0
  0
LINE
  5
196
330
1F
100
AcDbEntity
  8
VISIBLE
100
AcDbLine
 10
98.73361561486169
 20
291.3033142545426
 30
0.0
 11
88.79901146848627
 21
291.3033142545426
 31
0.0
  0
SPLINE
  5
197
330
1F
100
AcDbEntity
  8
VISIBLE
100
AcDbSpline
210
0.0
220
0.0
230
1.0
 70
     8
 71
     2
 72
     6
 73
     3
 74
     0
 42
0.000000001
 43
0.0000000307084189
 40
0.0
 40
0.0
 40
0.0
 40
1.0
 40
1.0
 40
1.0
 10
101.6822729127607
 20
290.2597633988309
 30
0.0
 10
100.6537491893712
 20
291.3033142545426
 30
0.0
 10
98.73361561486169
 20
291.3033142545426
 30
0.0
  0
SPLINE
  5
198
330
1F
100
AcDbEntity
  8
VISIBLE
100
AcDbSpline
210
0.0
220
0.0
230
1.0
 70
     8
 71
     2
 72
     6
 73
     3
 74
     0
 42
0.000000001
 43
0.0000000306412546
 40
0.0
 40
0.0
 40
0.0
 40
1.0
 40
1.0
 40
1.0
 10
102.7107966361501
 20
287.2860608803948
 30
0.0
 10
102.7107966361501
 20
289.2162125431192
 30
0.0
 10
101.6822729127607
 20
290.2597633988309
 30
0.0
  0
SPLINE
  5
199
330
1F
100
AcDbEntity
  8
VISIBLE
100
AcDbSpline
210
0.0
220
0.0
230
1.0
 70
     8
 71
     2
 72
     6
 73
     3
 74
     0
 42
0.000000001
 43
0.00000003035971
 40
0.0
 40
0.0
 40
0.0
 40
1.0
 40
1.0
 40
1.0
 10
101.6872819568681
 20
284.2188562052869
 30
0.0
 10
102.7107966361501
 20
285.2624070609987
 30
0.0
 10
102.7107966361501
 20
287.2860608803948
 30
0.0
  0
SPLINE
  5
19A
330
1F
100
AcDbEntity
  8
VISIBLE
100
AcDbSpline
210
0.0
220
0.0
230
1.0
 70
     8
 71
     2
 72
     6
 73
     3
 74
     0
 42
0.000000001
 43
0.0000000300373734
 40
0.0
 40
0.0
 40
0.0
 40
1.0
 40
1.0
 40
1.0
 10
98.75365179129135
 20
283.1753053495753
 30
0.0
 10
100.663767277586
 20
283.1753053495753
 30
0.0
 10
101.6872819568681
 20
284.2188562052869
 30
0.0
  0
LINE
  5
19B
330
1F
100
AcDbEntity
  8
VISIBLE
100
AcDbLine
 10
88.79901146848627
 20
283.1753053495753
 30
0.0
 11
98.75365179129135
 21
283.1753053495753
 31
0.0
  0
LINE
  5
19C
330
1F
100
AcDbEntity
  8
VISIBLE
100
AcDbLine
 10
88.79901146848628
 20
281.3987643728117
 30
0.0
 11
88.79901146848627
 21
283.1753053495753
 31
0.0
  0
LINE
  5
19D
330
1F
100
AcDbEntity
  8
VISIBLE
100
AcDbLine
 10
98.63009536997508
 20
281.3987643728117
 30
0.0
 11
88.79901146848628
 21
281.3987643728117
 31
0.0
  0
SPLINE
  5
19E
330
1F
100
AcDbEntity
  8
VISIBLE
100
AcDbSpline
210
0.0
220
0.0
230
1.0
 70
     8
 71
     2
 72
     6
 73
     3
 74
     0
 42
0.000000001
 43
0.0000000299472636
 40
0.0
 40
0.0
 40
0.0
 40
1.0
 40
1.0
 40
1.0
 10
102.7625567585934
 20
282.9064866491439
 30
0.0
 10
101.2581738449994
 20
281.3987643728117
 30
0.0
 10
98.63009536997508
 20
281.3987643728117
 30
0.0
  0
SPLINE
  5
19F
330
1F
100
AcDbEntity
  8
VISIBLE
100
AcDbSpline
210
0.0
220
0.0
230
1.0
 70
     8
 71
     2
 72
     6
 73
     3
 74
     0
 42
0.000000001
 43
0.0000000303978404
 40
0.0
 40
0.0
 40
0.0
 40
1.0
 40
1.0
 40
1.0
 10
104.2669396721874
 20
287.1691831845552
 30
0.0
 10
104.2669396721874
 20
284.4142089254763
 30
0.0
 10
102.7625567585934
 20
282.9064866491439
 30
0.0
  0
SPLINE
  5
1A0
330
1F
100
AcDbEntity
  8
VISIBLE
100
AcDbSpline
210
0.0
220
0.0
230
1.0
 70
     8
 71
     2
 72
     6
 73
     3
 74
     0
 42
0.000000001
 43
0.000000030807333
 40
0.0
 40
0.0
 40
0.0
 40
1.0
 40
1.0
 40
1.0
 10
102.7742445281774
 20
291.5003366561009
 30
0.0
 10
104.2669396721874
 20
289.924157443634
 30
0.0
 10
104.2669396721874
 20
287.1691831845552
 30
0.0
  0
SPLINE
  5
1A1
330
1F
100
AcDbEntity
  8
VISIBLE
100
AcDbSpline
210
0.0
220
0.0
230
1.0
 70
     8
 71
     2
 72
     6
 73
     3
 74
     0
 42
0.000000001
 43
0.0000000309101684
 40
0.0
 40
0.0
 40
0.0
 40
1.0
 40
1.0
 40
1.0
 10
98.6701677228344
 20
293.0765158685679
 30
0.0
 10
101.2815493841674
 20
293.0765158685679
 30
0.0
 10
102.7742445281774
 20
291.5003366561009
 30
0.0
  0
LINE
  5
1A2
330
1F
100
AcDbEntity
  8
VISIBLE
100
AcDbLine
 10
88.79901146848627
 20
293.0765158685679
 30
0.0
 11
98.6701677228344
 21
293.0765158685679
 31
0.0
  0
LINE
  5
1A3
330
1F
100
AcDbEntity
  8
VISIBLE
100
AcDbLine
 10
88.79901146848627
 20
291.3033142545426
 30
0.0
 11
88.79901146848627
 21
293.0765158685679
 31
0.0
  0
SPLINE
  5
1A4
330
1F
100
AcDbEntity
  8
VISIBLE
100
AcDbSpline
210
0.0
220
0.0
230
1.0
 70
     8
 71
     2
 72
     6
 73
     3
 74
     0
 42
0.000000001
 43
0.0000000317923241
 40
0.0
 40
0.0
 40
0.0
 40
1.0
 40
1.0
 40
1.0
 10
97.55482056824974
 20
300.7670682548209
 30
0.0
 10
98.29615909614733
 20
302.8007401624318
 30
0.0
 10
99.04751571225975
 20
303.5153637884232
 30
0.0
  0
SPLINE
  5
1A5
330
1F
100
AcDbEntity
  8
VISIBLE
100
AcDbSpline
210
0.0
220
0.0
230
1.0
 70
     8
 71
     2
 72
     6
 73
     3
 74
     0
 42
0.000000001
 43
0.0000000314870288
 40
0.0
 40
0.0
 40
0.0
 40
1.0
 40
1.0
 40
1.0
 10
96.70829211409641
 20
298.7634506118545
 30
0.0
 10
97.00048635369569
 20
299.2843911990257
 30
0.0
 10
97.55482056824974
 20
300.7670682548209
 30
0.0
  0
SPLINE
  5
1A6
330
1F
100
AcDbEntity
  8
VISIBLE
100
AcDbSpline
210
0.0
220
0.0
230
1.0
 70
     8
 71
     2
 72
     6
 73
     3
 74
     0
 42
0.000000001
 43
0.0000000312714375
 40
0.0
 40
0.0
 40
0.0
 40
1.0
 40
1.0
 40
1.0
 10
96.09384937025335
 20
298.0070849516346
 30
0.0
 10
96.41609787449714
 20
298.2425100246831
 30
0.0
 10
96.70829211409641
 20
298.7634506118545
 30
0.0
  0
SPLINE
  5
1A7
330
1F
100
AcDbEntity
  8
VISIBLE
100
AcDbSpline
210
0.0
220
0.0
230
1.0
 70
     8
 71
     2
 72
     6
 73
     3
 74
     0
 42
0.000000001
 43
0.0000000311816657
 40
0.0
 40
0.0
 40
0.0
 40
1.0
 40
1.0
 40
1.0
 10
95.31076880812729
 20
297.7716598785859
 30
0.0
 10
95.77160086600959
 20
297.7716598785859
 30
0.0
 10
96.09384937025335
 20
298.0070849516346
 30
0.0
  0
SPLINE
  5
1A8
330
1F
100
AcDbEntity
  8
VISIBLE
100
AcDbSpline
210
0.0
220
0.0
230
1.0
 70
     8
 71
     2
 72
     6
 73
     3
 74
     0
 42
0.000000001
 43
0.0000000311968706
 40
0.0
 40
0.0
 40
0.0
 40
1.0
 40
1.0
 40
1.0
 10
94.24718177598594
 20
298.397790392013
 30
0.0
 10
94.63287817225698
 20
297.7716598785859
 30
0.0
 10
95.31076880812729
 20
297.7716598785859
 30
0.0
  0
SPLINE
  5
1A9
330
1F
100
AcDbEntity
  8
VISIBLE
100
AcDbSpline
210
0.0
220
0.0
230
1.0
 70
     8
 71
     2
 72
     6
 73
     3
 74
     0
 42
0.000000001
 43
0.0000000313450604
 40
0.0
 40
0.0
 40
0.0
 40
1.0
 40
1.0
 40
1.0
 10
93.86148537971488
 20
300.2561457558644
 30
0.0
 10
93.86148537971488
 20
299.02392090544
 30
0.0
 10
94.24718177598594
 20
298.397790392013
 30
0.0
  0
SPLINE
  5
1AA
330
1F
100
AcDbEntity
  8
VISIBLE
100
AcDbSpline
210
0.0
220
0.0
230
1.0
 70
     8
 71
     2
 72
     6
 73
     3
 74
     0
 42
0.000000001
 43
0.0000000316528059
 40
0.0
 40
0.0
 40
0.0
 40
1.0
 40
1.0
 40
1.0
 10
94.56943028022971
 20
303.3751105534155
 30
0.0
 10
93.86148537971488
 20
301.6553387432027
 30
0.0
 10
93.86148537971488
 20
300.2561457558644
 30
0.0
  0
LINE
  5
1AB
330
1F
100
AcDbEntity
  8
VISIBLE
100
AcDbLine
 10
93.16021920467664
 20
303.9928926599969
 30
0.0
 11
94.56943028022971
 21
303.3751105534155
 31
0.0
  0
SPLINE
  5
1AC
330
1F
100
AcDbEntity
  8
VISIBLE
100
AcDbSpline
210
0.0
220
0.0
230
1.0
 70
     8
 71
     2
 72
     6
 73
     3
 74
     0
 42
0.000000001
 43
0.0000000316736104
 40
0.0
 40
0.0
 40
0.0
 40
1.0
 40
1.0
 40
1.0
 10
92.40886258856419
 20
300.3797021771806
 30
0.0
 10
92.40886258856419
 20
302.226369771448
 30
0.0
 10
93.16021920467664
 20
303.9928926599969
 30
0.0
  0
SPLINE
  5
1AD
330
1F
100
AcDbEntity
  8
VISIBLE
100
AcDbSpline
210
0.0
220
0.0
230
1.0
 70
     8
 71
     2
 72
     6
 73
     3
 74
     0
 42
0.000000001
 43
0.0000000313285914
 40
0.0
 40
0.0
 40
0.0
 40
1.0
 40
1.0
 40
1.0
 10
93.21865805259648
 20
297.2607373796295
 30
0.0
 10
92.40886258856419
 20
298.3994600733822
 30
0.0
 10
92.40886258856419
 20
300.3797021771806
 30
0.0
  0
SPLINE
  5
1AE
330
1F
100
AcDbEntity
  8
VISIBLE
100
AcDbSpline
210
0.0
220
0.0
230
1.0
 70
     8
 71
     2
 72
     6
 73
     3
 74
     0
 42
0.000000001
 43
0.0000000310914334
 40
0.0
 40
0.0
 40
0.0
 40
1.0
 40
1.0
 40
1.0
 10
95.42764650396701
 20
296.1220146858769
 30
0.0
 10
94.02845351662876
 20
296.1220146858769
 30
0.0
 10
93.21865805259648
 20
297.2607373796295
 30
0.0
  0
SPLINE
  5
1AF
330
1F
100
AcDbEntity
  8
VISIBLE
100
AcDbSpline
210
0.0
220
0.0
230
1.0
 70
     8
 71
     2
 72
     6
 73
     3
 74
     0
 42
0.000000001
 43
0.0000000310524023
 40
0.0
 40
0.0
 40
0.0
 40
1.0
 40
1.0
 40
1.0
 10
96.77174000612368
 20
296.4509419155972
 30
0.0
 10
96.20905738472393
 20
296.1220146858769
 30
0.0
 10
95.42764650396701
 20
296.1220146858769
 30
0.0
  0
SPLINE
  5
1B0
330
1F
100
AcDbEntity
  8
VISIBLE
100
AcDbSpline
210
0.0
220
0.0
230
1.0
 70
     8
 71
     2
 72
     6
 73
     3
 74
     0
 42
0.000000001
 43
0.0000000311770693
 40
0.0
 40
0.0
 40
0.0
 40
1.0
 40
1.0
 40
1.0
 10
97.77855787171433
 20
297.4527507370805
 30
0.0
 10
97.33442262752344
 20
296.7798691453175
 30
0.0
 10
96.77174000612368
 20
296.4509419155972
 30
0.0
  0
SPLINE
  5
1B1
330
1F
100
AcDbEntity
  8
VISIBLE
100
AcDbSpline
210
0.0
220
0.0
230
1.0
 70
     8
 71
     2
 72
     6
 73
     3
 74
     0
 42
0.000000001
 43
0.0000000314236618
 40
0.0
 40
0.0
 40
0.0
 40
1.0
 40
1.0
 40
1.0
 10
98.81709968331862
 20
299.72184771774
 30
0.0
 10
98.22269311590523
 20
298.1256323288434
 30
0.0
 10
97.77855787171433
 20
297.4527507370805
 30
0.0
  0
SPLINE
  5
1B2
330
1F
100
AcDbEntity
  8
VISIBLE
100
AcDbSpline
210
0.0
220
0.0
230
1.0
 70
     8
 71
     2
 72
     6
 73
     3
 74
     0
 42
0.000000001
 43
0.0000000316719406
 40
0.0
 40
0.0
 40
0.0
 40
1.0
 40
1.0
 40
1.0
 10
99.93912556337983
 20
301.9825962915538
 30
0.0
 10
99.46493605454445
 20
301.4048865378319
 30
0.0
 10
98.81709968331862
 20
299.72184771774
 30
0.0
  0
SPLINE
  5
1B3
330
1F
100
AcDbEntity
  8
VISIBLE
100
AcDbSpline
210
0.0
220
0.0
230
1.0
 70
     8
 71
     2
 72
     6
 73
     3
 74
     0
 42
0.000000001
 43
0.0000000317604989
 40
0.0
 40
0.0
 40
0.0
 40
1.0
 40
1.0
 40
1.0
 10
101.0811876198707
 20
302.5603060452759
 30
0.0
 10
100.4133150722152
 20
302.5603060452759
 30
0.0
 10
99.93912556337983
 20
301.9825962915538
 30
0.0
  0
SPLINE
  5
1B4
330
1F
100
AcDbEntity
  8
VISIBLE
100
AcDbSpline
210
0.0
220
0.0
230
1.0
 70
     8
 71
     2
 72
     6
 73
     3
 74
     0
 42
0.000000001
 43
0.0000000317996729
 40
0.0
 40
0.0
 40
0.0
 40
1.0
 40
1.0
 40
1.0
 10
102.4019055828595
 20
301.8306552869622
 30
0.0
 10
101.9694581082525
 20
302.5603060452759
 30
0.0
 10
101.0811876198707
 20
302.5603060452759
 30
0.0
  0
SPLINE
  5
1B5
330
1F
100
AcDbEntity
  8
VISIBLE
100
AcDbSpline
210
0.0
220
0.0
230
1.0
 70
     8
 71
     2
 72
     6
 73
     3
 74
     0
 42
0.000000001
 43
0.0000000317432215
 40
0.0
 40
0.0
 40
0.0
 40
1.0
 40
1.0
 40
1.0
 10
102.8343530574664
 20
299.7452232569079
 30
0.0
 10
102.8343530574664
 20
301.1010045286486
 30
0.0
 10
102.4019055828595
 20
301.8306552869622
 30
0.0
  0
SPLINE
  5
1B6
330
1F
100
AcDbEntity
  8
VISIBLE
100
AcDbSpline
210
0.0
220
0.0
230
1.0
 70
     8
 71
     2
 72
     6
 73
     3
 74
     0
 42
0.000000001
 43
0.0000000315449941
 40
0.0
 40
0.0
 40
0.0
 40
1.0
 40
1.0
 40
1.0
 10
102.5955886216796
 20
297.9236008831776
 30
0.0
 10
102.8343530574664
 20
298.866970856741
 30
0.0
 10
102.8343530574664
 20
299.7452232569079
 30
0.0
  0
SPLINE
  5
1B7
330
1F
100
AcDbEntity
  8
VISIBLE
100
AcDbSpline
210
0.0
220
0.0
230
1.0
 70
     8
 71
     2
 72
     6
 73
     3
 74
     0
 42
0.000000001
 43
0.0000000313647031
 40
0.0
 40
0.0
 40
0.0
 40
1.0
 40
1.0
 40
1.0
 10
101.939403843608
 20
296.1554083132598
 30
0.0
 10
102.3568241858927
 20
296.9802309096143
 30
0.0
 10
102.5955886216796
 20
297.9236008831776
 30
0.0
  0
LINE
  5
1B8
330
1F
100
AcDbEntity
  8
VISIBLE
100
AcDbLine
 10
103.5456373207195
 20
296.1554083132598
 30
0.0
 11
101.939403843608
 21
296.1554083132598
 31
0.0
  0
SPLINE
  5
1B9
330
1F
100
AcDbEntity
  8
VISIBLE
100
AcDbSpline
210
0.0
220
0.0
230
1.0
 70
     8
 71
     2
 72
     6
 73
     3
 74
     0
 42
0.000000001
 43
0.000000031584475
 40
0.0
 40
0.0
 40
0.0
 40
1.0
 40
1.0
 40
1.0
 10
104.2669396721874
 20
299.7018115413103
 30
0.0
 10
104.2669396721874
 20
297.4277055165435
 30
0.0
 10
103.5456373207195
 20
296.1554083132598
 30
0.0
  0
SPLINE
  5
1BA
330
1F
100
AcDbEntity
  8
VISIBLE
100
AcDbSpline
210
0.0
220
0.0
230
1.0
 70
     8
 71
     2
 72
     6
 73
     3
 74
     0
 42
0.000000001
 43
0.0000000319015178
 40
0.0
 40
0.0
 40
0.0
 40
1.0
 40
1.0
 40
1.0
 10
103.4003750416044
 20
303.0411742795878
 30
0.0
 10
104.2669396721874
 20
301.8523611447611
 30
0.0
 10
104.2669396721874
 20
299.7018115413103
 30
0.0
  0
SPLINE
  5
1BB
330
1F
100
AcDbEntity
  8
VISIBLE
100
AcDbSpline
210
0.0
220
0.0
230
1.0
 70
     8
 71
     2
 72
     6
 73
     3
 74
     0
 42
0.000000001
 43
0.0000000319883759
 40
0.0
 40
0.0
 40
0.0
 40
1.0
 40
1.0
 40
1.0
 10
100.9375950221248
 20
304.2299874144146
 30
0.0
 10
102.5338104110214
 20
304.2299874144146
 30
0.0
 10
103.4003750416044
 20
303.0411742795878
 30
0.0
  0
SPLINE
  5
1BC
330
1F
100
AcDbEntity
  8
VISIBLE
100
AcDbSpline
210
0.0
220
0.0
230
1.0
 70
     8
 71
     2
 72
     6
 73
     3
 74
     0
 42
0.000000001
 43
0.0000000319153904
 40
0.0
 40
0.0
 40
0.0
 40
1.0
 40
1.0
 40
1.0
 10
99.04751571225975
 20
303.5153637884232
 30
0.0
 10
99.7988723283722
 20
304.2299874144146
 30
0.0
 10
100.9375950221248
 20
304.2299874144146
 30
0.0
  0
LINE
  5
1BD
330
1F
100
AcDbEntity
  8
VISIBLE
100
AcDbLine
 10
97.5234534777179
 20
384.2750584695106
 30
0.0
 11
97.5234534777179
 21
386.0683547046258
 31
0.0
  0
SPLINE
  5
1BE
330
1F
100
AcDbEntity
  8
VISIBLE
100
AcDbSpline
210
0.0
220
0.0
230
1.0
 70
     8
 71
     2
 72
     6
 73
     3
 74
     0
 42
0.000000001
 43
0.0000000397146816
 40
0.0
 40
0.0
 40
0.0
 40
0.8477331572978506
 40
0.8477331572978506
 40
0.8477331572978506
 10
94.00674765882995
 20
384.6869235491022
 30
0.0
 10
95.36132781444545
 20
385.8858048362562
 30
0.0
 10
97.52345347754834
 20
386.0683547046258
 30
0.0
  0
SPLINE
  5
1BF
330
1F
100
AcDbEntity
  8
VISIBLE
100
AcDbSpline
210
0.0
220
0.0
230
1.0
 70
     8
 71
     2
 72
     6
 73
     3
 74
     0
 42
0.000000001
 43
0.0000000395018849
 40
0.164606619794617
 40
0.164606619794617
 40
0.164606619794617
 40
1.0
 40
1.0
 40
1.0
 10
92.45215782667384
 20
381.6377365011781
 30
0.0
 10
92.67188504880093
 20
383.5054934229846
 30
0.0
 10
94.00674765882995
 20
384.6869235491022
 30
0.0
  0
LINE
  5
1C0
330
1F
100
AcDbEntity
  8
VISIBLE
100
AcDbLine
 10
92.45215782667384
 20
381.6377365009542
 30
0.0
 11
93.95362196175587
 21
381.6377365009542
 31
0.0
  0
SPLINE
  5
1C1
330
1F
100
AcDbEntity
  8
VISIBLE
100
AcDbSpline
210
0.0
220
0.0
230
1.0
 70
     8
 71
     2
 72
     6
 73
     3
 74
     0
 42
0.000000001
 43
0.000000039401377
 40
0.0
 40
0.0
 40
0.0
 40
0.7476303029224487
 40
0.7476303029224487
 40
0.7476303029224487
 10
95.01356552442061
 20
383.4263141154025
 30
0.0
 10
94.16721514949685
 20
382.7672093986477
 30
0.0
 10
93.95362196175587
 20
381.63773650735
 30
0.0
  0
SPLINE
  5
1C2
330
1F
100
AcDbEntity
  8
VISIBLE
100
AcDbSpline
210
0.0
220
0.0
230
1.0
 70
     8
 71
     2
 72
     6
 73
     3
 74
     0
 42
0.000000001
 43
0.0000000395403768
 40
0.1930264377080285
 40
0.1930264377080285
 40
0.1930264377080285
 40
1.0
 40
1.0
 40
1.0
 10
97.52345347631847
 20
384.2750584695106
 30
0.0
 10
95.92709507817148
 20
384.1377353608014
 30
0.0
 10
95.01356552442061
 20
383.4263141154025
 30
0.0
  0
SPLINE
  5
1C3
330
1F
100
AcDbEntity
  8
VISIBLE
100
AcDbSpline
210
0.0
220
0.0
230
1.0
 70
     8
 71
     2
 72
     6
 73
     3
 74
     0
 42
0.000000001
 43
0.0000000397387212
 40
0.0
 40
0.0
 40
0.0
 40
0.8250930141169757
 40
0.8250930141169757
 40
0.8250930141169757
 10
102.6957695038279
 20
384.6936022745788
 30
0.0
 10
103.9921310337303
 20
383.5322497031572
 30
0.0
 10
104.2188737215403
 20
381.6377365013958
 30
0.0
  0
SPLINE
  5
1C4
330
1F
100
AcDbEntity
  8
VISIBLE
100
AcDbSpline
210
0.0
220
0.0
230
1.0
 70
     8
 71
     2
 72
     6
 73
     3
 74
     0
 42
0.000000001
 43
0.0000000398360755
 40
0.1281817364935894
 40
0.1281817364935894
 40
0.1281817364935894
 40
1.0
 40
1.0
 40
1.0
 10
99.02345346806139
 20
386.0780169788528
 30
0.0
 10
101.3259946559756
 20
385.9207225686696
 30
0.0
 10
102.6957695038279
 20
384.6936022745788
 30
0.0
  0
LINE
  5
1C5
330
1F
100
AcDbEntity
  8
VISIBLE
100
AcDbLine
 10
99.02345347830232
 20
384.2839878073126
 30
0.0
 11
99.02345346806139
 21
386.0780169788528
 31
0.0
  0
SPLINE
  5
1C6
330
1F
100
AcDbEntity
  8
VISIBLE
100
AcDbSpline
210
0.0
220
0.0
230
1.0
 70
     8
 71
     2
 72
     6
 73
     3
 74
     0
 42
0.000000001
 43
0.0000000396377817
 40
0.0
 40
0.0
 40
0.0
 40
0.8352864553052206
 40
0.8352864553052206
 40
0.8352864553052206
 10
101.6722548245458
 20
383.4263141154025
 30
0.0
 10
100.718305857641
 20
384.1626957740659
 30
0.0
 10
99.02345347830232
 20
384.2839878073126
 30
0.0
  0
SPLINE
  5
1C7
330
1F
100
AcDbEntity
  8
VISIBLE
100
AcDbSpline
210
0.0
220
0.0
230
1.0
 70
     8
 71
     2
 72
     6
 73
     3
 74
     0
 42
0.000000001
 43
0.000000039580289
 40
0.248629868369342
 40
0.248629868369342
 40
0.248629868369342
 40
1.0
 40
1.0
 40
1.0
 10
102.7437182462317
 20
381.6377365062343
 30
0.0
 10
102.5303661422618
 20
382.7639123964639
 30
0.0
 10
101.6722548245458
 20
383.4263141154025
 30
0.0
  0
LINE
  5
1C8
330
1F
100
AcDbEntity
  8
VISIBLE
100
AcDbLine
 10
102.7437182462317
 20
381.6377365009542
 30
0.0
 11
104.2188737215403
 21
381.6377365009542
 31
0.0
  0
LINE
  5
1C9
330
1F
100
AcDbEntity
  8
VISIBLE
100
AcDbLine
 10
104.0565598196759
 20
389.6709224359813
 30
0.0
 11
104.056559819676
 21
387.7107165086125
 31
0.0
  0
LINE
  5
1CA
330
1F
100
AcDbEntity
  8
VISIBLE
100
AcDbLine
 10
99.42152433894684
 20
392.9067649293722
 30
0.0
 11
104.0565598196759
 21
389.6709224359813
 31
0.0
  0
LINE
  5
1CB
330
1F
100
AcDbEntity
  8
VISIBLE
100
AcDbLine
 10
104.0565598196759
 20
396.1125531581185
 30
0.0
 11
99.42152433894684
 21
392.9067649293722
 31
0.0
  0
LINE
  5
1CC
330
1F
100
AcDbEntity
  8
VISIBLE
100
AcDbLine
 10
104.0565598196759
 20
398.0727590854874
 30
0.0
 11
104.0565598196759
 21
396.1125531581185
 31
0.0
  0
LINE
  5
1CD
330
1F
100
AcDbEntity
  8
VISIBLE
100
AcDbLine
 10
98.20265693947557
 20
393.8885375744257
 30
0.0
 11
104.0565598196759
 21
398.0727590854874
 31
0.0
  0
LINE
  5
1CE
330
1F
100
AcDbEntity
  8
VISIBLE
100
AcDbLine
 10
92.61924244107567
 20
397.8657185957142
 30
0.0
 11
98.20265693947557
 21
393.8885375744257
 31
0.0
  0
LINE
  5
1CF
330
1F
100
AcDbEntity
  8
VISIBLE
100
AcDbLine
 10
92.61924244107568
 20
395.9121913938219
 30
0.0
 11
92.61924244107567
 21
397.8657185957142
 31
0.0
  0
LINE
  5
1D0
330
1F
100
AcDbEntity
  8
VISIBLE
100
AcDbLine
 10
97.0004863536957
 20
392.9067649293722
 30
0.0
 11
92.61924244107568
 21
395.9121913938219
 31
0.0
  0
LINE
  5
1D1
330
1F
100
AcDbEntity
  8
VISIBLE
100
AcDbLine
 10
92.61924244107568
 20
389.8913203767077
 30
0.0
 11
97.0004863536957
 21
392.9067649293722
 31
0.0
  0
LINE
  5
1D2
330
1F
100
AcDbEntity
  8
VISIBLE
100
AcDbLine
 10
92.61924244107568
 20
387.9177569983856
 30
0.0
 11
92.61924244107568
 21
389.8913203767077
 31
0.0
  0
LINE
  5
1D3
330
1F
100
AcDbEntity
  8
VISIBLE
100
AcDbLine
 10
98.20265693947559
 20
391.8949380196741
 30
0.0
 11
92.61924244107568
 21
387.9177569983856
 31
0.0
  0
LINE
  5
1D4
330
1F
100
AcDbEntity
  8
VISIBLE
100
AcDbLine
 10
104.056559819676
 20
387.7107165086125
 30
0.0
 11
98.20265693947559
 21
391.8949380196741
 31
0.0
  0
LINE
  5
1D5
330
1F
100
AcDbEntity
  8
VISIBLE
100
AcDbLine
 10
102.5438284992363
 20
364.415322046389
 30
0.0
 11
102.5438284992363
 21
365.9644579158779
 31
0.0
  0
LINE
  5
1D6
330
1F
100
AcDbEntity
  8
VISIBLE
100
AcDbLine
 10
100.2999868429675
 20
364.415322046389
 30
0.0
 11
102.5438284992363
 21
364.415322046389
 31
0.0
  0
LINE
  5
1D7
330
1F
100
AcDbEntity
  8
VISIBLE
100
AcDbLine
 10
100.2999868429675
 20
362.6596374081131
 30
0.0
 11
100.2999868429675
 21
364.415322046389
 31
0.0
  0
LINE
  5
1D8
330
1F
100
AcDbEntity
  8
VISIBLE
100
AcDbLine
 10
98.79998684296751
 20
362.6596374081131
 30
0.0
 11
100.2999868429675
 21
362.6596374081131
 31
0.0
  0
LINE
  5
1D9
330
1F
100
AcDbEntity
  8
VISIBLE
100
AcDbLine
 10
98.79998684296751
 20
362.6596374081131
 30
0.0
 11
98.79998684296753
 21
364.415322046389
 31
0.0
  0
LINE
  5
1DA
330
1F
100
AcDbEntity
  8
VISIBLE
100
AcDbLine
 10
96.83351821678183
 20
364.415322046389
 30
0.0
 11
98.79998684296753
 21
364.415322046389
 31
0.0
  0
LINE
  5
1DB
330
1F
100
AcDbEntity
  8
VISIBLE
100
AcDbLine
 10
96.83351821678183
 20
365.9644579158779
 30
0.0
 11
96.83351821678183
 21
364.415322046389
 31
0.0
  0
LINE
  5
1DC
330
1F
100
AcDbEntity
  8
VISIBLE
100
AcDbLine
 10
95.33080498455698
 20
365.9644579158779
 30
0.0
 11
96.83351821678183
 21
365.9644579158779
 31
0.0
  0
LINE
  5
1DD
330
1F
100
AcDbEntity
  8
VISIBLE
100
AcDbLine
 10
95.33080498455698
 20
364.415322046389
 30
0.0
 11
95.33080498455698
 21
365.9644579158779
 31
0.0
  0
LINE
  5
1DE
330
1F
100
AcDbEntity
  8
VISIBLE
100
AcDbLine
 10
93.45009999344494
 20
364.415322046389
 30
0.0
 11
95.33080498455698
 21
364.415322046389
 31
0.0
  0
LINE
  5
1DF
330
1F
100
AcDbEntity
  8
VISIBLE
100
AcDbLine
 10
93.45009999344494
 20
362.6421204323637
 30
0.0
 11
93.45009999344494
 21
364.415322046389
 31
0.0
  0
LINE
  5
1E0
330
1F
100
AcDbEntity
  8
VISIBLE
100
AcDbLine
 10
104.0565598196759
 20
362.6421204323637
 30
0.0
 11
93.45009999344494
 21
362.6421204323637
 31
0.0
  0
LINE
  5
1E1
330
1F
100
AcDbEntity
  8
VISIBLE
100
AcDbLine
 10
104.0565598196759
 20
365.9644579158779
 30
0.0
 11
104.0565598196759
 21
362.6421204323637
 31
0.0
  0
LINE
  5
1E2
330
1F
100
AcDbEntity
  8
VISIBLE
100
AcDbLine
 10
102.5438284992363
 20
365.9644579158779
 30
0.0
 11
104.0565598196759
 21
365.9644579158779
 31
0.0
  0
SPLINE
  5
1E3
330
1F
100
AcDbEntity
  8
VISIBLE
100
AcDbSpline
210
0.0
220
0.0
230
1.0
 70
     8
 71
     2
 72
     6
 73
     3
 74
     0
 42
0.000000001
 43
0.000000039058188
 40
0.0
 40
0.0
 40
0.0
 40
0.8464699594273807
 40
0.8464699594273807
 40
0.8464699594273807
 10
93.9700146687089
 20
376.9913621187419
 30
0.0
 10
92.64854633076887
 20
378.1757369499651
 30
0.0
 10
92.44566124322948
 20
380.1377365007183
 30
0.0
  0
SPLINE
  5
1E4
330
1F
100
AcDbEntity
  8
VISIBLE
100
AcDbSpline
210
0.0
220
0.0
230
1.0
 70
     8
 71
     2
 72
     6
 73
     3
 74
     0
 42
0.000000001
 43
0.0000000388328864
 40
0.1484695980149238
 40
0.1484695980149238
 40
0.1484695980149238
 40
1.0
 40
1.0
 40
1.0
 10
97.52345347749176
 20
375.6230118523933
 30
0.0
 10
95.29938312707438
 20
375.799906751779
 30
0.0
 10
93.9700146687089
 20
376.9913621187419
 30
0.0
  0
LINE
  5
1E5
330
1F
100
AcDbEntity
  8
VISIBLE
100
AcDbLine
 10
97.52345347749176
 20
375.6230118523933
 30
0.0
 11
97.52345347612189
 21
377.4202096047032
 31
0.0
  0
SPLINE
  5
1E6
330
1F
100
AcDbEntity
  8
VISIBLE
100
AcDbSpline
210
0.0
220
0.0
230
1.0
 70
     8
 71
     2
 72
     6
 73
     3
 74
     0
 42
0.000000001
 43
0.0000000389556029
 40
0.0
 40
0.0
 40
0.0
 40
0.8094531407022102
 40
0.8094531407022102
 40
0.8094531407022102
 10
94.99853839209837
 20
378.2553109151799
 30
0.0
 10
95.90271117817841
 20
377.553867453333
 30
0.0
 10
97.52345347612189
 20
377.4202096047032
 30
0.0
  0
SPLINE
  5
1E7
330
1F
100
AcDbEntity
  8
VISIBLE
100
AcDbSpline
210
0.0
220
0.0
230
1.0
 70
     8
 71
     2
 72
     6
 73
     3
 74
     0
 42
0.000000001
 43
0.0000000390810927
 40
0.2122077487641136
 40
0.2122077487641136
 40
0.2122077487641136
 40
1.0
 40
1.0
 40
1.0
 10
93.93182320198929
 20
380.1377364986591
 30
0.0
 10
94.11856118423393
 20
378.9379838163483
 30
0.0
 10
94.99853839209837
 20
378.2553109151799
 30
0.0
  0
LINE
  5
1E8
330
1F
100
AcDbEntity
  8
VISIBLE
100
AcDbLine
 10
92.44566124322948
 20
380.1377365009541
 30
0.0
 11
93.93182320198929
 21
380.1377365009541
 31
0.0
  0
SPLINE
  5
1E9
330
1F
100
AcDbEntity
  8
VISIBLE
100
AcDbSpline
210
0.0
220
0.0
230
1.0
 70
     8
 71
     2
 72
     6
 73
     3
 74
     0
 42
0.000000001
 43
0.0000000392621818
 40
0.0
 40
0.0
 40
0.0
 40
0.7813599972103731
 40
0.7813599972103731
 40
0.7813599972103731
 10
101.6672457804384
 20
378.2653290033947
 30
0.0
 10
102.563521252402
 20
378.9502556741093
 30
0.0
 10
102.7594829240924
 20
380.1377364984405
 30
0.0
  0
SPLINE
  5
1EA
330
1F
100
AcDbEntity
  8
VISIBLE
100
AcDbSpline
210
0.0
220
0.0
230
1.0
 70
     8
 71
     2
 72
     6
 73
     3
 74
     0
 42
0.000000001
 43
0.0000000390544372
 40
0.1654291114683547
 40
0.1654291114683547
 40
0.1654291114683547
 40
1.0
 40
1.0
 40
1.0
 10
99.02345347827826
 20
377.4127355405873
 30
0.0
 10
100.7099336328031
 20
377.5337585848961
 30
0.0
 10
101.6672457804384
 20
378.2653290033947
 30
0.0
  0
LINE
  5
1EB
330
1F
100
AcDbEntity
  8
VISIBLE
100
AcDbLine
 10
99.0234534777179
 20
375.6175590462859
 30
0.0
 11
99.02345347827826
 21
377.4127355405873
 31
0.0
  0
SPLINE
  5
1EC
330
1F
100
AcDbEntity
  8
VISIBLE
100
AcDbSpline
210
0.0
220
0.0
230
1.0
 70
     8
 71
     2
 72
     6
 73
     3
 74
     0
 42
0.000000001
 43
0.0000000388537363
 40
0.0
 40
0.0
 40
0.0
 40
0.8020306491218738
 40
0.8020306491218738
 40
0.8020306491218738
 10
101.4785717857257
 20
376.2400055026294
 30
0.0
 10
100.3992284660782
 20
375.7204208772905
 30
0.0
 10
99.02345346798664
 20
375.6175590462859
 30
0.0
  0
SPLINE
  5
1ED
330
1F
100
AcDbEntity
  8
VISIBLE
100
AcDbSpline
210
0.0
220
0.0
230
1.0
 70
     8
 71
     2
 72
     6
 73
     3
 74
     0
 42
0.000000001
 43
0.0000000390819114
 40
0.0
 40
0.0
 40
0.0
 40
1.0
 40
1.0
 40
1.0
 10
103.5456373207195
 20
378.0766550086821
 30
0.0
 10
102.8243349692516
 20
376.8878418738553
 30
0.0
 10
101.4785717857257
 20
376.2400055026294
 30
0.0
  0
SPLINE
  5
1EE
330
1F
100
AcDbEntity
  8
VISIBLE
100
AcDbSpline
210
0.0
220
0.0
230
1.0
 70
     8
 71
     2
 72
     6
 73
     3
 74
     0
 42
0.000000001
 43
0.0000000392981643
 40
0.2216309539545572
 40
0.2216309539545572
 40
0.2216309539545572
 40
1.0
 40
1.0
 40
1.0
 10
104.2315090988984
 20
380.1377365106914
 30
0.0
 10
104.1070767439419
 20
379.0019903543634
 30
0.0
 10
103.5456373207195
 20
378.0766550086821
 30
0.0
  0
LINE
  5
1EF
330
1F
100
AcDbEntity
  8
VISIBLE
100
AcDbLine
 10
102.7594829240924
 20
380.1377365009541
 30
0.0
 11
104.2315090988984
 21
380.1377365009541
 31
0.0
  0
SPLINE
  5
1F0
330
1F
100
AcDbEntity
  8
VISIBLE
100
AcDbSpline
210
0.0
220
0.0
230
1.0
 70
     8
 71
     2
 72
     6
 73
     3
 74
     0
 42
0.000000001
 43
0.0000000385930089
 40
0.1478088528385026
 40
0.1478088528385026
 40
0.1478088528385026
 40
1.0
 40
1.0
 40
1.0
 10
100.2999868431496
 20
373.1843388360749
 30
0.0
 10
101.9288723129325
 20
373.0101976882697
 30
0.0
 10
102.9078190377085
 20
371.8320466881032
 30
0.0
  0
LINE
  5
1F1
330
1F
100
AcDbEntity
  8
VISIBLE
100
AcDbLine
 10
100.2999868433057
 20
371.2562578346563
 30
0.0
 11
100.2999868429675
 21
373.1843388360749
 31
0.0
  0
SPLINE
  5
1F2
330
1F
100
AcDbEntity
  8
VISIBLE
100
AcDbSpline
210
0.0
220
0.0
230
1.0
 70
     8
 71
     2
 72
     6
 73
     3
 74
     0
 42
0.000000001
 43
0.0000000383799416
 40
0.0
 40
0.0
 40
0.0
 40
0.7503149002554839
 40
0.7503149002554839
 40
0.7503149002554839
 10
101.8292048732449
 20
370.3810935783217
 30
0.0
 10
101.2930121185889
 20
371.0814014050802
 30
0.0
 10
100.2999868433057
 20
371.2562578346563
 30
0.0
  0
SPLINE
  5
1F3
330
1F
100
AcDbEntity
  8
VISIBLE
100
AcDbSpline
210
0.0
220
0.0
230
1.0
 70
     8
 71
     2
 72
     6
 73
     3
 74
     0
 42
0.000000001
 43
0.0000000383129611
 40
0.0
 40
0.0
 40
0.0
 40
1.0
 40
1.0
 40
1.0
 10
102.5438284992363
 20
367.6010740987057
 30
0.0
 10
102.5438284992362
 20
369.4477416929731
 30
0.0
 10
101.8292048732449
 20
370.3810935783217
 30
0.0
  0
LINE
  5
1F4
330
1F
100
AcDbEntity
  8
VISIBLE
100
AcDbLine
 10
102.5438284992363
 20
367.4644579158779
 30
0.0
 11
102.5438284992363
 21
367.6010740987057
 31
0.0
  0
LINE
  5
1F5
330
1F
100
AcDbEntity
  8
VISIBLE
100
AcDbLine
 10
102.5438284992363
 20
367.4644579158779
 30
0.0
 11
104.0565598196759
 21
367.4644579158779
 31
0.0
  0
LINE
  5
1F6
330
1F
100
AcDbEntity
  8
VISIBLE
100
AcDbLine
 10
104.0565598196759
 20
367.9650646371779
 30
0.0
 11
104.0565598196759
 21
367.4644579158779
 31
0.0
  0
SPLINE
  5
1F7
330
1F
100
AcDbEntity
  8
VISIBLE
100
AcDbSpline
210
0.0
220
0.0
230
1.0
 70
     8
 71
     2
 72
     6
 73
     3
 74
     0
 42
0.000000001
 43
0.0000000384909237
 40
0.0
 40
0.0
 40
0.0
 40
1.0
 40
1.0
 40
1.0
 10
102.9078190377085
 20
371.8320466881032
 30
0.0
 10
104.0565598196759
 20
370.4495505144563
 30
0.0
 10
104.0565598196759
 20
367.9650646371779
 30
0.0
  0
LINE
  5
1F8
330
1F
100
AcDbEntity
  8
VISIBLE
100
AcDbLine
 10
98.79998684296751
 20
371.2273844101356
 30
0.0
 11
98.79998684296751
 21
373.1256216939097
 31
0.0
  0
SPLINE
  5
1F9
330
1F
100
AcDbEntity
  8
VISIBLE
100
AcDbSpline
210
0.0
220
0.0
230
1.0
 70
     8
 71
     2
 72
     6
 73
     3
 74
     0
 42
0.000000001
 43
0.0000000384877993
 40
0.0
 40
0.0
 40
0.0
 40
0.8400642999053269
 40
0.8400642999053269
 40
0.8400642999053269
 10
96.06212542423972
 20
369.7382662512032
 30
0.0
 10
96.56146516115298
 20
372.6585621283195
 30
0.0
 10
98.79998683649684
 20
373.1256216939097
 30
0.0
  0
LINE
  5
1FA
330
1F
100
AcDbEntity
  8
VISIBLE
100
AcDbLine
 10
95.95860517935313
 20
369.7382662512032
 30
0.0
 11
96.06212542423972
 21
369.7382662512032
 31
0.0
  0
SPLINE
  5
1FB
330
1F
100
AcDbEntity
  8
VISIBLE
100
AcDbSpline
210
0.0
220
0.0
230
1.0
 70
     8
 71
     2
 72
     6
 73
     3
 74
     0
 42
0.000000001
 43
0.0000000383069464
 40
0.0
 40
0.0
 40
0.0
 40
1.0
 40
1.0
 40
1.0
 10
94.81654312286224
 20
371.9472547025738
 30
0.0
 10
95.69813488576749
 20
371.1908890423539
 30
0.0
 10
95.95860517935313
 20
369.7382662512032
 30
0.0
  0
SPLINE
  5
1FC
330
1F
100
AcDbEntity
  8
VISIBLE
100
AcDbSpline
210
0.0
220
0.0
230
1.0
 70
     8
 71
     2
 72
     6
 73
     3
 74
     0
 42
0.000000001
 43
0.0000000383456167
 40
0.3422025676839777
 40
0.3422025676839777
 40
0.3422025676839777
 40
1.0
 40
1.0
 40
1.0
 10
93.45009999613889
 20
372.615047979451
 30
0.0
 10
94.2366343248722
 20
372.4447900917584
 30
0.0
 10
94.81654312286224
 20
371.9472547025738
 30
0.0
  0
LINE
  5
1FD
330
1F
100
AcDbEntity
  8
VISIBLE
100
AcDbLine
 10
93.45009999228537
 20
370.8070351709698
 30
0.0
 11
93.45009999344494
 21
372.615047979451
 31
0.0
  0
SPLINE
  5
1FE
330
1F
100
AcDbEntity
  8
VISIBLE
100
AcDbSpline
210
0.0
220
0.0
230
1.0
 70
     8
 71
     2
 72
     6
 73
     3
 74
     0
 42
0.000000001
 43
0.0000000381682324
 40
0.0
 40
0.0
 40
0.0
 40
0.7304356448417755
 40
0.7304356448417755
 40
0.7304356448417755
 10
94.741407461251
 20
370.0421482603865
 30
0.0
 10
94.31089050124686
 20
370.6446280854348
 30
0.0
 10
93.45009999228537
 20
370.8070351709698
 30
0.0
  0
SPLINE
  5
1FF
330
1F
100
AcDbEntity
  8
VISIBLE
100
AcDbSpline
210
0.0
220
0.0
230
1.0
 70
     8
 71
     2
 72
     6
 73
     3
 74
     0
 42
0.000000001
 43
0.0000000381074563
 40
0.034154321396211
 40
0.034154321396211
 40
0.034154321396211
 40
1.0
 40
1.0
 40
1.0
 10
95.33011744193136
 20
367.4644579182968
 30
0.0
 10
95.31067451211584
 20
369.2454969200828
 30
0.0
 10
94.741407461251
 20
370.0421482603865
 30
0.0
  0
LINE
  5
200
330
1F
100
AcDbEntity
  8
VISIBLE
100
AcDbLine
 10
95.33011744193136
 20
367.4644579158779
 30
0.0
 11
96.83352289490195
 21
367.4644579158779
 31
0.0
  0
SPLINE
  5
201
330
1F
100
AcDbEntity
  8
VISIBLE
100
AcDbSpline
210
0.0
220
0.0
230
1.0
 70
     8
 71
     2
 72
     6
 73
     3
 74
     0
 42
0.000000001
 43
0.0000000381888626
 40
0.0
 40
0.0
 40
0.0
 40
0.9973533964635963
 40
0.9973533964635963
 40
0.9973533964635963
 10
97.5013907644373
 20
370.3593877205228
 30
0.0
 10
96.8352858106283
 20
369.406857636576
 30
0.0
 10
96.83352289490195
 20
367.464457915886
 30
0.0
  0
SPLINE
  5
202
330
1F
100
AcDbEntity
  8
VISIBLE
100
AcDbSpline
210
0.0
220
0.0
230
1.0
 70
     8
 71
     2
 72
     6
 73
     3
 74
     0
 42
0.000000001
 43
0.0000000383038002
 40
0.3019236576833791
 40
0.3019236576833791
 40
0.3019236576833791
 40
1.0
 40
1.0
 40
1.0
 10
98.79998684300016
 20
371.2273844101356
 30
0.0
 10
97.96761678963834
 20
371.0260909365603
 30
0.0
 10
97.5013907644373
 20
370.3593877205228
 30
0.0
  0
LINE
  5
203
330
1F
100
AcDbEntity
  8
VISIBLE
100
AcDbLine
 10
98.65013154640475
 20
316.0847251352995
 30
0.0
 11
98.65013154640475
 21
312.2945954667088
 31
0.0
  0
LINE
  5
204
330
1F
100
AcDbEntity
  8
VISIBLE
100
AcDbLine
 10
97.55482056824974
 20
316.0847251352995
 30
0.0
 11
98.65013154640475
 21
316.0847251352995
 31
0.0
  0
SPLINE
  5
205
330
1F
100
AcDbEntity
  8
VISIBLE
100
AcDbSpline
210
0.0
220
0.0
230
1.0
 70
     8
 71
     2
 72
     6
 73
     3
 74
     0
 42
0.000000001
 43
0.0000000329533037
 40
0.0
 40
0.0
 40
0.0
 40
1.0
 40
1.0
 40
1.0
 10
93.82308270822469
 20
314.8324641084455
 30
0.0
 10
95.23730282788519
 20
316.0847251352995
 30
0.0
 10
97.55482056824974
 20
316.0847251352995
 30
0.0
  0
SPLINE
  5
206
330
1F
100
AcDbEntity
  8
VISIBLE
100
AcDbSpline
210
0.0
220
0.0
230
1.0
 70
     8
 71
     2
 72
     6
 73
     3
 74
     0
 42
0.000000001
 43
0.0000000327327957
 40
0.2098064635746799
 40
0.2098064635746799
 40
0.2098064635746799
 40
1.0
 40
1.0
 40
1.0
 10
92.47111479350798
 20
312.2945954675508
 30
0.0
 10
92.70557511058634
 20
313.8429355391081
 30
0.0
 10
93.82308270822469
 20
314.8324641084455
 30
0.0
  0
LINE
  5
207
330
1F
100
AcDbEntity
  8
VISIBLE
100
AcDbLine
 10
92.47111479350798
 20
312.2945954667088
 30
0.0
 11
93.97114339744198
 21
312.2945954667088
 31
0.0
  0
SPLINE
  5
208
330
1F
100
AcDbEntity
  8
VISIBLE
100
AcDbSpline
210
0.0
220
0.0
230
1.0
 70
     8
 71
     2
 72
     6
 73
     3
 74
     0
 42
0.000000001
 43
0.0000000326287178
 40
0.0
 40
0.0
 40
0.0
 40
0.6452943197004795
 40
0.6452943197004795
 40
0.6452943197004795
 10
94.7330590544053
 20
313.4983886945036
 30
0.0
 10
94.1706375129271
 20
313.0275492047987
 30
0.0
 10
93.97114339744198
 20
312.2945954629877
 30
0.0
  0
SPLINE
  5
209
330
1F
100
AcDbEntity
  8
VISIBLE
100
AcDbSpline
210
0.0
220
0.0
230
1.0
 70
     8
 71
     2
 72
     6
 73
     3
 74
     0
 42
0.000000001
 43
0.0000000327666413
 40
0.0
 40
0.0
 40
0.0
 40
1.0
 40
1.0
 40
1.0
 10
97.24092047085166
 20
314.2280394528173
 30
0.0
 10
95.60463272909571
 20
314.2280394528173
 30
0.0
 10
94.7330590544053
 20
313.4983886945036
 30
0.0
  0
LINE
  5
20A
330
1F
100
AcDbEntity
  8
VISIBLE
100
AcDbLine
 10
97.24092047085166
 20
312.2945954667088
 30
0.0
 11
97.24092047085166
 21
314.2280394528173
 31
0.0
  0
LINE
  5
20B
330
1F
100
AcDbEntity
  8
VISIBLE
100
AcDbLine
 10
97.24092047085166
 20
312.2945954667088
 30
0.0
 11
98.65013154640475
 21
312.2945954667088
 31
0.0
  0
SPLINE
  5
20C
330
1F
100
AcDbEntity
  8
VISIBLE
100
AcDbSpline
210
0.0
220
0.0
230
1.0
 70
     8
 71
     2
 72
     6
 73
     3
 74
     0
 42
0.000000001
 43
0.0000000323696979
 40
0.2346357984766299
 40
0.2346357984766299
 40
0.2346357984766299
 40
1.0
 40
1.0
 40
1.0
 10
93.91084779864909
 20
310.7945954657853
 30
0.0
 10
94.07186427012581
 20
309.8414422461072
 30
0.0
 10
94.75810427494238
 20
309.2139863012936
 30
0.0
  0
LINE
  5
20D
330
1F
100
AcDbEntity
  8
VISIBLE
100
AcDbLine
 10
92.44219944963245
 20
310.7945954667087
 30
0.0
 11
93.91084779864909
 21
310.7945954667087
 31
0.0
  0
SPLINE
  5
20E
330
1F
100
AcDbEntity
  8
VISIBLE
100
AcDbSpline
210
0.0
220
0.0
230
1.0
 70
     8
 71
     2
 72
     6
 73
     3
 74
     0
 42
0.000000001
 43
0.0000000323503237
 40
0.0
 40
0.0
 40
0.0
 40
0.8568988103827382
 40
0.8568988103827382
 40
0.8568988103827382
 10
94.03680192347446
 20
307.7730512797269
 30
0.0
 10
92.64182264401458
 20
308.9405416305365
 30
0.0
 10
92.44219944963245
 20
310.794595476365
 30
0.0
  0
SPLINE
  5
20F
330
1F
100
AcDbEntity
  8
VISIBLE
100
AcDbSpline
210
0.0
220
0.0
230
1.0
 70
     8
 71
     2
 72
     6
 73
     3
 74
     0
 42
0.000000001
 43
0.000000032181627
 40
0.0
 40
0.0
 40
0.0
 40
1.0
 40
1.0
 40
1.0
 10
98.43307296841671
 20
306.4105912825098
 30
0.0
 10
95.66474125838471
 20
306.4105912825098
 30
0.0
 10
94.03680192347446
 20
307.7730512797269
 30
0.0
  0
SPLINE
  5
210
330
1F
100
AcDbEntity
  8
VISIBLE
100
AcDbSpline
210
0.0
220
0.0
230
1.0
 70
     8
 71
     2
 72
     6
 73
     3
 74
     0
 42
0.000000001
 43
0.0000000323154511
 40
0.0
 40
0.0
 40
0.0
 40
1.0
 40
1.0
 40
1.0
 10
102.720814724365
 20
307.8782412059826
 30
0.0
 10
101.1746897765425
 20
306.4105912825098
 30
0.0
 10
98.43307296841671
 20
306.4105912825098
 30
0.0
  0
SPLINE
  5
211
330
1F
100
AcDbEntity
  8
VISIBLE
100
AcDbSpline
210
0.0
220
0.0
230
1.0
 70
     8
 71
     2
 72
     6
 73
     3
 74
     0
 42
0.000000001
 43
0.0000000327423512
 40
0.0
 40
0.0
 40
0.0
 40
1.0
 40
1.0
 40
1.0
 10
104.2669396721874
 20
311.8804674478082
 30
0.0
 10
104.2669396721874
 20
309.3458911294556
 30
0.0
 10
102.720814724365
 20
307.8782412059826
 30
0.0
  0
SPLINE
  5
212
330
1F
100
AcDbEntity
  8
VISIBLE
100
AcDbSpline
210
0.0
220
0.0
230
1.0
 70
     8
 71
     2
 72
     6
 73
     3
 74
     0
 42
0.000000001
 43
0.000000032930712
 40
0.0
 40
0.0
 40
0.0
 40
1.0
 40
1.0
 40
1.0
 10
104.093292809797
 20
313.8573701888685
 30
0.0
 10
104.2669396721874
 20
313.0392263179905
 30
0.0
 10
104.2669396721874
 20
311.8804674478082
 30
0.0
  0
SPLINE
  5
213
330
1F
100
AcDbEntity
  8
VISIBLE
100
AcDbSpline
210
0.0
220
0.0
230
1.0
 70
     8
 71
     2
 72
     6
 73
     3
 74
     0
 42
0.000000001
 43
0.0000000330911797
 40
0.0
 40
0.0
 40
0.0
 40
1.0
 40
1.0
 40
1.0
 10
103.5256011442898
 20
315.5938388127727
 30
0.0
 10
103.9196459474066
 20
314.6755140597464
 30
0.0
 10
104.093292809797
 20
313.8573701888685
 30
0.0
  0
LINE
  5
214
330
1F
100
AcDbEntity
  8
VISIBLE
100
AcDbLine
 10
101.9794761964674
 20
315.5938388127727
 30
0.0
 11
103.5256011442898
 21
315.5938388127727
 31
0.0
  0
SPLINE
  5
215
330
1F
100
AcDbEntity
  8
VISIBLE
100
AcDbSpline
210
0.0
220
0.0
230
1.0
 70
     8
 71
     2
 72
     6
 73
     3
 74
     0
 42
0.000000001
 43
0.0000000330522349
 40
0.0
 40
0.0
 40
0.0
 40
1.0
 40
1.0
 40
1.0
 10
102.7508689890095
 20
311.9439153398355
 30
0.0
 10
102.7508689890095
 20
313.7905829341029
 30
0.0
 10
101.9794761964674
 20
315.5938388127727
 30
0.0
  0
SPLINE
  5
216
330
1F
100
AcDbEntity
  8
VISIBLE
100
AcDbSpline
210
0.0
220
0.0
230
1.0
 70
     8
 71
     2
 72
     6
 73
     3
 74
     0
 42
0.000000001
 43
0.0000000327039078
 40
0.0
 40
0.0
 40
0.0
 40
1.0
 40
1.0
 40
1.0
 10
101.7073181332978
 20
309.2256740708776
 30
0.0
 10
102.7508689890095
 20
310.1907499022398
 30
0.0
 10
102.7508689890095
 20
311.9439153398355
 30
0.0
  0
SPLINE
  5
217
330
1F
100
AcDbEntity
  8
VISIBLE
100
AcDbSpline
210
0.0
220
0.0
230
1.0
 70
     8
 71
     2
 72
     6
 73
     3
 74
     0
 42
0.000000001
 43
0.000000032414243
 40
0.0
 40
0.0
 40
0.0
 40
1.0
 40
1.0
 40
1.0
 10
98.65013154640475
 20
308.207168435703
 30
0.0
 10
100.6637672775861
 20
308.2605982395154
 30
0.0
 10
101.7073181332978
 20
309.2256740708776
 30
0.0
  0
LINE
  5
218
330
1F
100
AcDbEntity
  8
VISIBLE
100
AcDbLine
 10
98.65013154640475
 20
310.7945954667087
 30
0.0
 11
98.65013154640475
 21
308.207168435703
 31
0.0
  0
LINE
  5
219
330
1F
100
AcDbEntity
  8
VISIBLE
100
AcDbLine
 10
97.24092047085166
 20
310.7945954667087
 30
0.0
 11
98.65013154640475
 21
310.7945954667087
 31
0.0
  0
LINE
  5
21A
330
1F
100
AcDbEntity
  8
VISIBLE
100
AcDbLine
 10
97.24092047085166
 20
308.2472407885623
 30
0.0
 11
97.24092047085166
 21
310.7945954667087
 31
0.0
  0
SPLINE
  5
21B
330
1F
100
AcDbEntity
  8
VISIBLE
100
AcDbSpline
210
0.0
220
0.0
230
1.0
 70
     8
 71
     2
 72
     6
 73
     3
 74
     0
 42
0.000000001
 43
0.0000000322861126
 40
0.0
 40
0.0
 40
0.0
 40
1.0
 40
1.0
 40
1.0
 10
94.75810427494238
 20
309.2139863012936
 30
0.0
 10
95.65472317016989
 20
308.3941727490465
 30
0.0
 10
97.24092047085166
 20
308.2472407885623
 30
0.0
  0
LINE
  5
21C
330
1F
100
AcDbEntity
  8
VISIBLE
100
AcDbLine
 10
87.8172388234327
 20
319.040061158675
 30
0.0
 11
87.8172388234327
 21
320.7731904198411
 31
0.0
  0
LINE
  5
21D
330
1F
100
AcDbEntity
  8
VISIBLE
100
AcDbLine
 10
104.0565598196759
 20
319.040061158675
 30
0.0
 11
87.8172388234327
 21
319.040061158675
 31
0.0
  0
LINE
  5
21E
330
1F
100
AcDbEntity
  8
VISIBLE
100
AcDbLine
 10
104.0565598196759
 20
320.7731904198411
 30
0.0
 11
104.0565598196759
 21
319.040061158675
 31
0.0
  0
LINE
  5
21F
330
1F
100
AcDbEntity
  8
VISIBLE
100
AcDbLine
 10
87.8172388234327
 20
320.7731904198411
 30
0.0
 11
104.0565598196759
 21
320.7731904198411
 31
0.0
  0
SPLINE
  5
220
330
1F
100
AcDbEntity
  8
VISIBLE
100
AcDbSpline
210
0.0
220
0.0
230
1.0
 70
     8
 71
     2
 72
     6
 73
     3
 74
     0
 42
0.000000001
 43
0.0000000339771263
 40
0.0
 40
0.0
 40
0.0
 40
1.0
 40
1.0
 40
1.0
 10
102.720814724365
 20
325.2763210724082
 30
0.0
 10
101.1746897765425
 20
323.8086711489352
 30
0.0
 10
98.43307296841671
 20
323.8086711489352
 30
0.0
  0
SPLINE
  5
221
330
1F
100
AcDbEntity
  8
VISIBLE
100
AcDbSpline
210
0.0
220
0.0
230
1.0
 70
     8
 71
     2
 72
     6
 73
     3
 74
     0
 42
0.000000001
 43
0.0000000344036469
 40
0.0
 40
0.0
 40
0.0
 40
1.0
 40
1.0
 40
1.0
 10
104.2669396721874
 20
329.2785473142337
 30
0.0
 10
104.2669396721874
 20
326.7439709958811
 30
0.0
 10
102.720814724365
 20
325.2763210724082
 30
0.0
  0
SPLINE
  5
222
330
1F
100
AcDbEntity
  8
VISIBLE
100
AcDbSpline
210
0.0
220
0.0
230
1.0
 70
     8
 71
     2
 72
     6
 73
     3
 74
     0
 42
0.000000001
 43
0.0000000345929044
 40
0.0
 40
0.0
 40
0.0
 40
1.0
 40
1.0
 40
1.0
 10
104.093292809797
 20
331.2554500552939
 30
0.0
 10
104.2669396721874
 20
330.4373061844159
 30
0.0
 10
104.2669396721874
 20
329.2785473142337
 30
0.0
  0
SPLINE
  5
223
330
1F
100
AcDbEntity
  8
VISIBLE
100
AcDbSpline
210
0.0
220
0.0
230
1.0
 70
     8
 71
     2
 72
     6
 73
     3
 74
     0
 42
0.000000001
 43
0.0000000347543903
 40
0.0
 40
0.0
 40
0.0
 40
1.0
 40
1.0
 40
1.0
 10
103.5256011442898
 20
332.9919186791982
 30
0.0
 10
103.9196459474066
 20
332.0735939261719
 30
0.0
 10
104.093292809797
 20
331.2554500552939
 30
0.0
  0
LINE
  5
224
330
1F
100
AcDbEntity
  8
VISIBLE
100
AcDbLine
 10
101.9794761964674
 20
332.9919186791982
 30
0.0
 11
103.5256011442898
 21
332.9919186791982
 31
0.0
  0
SPLINE
  5
225
330
1F
100
AcDbEntity
  8
VISIBLE
100
AcDbSpline
210
0.0
220
0.0
230
1.0
 70
     8
 71
     2
 72
     6
 73
     3
 74
     0
 42
0.000000001
 43
0.0000000347173112
 40
0.0
 40
0.0
 40
0.0
 40
1.0
 40
1.0
 40
1.0
 10
102.7508689890095
 20
329.341995206261
 30
0.0
 10
102.7508689890095
 20
331.1886628005284
 30
0.0
 10
101.9794761964674
 20
332.9919186791982
 30
0.0
  0
SPLINE
  5
226
330
1F
100
AcDbEntity
  8
VISIBLE
100
AcDbSpline
210
0.0
220
0.0
230
1.0
 70
     8
 71
     2
 72
     6
 73
     3
 74
     0
 42
0.000000001
 43
0.0000000343673831
 40
0.0
 40
0.0
 40
0.0
 40
1.0
 40
1.0
 40
1.0
 10
101.7073181332978
 20
326.6237539373031
 30
0.0
 10
102.7508689890095
 20
327.5888297686653
 30
0.0
 10
102.7508689890095
 20
329.341995206261
 30
0.0
  0
SPLINE
  5
227
330
1F
100
AcDbEntity
  8
VISIBLE
100
AcDbSpline
210
0.0
220
0.0
230
1.0
 70
     8
 71
     2
 72
     6
 73
     3
 74
     0
 42
0.000000001
 43
0.0000000340779803
 40
0.0
 40
0.0
 40
0.0
 40
1.0
 40
1.0
 40
1.0
 10
98.65013154640475
 20
325.6052483021285
 30
0.0
 10
100.663767277586
 20
325.6586781059409
 30
0.0
 10
101.7073181332978
 20
326.6237539373031
 30
0.0
  0
LINE
  5
228
330
1F
100
AcDbEntity
  8
VISIBLE
100
AcDbLine
 10
98.65013154640475
 20
328.1755298973676
 30
0.0
 11
98.65013154640475
 21
325.6052483021285
 31
0.0
  0
LINE
  5
229
330
1F
100
AcDbEntity
  8
VISIBLE
100
AcDbLine
 10
97.24092047085166
 20
328.1755298973676
 30
0.0
 11
98.65013154640475
 21
328.1755298973676
 31
0.0
  0
LINE
  5
22A
330
1F
100
AcDbEntity
  8
VISIBLE
100
AcDbLine
 10
97.24092047085166
 20
325.6453206549878
 30
0.0
 11
97.24092047085166
 21
328.1755298973676
 31
0.0
  0
SPLINE
  5
22B
330
1F
100
AcDbEntity
  8
VISIBLE
100
AcDbSpline
210
0.0
220
0.0
230
1.0
 70
     8
 71
     2
 72
     6
 73
     3
 74
     0
 42
0.000000001
 43
0.0000000339560686
 40
0.0
 40
0.0
 40
0.0
 40
1.0
 40
1.0
 40
1.0
 10
94.75810427494238
 20
326.6120661677191
 30
0.0
 10
95.65472317016989
 20
325.792252615472
 30
0.0
 10
97.24092047085166
 20
325.6453206549878
 30
0.0
  0
SPLINE
  5
22C
330
1F
100
AcDbEntity
  8
VISIBLE
100
AcDbSpline
210
0.0
220
0.0
230
1.0
 70
     8
 71
     2
 72
     6
 73
     3
 74
     0
 42
0.000000001
 43
0.0000000340419788
 40
0.2415301411784898
 40
0.2415301411784898
 40
0.2415301411784898
 40
1.0
 40
1.0
 40
1.0
 10
93.91379126503917
 20
328.1755298962858
 30
0.0
 10
94.07804586806249
 20
327.233870036952
 30
0.0
 10
94.75810427494238
 20
326.6120661677191
 30
0.0
  0
LINE
  5
22D
330
1F
100
AcDbEntity
  8
VISIBLE
100
AcDbLine
 10
92.44407265680222
 20
328.1755298973676
 30
0.0
 11
93.91379126503917
 21
328.1755298973676
 31
0.0
  0
SPLINE
  5
22E
330
1F
100
AcDbEntity
  8
VISIBLE
100
AcDbSpline
210
0.0
220
0.0
230
1.0
 70
     8
 71
     2
 72
     6
 73
     3
 74
     0
 42
0.000000001
 43
0.0000000340235569
 40
0.0
 40
0.0
 40
0.0
 40
0.8529333076380813
 40
0.8529333076380813
 40
0.8529333076380813
 10
94.03680192347446
 20
325.1711311461524
 30
0.0
 10
92.6482782419153
 20
326.3332186581034
 30
0.0
 10
92.44407265680222
 20
328.175529897244
 30
0.0
  0
SPLINE
  5
22F
330
1F
100
AcDbEntity
  8
VISIBLE
100
AcDbSpline
210
0.0
220
0.0
230
1.0
 70
     8
 71
     2
 72
     6
 73
     3
 74
     0
 42
0.000000001
 43
0.0000000338493316
 40
0.0
 40
0.0
 40
0.0
 40
1.0
 40
1.0
 40
1.0
 10
98.43307296841671
 20
323.8086711489352
 30
0.0
 10
95.66474125838471
 20
323.8086711489352
 30
0.0
 10
94.03680192347446
 20
325.1711311461524
 30
0.0
  0
SPLINE
  5
230
330
1F
100
AcDbEntity
  8
VISIBLE
100
AcDbSpline
210
0.0
220
0.0
230
1.0
 70
     8
 71
     2
 72
     6
 73
     3
 74
     0
 42
0.000000001
 43
0.0000000343037251
 40
0.0
 40
0.0
 40
0.0
 40
0.6528260404318371
 40
0.6528260404318371
 40
0.6528260404318371
 10
94.7330590544053
 20
330.8964685609291
 30
0.0
 10
94.16407306341253
 20
330.4201335454811
 30
0.0
 10
93.96653594398074
 20
329.6755299005724
 30
0.0
  0
SPLINE
  5
231
330
1F
100
AcDbEntity
  8
VISIBLE
100
AcDbSpline
210
0.0
220
0.0
230
1.0
 70
     8
 71
     2
 72
     6
 73
     3
 74
     0
 42
0.000000001
 43
0.0000000344386267
 40
0.0
 40
0.0
 40
0.0
 40
1.0
 40
1.0
 40
1.0
 10
97.24092047085166
 20
331.6261193192427
 30
0.0
 10
95.60463272909571
 20
331.6261193192427
 30
0.0
 10
94.7330590544053
 20
330.8964685609291
 30
0.0
  0
LINE
  5
232
330
1F
100
AcDbEntity
  8
VISIBLE
100
AcDbLine
 10
97.24092047085166
 20
329.6755298973675
 30
0.0
 11
97.24092047085166
 21
331.6261193192427
 31
0.0
  0
LINE
  5
233
330
1F
100
AcDbEntity
  8
VISIBLE
100
AcDbLine
 10
97.24092047085166
 20
329.6755298973675
 30
0.0
 11
98.65013154640475
 21
329.6755298973675
 31
0.0
  0
LINE
  5
234
330
1F
100
AcDbEntity
  8
VISIBLE
100
AcDbLine
 10
98.65013154640475
 20
333.4828050017251
 30
0.0
 11
98.65013154640475
 21
329.6755298973675
 31
0.0
  0
LINE
  5
235
330
1F
100
AcDbEntity
  8
VISIBLE
100
AcDbLine
 10
97.55482056824974
 20
333.4828050017251
 30
0.0
 11
98.65013154640475
 21
333.4828050017251
 31
0.0
  0
SPLINE
  5
236
330
1F
100
AcDbEntity
  8
VISIBLE
100
AcDbSpline
210
0.0
220
0.0
230
1.0
 70
     8
 71
     2
 72
     6
 73
     3
 74
     0
 42
0.000000001
 43
0.0000000346256047
 40
0.0
 40
0.0
 40
0.0
 40
1.0
 40
1.0
 40
1.0
 10
93.8230827082247
 20
332.230543974871
 30
0.0
 10
95.2373028278852
 20
333.4828050017251
 30
0.0
 10
97.55482056824974
 20
333.4828050017251
 30
0.0
  0
SPLINE
  5
237
330
1F
100
AcDbEntity
  8
VISIBLE
100
AcDbSpline
210
0.0
220
0.0
230
1.0
 70
     8
 71
     2
 72
     6
 73
     3
 74
     0
 42
0.000000001
 43
0.000000034409482
 40
0.205435749599488
 40
0.205435749599488
 40
0.205435749599488
 40
1.0
 40
1.0
 40
1.0
 10
92.46854811842063
 20
329.6755298981159
 30
0.0
 10
92.69939395894534
 20
331.235542130763
 30
0.0
 10
93.8230827082247
 20
332.230543974871
 30
0.0
  0
LINE
  5
238
330
1F
100
AcDbEntity
  8
VISIBLE
100
AcDbLine
 10
92.46854811842063
 20
329.6755298973675
 30
0.0
 11
93.96653594398074
 21
329.6755298973675
 31
0.0
  0
SPLINE
  5
239
330
1F
100
AcDbEntity
  8
VISIBLE
100
AcDbSpline
210
0.0
220
0.0
230
1.0
 70
     8
 71
     2
 72
     6
 73
     3
 74
     0
 42
0.000000001
 43
0.000000035590917
 40
0.0
 40
0.0
 40
0.0
 40
1.0
 40
1.0
 40
1.0
 10
97.55482056824974
 20
340.3518741543617
 30
0.0
 10
98.29615909614733
 20
342.3855460619726
 30
0.0
 10
99.04751571225975
 20
343.100169687964
 30
0.0
  0
SPLINE
  5
23A
330
1F
100
AcDbEntity
  8
VISIBLE
100
AcDbSpline
210
0.0
220
0.0
230
1.0
 70
     8
 71
     2
 72
     6
 73
     3
 74
     0
 42
0.000000001
 43
0.0000000352876561
 40
0.0
 40
0.0
 40
0.0
 40
1.0
 40
1.0
 40
1.0
 10
96.70829211409641
 20
338.3482565113953
 30
0.0
 10
97.00048635369569
 20
338.8691970985665
 30
0.0
 10
97.55482056824974
 20
340.3518741543617
 30
0.0
  0
SPLINE
  5
23B
330
1F
100
AcDbEntity
  8
VISIBLE
100
AcDbSpline
210
0.0
220
0.0
230
1.0
 70
     8
 71
     2
 72
     6
 73
     3
 74
     0
 42
0.000000001
 43
0.0000000350728134
 40
0.0
 40
0.0
 40
0.0
 40
1.0
 40
1.0
 40
1.0
 10
96.09384937025337
 20
337.5918908511754
 30
0.0
 10
96.41609787449714
 20
337.8273159242239
 30
0.0
 10
96.70829211409641
 20
338.3482565113953
 30
0.0
  0
SPLINE
  5
23C
330
1F
100
AcDbEntity
  8
VISIBLE
100
AcDbSpline
210
0.0
220
0.0
230
1.0
 70
     8
 71
     2
 72
     6
 73
     3
 74
     0
 42
0.000000001
 43
0.0000000349842379
 40
0.0
 40
0.0
 40
0.0
 40
1.0
 40
1.0
 40
1.0
 10
95.3107688081273
 20
337.3564657781269
 30
0.0
 10
95.77160086600959
 20
337.3564657781269
 30
0.0
 10
96.09384937025337
 20
337.5918908511754
 30
0.0
  0
SPLINE
  5
23D
330
1F
100
AcDbEntity
  8
VISIBLE
100
AcDbSpline
210
0.0
220
0.0
230
1.0
 70
     8
 71
     2
 72
     6
 73
     3
 74
     0
 42
0.000000001
 43
0.0000000350022096
 40
0.0
 40
0.0
 40
0.0
 40
1.0
 40
1.0
 40
1.0
 10
94.24718177598594
 20
337.9825962915539
 30
0.0
 10
94.63287817225698
 20
337.3564657781269
 30
0.0
 10
95.3107688081273
 20
337.3564657781269
 30
0.0
  0
SPLINE
  5
23E
330
1F
100
AcDbEntity
  8
VISIBLE
100
AcDbSpline
210
0.0
220
0.0
230
1.0
 70
     8
 71
     2
 72
     6
 73
     3
 74
     0
 42
0.000000001
 43
0.0000000351552842
 40
0.0
 40
0.0
 40
0.0
 40
1.0
 40
1.0
 40
1.0
 10
93.86148537971489
 20
339.8409516554052
 30
0.0
 10
93.86148537971489
 20
338.608726804981
 30
0.0
 10
94.24718177598594
 20
337.9825962915539
 30
0.0
  0
SPLINE
  5
23F
330
1F
100
AcDbEntity
  8
VISIBLE
100
AcDbSpline
210
0.0
220
0.0
230
1.0
 70
     8
 71
     2
 72
     6
 73
     3
 74
     0
 42
0.000000001
 43
0.0000000354647795
 40
0.0
 40
0.0
 40
0.0
 40
1.0
 40
1.0
 40
1.0
 10
94.56943028022971
 20
342.9599164529563
 30
0.0
 10
93.86148537971489
 20
341.2401446427435
 30
0.0
 10
93.86148537971489
 20
339.8409516554052
 30
0.0
  0
LINE
  5
240
330
1F
100
AcDbEntity
  8
VISIBLE
100
AcDbLine
 10
93.16021920467664
 20
343.5776985595377
 30
0.0
 11
94.56943028022971
 21
342.9599164529563
 31
0.0
  0
SPLINE
  5
241
330
1F
100
AcDbEntity
  8
VISIBLE
100
AcDbSpline
210
0.0
220
0.0
230
1.0
 70
     8
 71
     2
 72
     6
 73
     3
 74
     0
 42
0.000000001
 43
0.0000000354902403
 40
0.0
 40
0.0
 40
0.0
 40
1.0
 40
1.0
 40
1.0
 10
92.40886258856419
 20
339.9645080767216
 30
0.0
 10
92.40886258856419
 20
341.811175670989
 30
0.0
 10
93.16021920467664
 20
343.5776985595377
 30
0.0
  0
SPLINE
  5
242
330
1F
100
AcDbEntity
  8
VISIBLE
100
AcDbSpline
210
0.0
220
0.0
230
1.0
 70
     8
 71
     2
 72
     6
 73
     3
 74
     0
 42
0.000000001
 43
0.0000000351419927
 40
0.0
 40
0.0
 40
0.0
 40
1.0
 40
1.0
 40
1.0
 10
93.21865805259648
 20
336.8455432791704
 30
0.0
 10
92.40886258856419
 20
337.984265972923
 30
0.0
 10
92.40886258856419
 20
339.9645080767216
 30
0.0
  0
SPLINE
  5
243
330
1F
100
AcDbEntity
  8
VISIBLE
100
AcDbSpline
210
0.0
220
0.0
230
1.0
 70
     8
 71
     2
 72
     6
 73
     3
 74
     0
 42
0.000000001
 43
0.0000000348953718
 40
0.0
 40
0.0
 40
0.0
 40
1.0
 40
1.0
 40
1.0
 10
95.42764650396701
 20
335.7068205854177
 30
0.0
 10
94.02845351662876
 20
335.7068205854177
 30
0.0
 10
93.21865805259648
 20
336.8455432791704
 30
0.0
  0
SPLINE
  5
244
330
1F
100
AcDbEntity
  8
VISIBLE
100
AcDbSpline
210
0.0
220
0.0
230
1.0
 70
     8
 71
     2
 72
     6
 73
     3
 74
     0
 42
0.000000001
 43
0.0000000348514034
 40
0.0
 40
0.0
 40
0.0
 40
1.0
 40
1.0
 40
1.0
 10
96.77174000612368
 20
336.0357478151381
 30
0.0
 10
96.20905738472393
 20
335.7068205854177
 30
0.0
 10
95.42764650396701
 20
335.7068205854177
 30
0.0
  0
SPLINE
  5
245
330
1F
100
AcDbEntity
  8
VISIBLE
100
AcDbSpline
210
0.0
220
0.0
230
1.0
 70
     8
 71
     2
 72
     6
 73
     3
 74
     0
 42
0.000000001
 43
0.0000000349738675
 40
0.0
 40
0.0
 40
0.0
 40
1.0
 40
1.0
 40
1.0
 10
97.77855787171433
 20
337.0375566366213
 30
0.0
 10
97.33442262752344
 20
336.3646750448584
 30
0.0
 10
96.77174000612368
 20
336.0357478151381
 30
0.0
  0
SPLINE
  5
246
330
1F
100
AcDbEntity
  8
VISIBLE
100
AcDbSpline
210
0.0
220
0.0
230
1.0
 70
     8
 71
     2
 72
     6
 73
     3
 74
     0
 42
0.000000001
 43
0.0000000352193798
 40
0.0
 40
0.0
 40
0.0
 40
1.0
 40
1.0
 40
1.0
 10
98.81709968331862
 20
339.3066536172809
 30
0.0
 10
98.22269311590523
 20
337.7104382283842
 30
0.0
 10
97.77855787171433
 20
337.0375566366213
 30
0.0
  0
SPLINE
  5
247
330
1F
100
AcDbEntity
  8
VISIBLE
100
AcDbSpline
210
0.0
220
0.0
230
1.0
 70
     8
 71
     2
 72
     6
 73
     3
 74
     0
 42
0.000000001
 43
0.0000000354663198
 40
0.0
 40
0.0
 40
0.0
 40
1.0
 40
1.0
 40
1.0
 10
99.93912556337983
 20
341.5674021910947
 30
0.0
 10
99.46493605454445
 20
340.9896924373727
 30
0.0
 10
98.81709968331862
 20
339.3066536172809
 30
0.0
  0
SPLINE
  5
248
330
1F
100
AcDbEntity
  8
VISIBLE
100
AcDbSpline
210
0.0
220
0.0
230
1.0
 70
     8
 71
     2
 72
     6
 73
     3
 74
     0
 42
0.000000001
 43
0.000000035551859
 40
0.0
 40
0.0
 40
0.0
 40
1.0
 40
1.0
 40
1.0
 10
101.0811876198707
 20
342.1451119448167
 30
0.0
 10
100.4133150722152
 20
342.1451119448167
 30
0.0
 10
99.93912556337983
 20
341.5674021910947
 30
0.0
  0
SPLINE
  5
249
330
1F
100
AcDbEntity
  8
VISIBLE
100
AcDbSpline
210
0.0
220
0.0
230
1.0
 70
     8
 71
     2
 72
     6
 73
     3
 74
     0
 42
0.000000001
 43
0.0000000355868597
 40
0.0
 40
0.0
 40
0.0
 40
1.0
 40
1.0
 40
1.0
 10
102.4019055828595
 20
341.4154611865031
 30
0.0
 10
101.9694581082525
 20
342.1451119448167
 30
0.0
 10
101.0811876198707
 20
342.1451119448167
 30
0.0
  0
SPLINE
  5
24A
330
1F
100
AcDbEntity
  8
VISIBLE
100
AcDbSpline
210
0.0
220
0.0
230
1.0
 70
     8
 71
     2
 72
     6
 73
     3
 74
     0
 42
0.000000001
 43
0.0000000355282963
 40
0.0
 40
0.0
 40
0.0
 40
1.0
 40
1.0
 40
1.0
 10
102.8343530574664
 20
339.3300291564488
 30
0.0
 10
102.8343530574664
 20
340.6858104281894
 30
0.0
 10
102.4019055828595
 20
341.4154611865031
 30
0.0
  0
SPLINE
  5
24B
330
1F
100
AcDbEntity
  8
VISIBLE
100
AcDbSpline
210
0.0
220
0.0
230
1.0
 70
     8
 71
     2
 72
     6
 73
     3
 74
     0
 42
0.000000001
 43
0.0000000353279401
 40
0.0
 40
0.0
 40
0.0
 40
1.0
 40
1.0
 40
1.0
 10
102.5955886216796
 20
337.5084067827185
 30
0.0
 10
102.8343530574664
 20
338.4517767562818
 30
0.0
 10
102.8343530574664
 20
339.3300291564488
 30
0.0
  0
SPLINE
  5
24C
330
1F
100
AcDbEntity
  8
VISIBLE
100
AcDbSpline
210
0.0
220
0.0
230
1.0
 70
     8
 71
     2
 72
     6
 73
     3
 74
     0
 42
0.000000001
 43
0.0000000351465379
 40
0.0
 40
0.0
 40
0.0
 40
1.0
 40
1.0
 40
1.0
 10
101.939403843608
 20
335.7402142128006
 30
0.0
 10
102.3568241858927
 20
336.5650368091551
 30
0.0
 10
102.5955886216796
 20
337.5084067827185
 30
0.0
  0
LINE
  5
24D
330
1F
100
AcDbEntity
  8
VISIBLE
100
AcDbLine
 10
103.5456373207195
 20
335.7402142128006
 30
0.0
 11
101.939403843608
 21
335.7402142128006
 31
0.0
  0
SPLINE
  5
24E
330
1F
100
AcDbEntity
  8
VISIBLE
100
AcDbSpline
210
0.0
220
0.0
230
1.0
 70
     8
 71
     2
 72
     6
 73
     3
 74
     0
 42
0.000000001
 43
0.0000000353627119
 40
0.0
 40
0.0
 40
0.0
 40
1.0
 40
1.0
 40
1.0
 10
104.2669396721874
 20
339.2866174408513
 30
0.0
 10
104.2669396721874
 20
337.0125114160843
 30
0.0
 10
103.5456373207195
 20
335.7402142128006
 30
0.0
  0
SPLINE
  5
24F
330
1F
100
AcDbEntity
  8
VISIBLE
100
AcDbSpline
210
0.0
220
0.0
230
1.0
 70
     8
 71
     2
 72
     6
 73
     3
 74
     0
 42
0.000000001
 43
0.0000000356832303
 40
0.0
 40
0.0
 40
0.0
 40
1.0
 40
1.0
 40
1.0
 10
103.4003750416044
 20
342.6259801791286
 30
0.0
 10
104.2669396721874
 20
341.4371670443019
 30
0.0
 10
104.2669396721874
 20
339.2866174408513
 30
0.0
  0
SPLINE
  5
250
330
1F
100
AcDbEntity
  8
VISIBLE
100
AcDbSpline
210
0.0
220
0.0
230
1.0
 70
     8
 71
     2
 72
     6
 73
     3
 74
     0
 42
0.000000001
 43
0.0000000357740613
 40
0.0
 40
0.0
 40
0.0
 40
1.0
 40
1.0
 40
1.0
 10
100.9375950221248
 20
343.8147933139554
 30
0.0
 10
102.5338104110214
 20
343.8147933139554
 30
0.0
 10
103.4003750416044
 20
342.6259801791286
 30
0.0
  0
SPLINE
  5
251
330
1F
100
AcDbEntity
  8
VISIBLE
100
AcDbSpline
210
0.0
220
0.0
230
1.0
 70
     8
 71
     2
 72
     6
 73
     3
 74
     0
 42
0.000000001
 43
0.0000000357088143
 40
0.0
 40
0.0
 40
0.0
 40
1.0
 40
1.0
 40
1.0
 10
99.04751571225975
 20
343.100169687964
 30
0.0
 10
99.7988723283722
 20
343.8147933139554
 30
0.0
 10
100.9375950221248
 20
343.8147933139554
 30
0.0
  0
SPLINE
  5
252
330
1F
100
AcDbEntity
  8
VISIBLE
100
AcDbSpline
210
0.0
220
0.0
230
1.0
 70
     8
 71
     2
 72
     6
 73
     3
 74
     0
 42
0.000000001
 43
0.0000000365747372
 40
0.0
 40
0.0
 40
0.0
 40
1.0
 40
1.0
 40
1.0
 10
97.55482056824974
 20
350.5469485943227
 30
0.0
 10
98.29615909614733
 20
352.5806205019337
 30
0.0
 10
99.04751571225975
 20
353.2952441279251
 30
0.0
  0
SPLINE
  5
253
330
1F
100
AcDbEntity
  8
VISIBLE
100
AcDbSpline
210
0.0
220
0.0
230
1.0
 70
     8
 71
     2
 72
     6
 73
     3
 74
     0
 42
0.000000001
 43
0.0000000362719771
 40
0.0
 40
0.0
 40
0.0
 40
1.0
 40
1.0
 40
1.0
 10
96.70829211409642
 20
348.5433309513563
 30
0.0
 10
97.00048635369569
 20
349.0642715385275
 30
0.0
 10
97.55482056824974
 20
350.5469485943227
 30
0.0
  0
SPLINE
  5
254
330
1F
100
AcDbEntity
  8
VISIBLE
100
AcDbSpline
210
0.0
220
0.0
230
1.0
 70
     8
 71
     2
 72
     6
 73
     3
 74
     0
 42
0.000000001
 43
0.0000000360573342
 40
0.0
 40
0.0
 40
0.0
 40
1.0
 40
1.0
 40
1.0
 10
96.09384937025337
 20
347.7869652911364
 30
0.0
 10
96.41609787449714
 20
348.022390364185
 30
0.0
 10
96.70829211409642
 20
348.5433309513563
 30
0.0
  0
SPLINE
  5
255
330
1F
100
AcDbEntity
  8
VISIBLE
100
AcDbSpline
210
0.0
220
0.0
230
1.0
 70
     8
 71
     2
 72
     6
 73
     3
 74
     0
 42
0.000000001
 43
0.0000000359690392
 40
0.0
 40
0.0
 40
0.0
 40
1.0
 40
1.0
 40
1.0
 10
95.3107688081273
 20
347.551540218088
 30
0.0
 10
95.77160086600959
 20
347.551540218088
 30
0.0
 10
96.09384937025337
 20
347.7869652911364
 30
0.0
  0
SPLINE
  5
256
330
1F
100
AcDbEntity
  8
VISIBLE
100
AcDbSpline
210
0.0
220
0.0
230
1.0
 70
     8
 71
     2
 72
     6
 73
     3
 74
     0
 42
0.000000001
 43
0.000000035987626
 40
0.0
 40
0.0
 40
0.0
 40
1.0
 40
1.0
 40
1.0
 10
94.24718177598594
 20
348.1776707315149
 30
0.0
 10
94.63287817225698
 20
347.551540218088
 30
0.0
 10
95.3107688081273
 20
347.551540218088
 30
0.0
  0
SPLINE
  5
257
330
1F
100
AcDbEntity
  8
VISIBLE
100
AcDbSpline
210
0.0
220
0.0
230
1.0
 70
     8
 71
     2
 72
     6
 73
     3
 74
     0
 42
0.000000001
 43
0.0000000361417692
 40
0.0
 40
0.0
 40
0.0
 40
1.0
 40
1.0
 40
1.0
 10
93.86148537971489
 20
350.0360260953663
 30
0.0
 10
93.86148537971489
 20
348.803801244942
 30
0.0
 10
94.24718177598594
 20
348.1776707315149
 30
0.0
  0
SPLINE
  5
258
330
1F
100
AcDbEntity
  8
VISIBLE
100
AcDbSpline
210
0.0
220
0.0
230
1.0
 70
     8
 71
     2
 72
     6
 73
     3
 74
     0
 42
0.000000001
 43
0.0000000364516121
 40
0.0
 40
0.0
 40
0.0
 40
1.0
 40
1.0
 40
1.0
 10
94.56943028022971
 20
353.1549908929175
 30
0.0
 10
93.86148537971489
 20
351.4352190827045
 30
0.0
 10
93.86148537971489
 20
350.0360260953663
 30
0.0
  0
LINE
  5
259
330
1F
100
AcDbEntity
  8
VISIBLE
100
AcDbLine
 10
93.16021920467662
 20
353.7727729994988
 30
0.0
 11
94.56943028022971
 21
353.1549908929175
 31
0.0
  0
SPLINE
  5
25A
330
1F
100
AcDbEntity
  8
VISIBLE
100
AcDbSpline
210
0.0
220
0.0
230
1.0
 70
     8
 71
     2
 72
     6
 73
     3
 74
     0
 42
0.000000001
 43
0.0000000364781107
 40
0.0
 40
0.0
 40
0.0
 40
1.0
 40
1.0
 40
1.0
 10
92.4088625885642
 20
350.1595825166826
 30
0.0
 10
92.4088625885642
 20
352.00625011095
 30
0.0
 10
93.16021920467664
 20
353.7727729994988
 30
0.0
  0
SPLINE
  5
25B
330
1F
100
AcDbEntity
  8
VISIBLE
100
AcDbSpline
210
0.0
220
0.0
230
1.0
 70
     8
 71
     2
 72
     6
 73
     3
 74
     0
 42
0.000000001
 43
0.0000000361291893
 40
0.0
 40
0.0
 40
0.0
 40
1.0
 40
1.0
 40
1.0
 10
93.21865805259648
 20
347.0406177191315
 30
0.0
 10
92.4088625885642
 20
348.1793404128841
 30
0.0
 10
92.4088625885642
 20
350.1595825166826
 30
0.0
  0
SPLINE
  5
25C
330
1F
100
AcDbEntity
  8
VISIBLE
100
AcDbSpline
210
0.0
220
0.0
230
1.0
 70
     8
 71
     2
 72
     6
 73
     3
 74
     0
 42
0.000000001
 43
0.0000000358804916
 40
0.0
 40
0.0
 40
0.0
 40
1.0
 40
1.0
 40
1.0
 10
95.42764650396701
 20
345.9018950253789
 30
0.0
 10
94.02845351662876
 20
345.9018950253789
 30
0.0
 10
93.21865805259648
 20
347.0406177191315
 30
0.0
  0
SPLINE
  5
25D
330
1F
100
AcDbEntity
  8
VISIBLE
100
AcDbSpline
210
0.0
220
0.0
230
1.0
 70
     8
 71
     2
 72
     6
 73
     3
 74
     0
 42
0.000000001
 43
0.000000035835428
 40
0.0
 40
0.0
 40
0.0
 40
1.0
 40
1.0
 40
1.0
 10
96.77174000612368
 20
346.2308222550992
 30
0.0
 10
96.20905738472393
 20
345.9018950253789
 30
0.0
 10
95.42764650396701
 20
345.9018950253789
 30
0.0
  0
SPLINE
  5
25E
330
1F
100
AcDbEntity
  8
VISIBLE
100
AcDbSpline
210
0.0
220
0.0
230
1.0
 70
     8
 71
     2
 72
     6
 73
     3
 74
     0
 42
0.000000001
 43
0.0000000359573812
 40
0.0
 40
0.0
 40
0.0
 40
1.0
 40
1.0
 40
1.0
 10
97.77855787171433
 20
347.2326310765824
 30
0.0
 10
97.33442262752344
 20
346.5597494848195
 30
0.0
 10
96.77174000612368
 20
346.2308222550992
 30
0.0
  0
SPLINE
  5
25F
330
1F
100
AcDbEntity
  8
VISIBLE
100
AcDbSpline
210
0.0
220
0.0
230
1.0
 70
     8
 71
     2
 72
     6
 73
     3
 74
     0
 42
0.000000001
 43
0.0000000362026137
 40
0.0
 40
0.0
 40
0.0
 40
1.0
 40
1.0
 40
1.0
 10
98.81709968331862
 20
349.501728057242
 30
0.0
 10
98.22269311590523
 20
347.9055126683453
 30
0.0
 10
97.77855787171433
 20
347.2326310765824
 30
0.0
  0
SPLINE
  5
260
330
1F
100
AcDbEntity
  8
VISIBLE
100
AcDbSpline
210
0.0
220
0.0
230
1.0
 70
     8
 71
     2
 72
     6
 73
     3
 74
     0
 42
0.000000001
 43
0.0000000364492159
 40
0.0
 40
0.0
 40
0.0
 40
1.0
 40
1.0
 40
1.0
 10
99.93912556337983
 20
351.7624766310557
 30
0.0
 10
99.46493605454445
 20
351.1847668773337
 30
0.0
 10
98.81709968331862
 20
349.501728057242
 30
0.0
  0
SPLINE
  5
261
330
1F
100
AcDbEntity
  8
VISIBLE
100
AcDbSpline
210
0.0
220
0.0
230
1.0
 70
     8
 71
     2
 72
     6
 73
     3
 74
     0
 42
0.000000001
 43
0.0000000365340659
 40
0.0
 40
0.0
 40
0.0
 40
1.0
 40
1.0
 40
1.0
 10
101.0811876198707
 20
352.3401863847778
 30
0.0
 10
100.4133150722152
 20
352.3401863847778
 30
0.0
 10
99.93912556337983
 20
351.7624766310557
 30
0.0
  0
SPLINE
  5
262
330
1F
100
AcDbEntity
  8
VISIBLE
100
AcDbSpline
210
0.0
220
0.0
230
1.0
 70
     8
 71
     2
 72
     6
 73
     3
 74
     0
 42
0.000000001
 43
0.0000000365681265
 40
0.0
 40
0.0
 40
0.0
 40
1.0
 40
1.0
 40
1.0
 10
102.4019055828595
 20
351.6105356264641
 30
0.0
 10
101.9694581082525
 20
352.3401863847778
 30
0.0
 10
101.0811876198707
 20
352.3401863847778
 30
0.0
  0
SPLINE
  5
263
330
1F
100
AcDbEntity
  8
VISIBLE
100
AcDbSpline
210
0.0
220
0.0
230
1.0
 70
     8
 71
     2
 72
     6
 73
     3
 74
     0
 42
0.000000001
 43
0.0000000365090996
 40
0.0
 40
0.0
 40
0.0
 40
1.0
 40
1.0
 40
1.0
 10
102.8343530574664
 20
349.5251035964098
 30
0.0
 10
102.8343530574664
 20
350.8808848681505
 30
0.0
 10
102.4019055828595
 20
351.6105356264641
 30
0.0
  0
SPLINE
  5
264
330
1F
100
AcDbEntity
  8
VISIBLE
100
AcDbSpline
210
0.0
220
0.0
230
1.0
 70
     8
 71
     2
 72
     6
 73
     3
 74
     0
 42
0.000000001
 43
0.0000000363083
 40
0.0
 40
0.0
 40
0.0
 40
1.0
 40
1.0
 40
1.0
 10
102.5955886216796
 20
347.7034812226795
 30
0.0
 10
102.8343530574664
 20
348.6468511962429
 30
0.0
 10
102.8343530574664
 20
349.5251035964098
 30
0.0
  0
SPLINE
  5
265
330
1F
100
AcDbEntity
  8
VISIBLE
100
AcDbSpline
210
0.0
220
0.0
230
1.0
 70
     8
 71
     2
 72
     6
 73
     3
 74
     0
 42
0.000000001
 43
0.0000000361266798
 40
0.0
 40
0.0
 40
0.0
 40
1.0
 40
1.0
 40
1.0
 10
101.939403843608
 20
345.9352886527616
 30
0.0
 10
102.3568241858927
 20
346.7601112491162
 30
0.0
 10
102.5955886216796
 20
347.7034812226795
 30
0.0
  0
LINE
  5
266
330
1F
100
AcDbEntity
  8
VISIBLE
100
AcDbLine
 10
103.5456373207195
 20
345.9352886527616
 30
0.0
 11
101.939403843608
 21
345.9352886527616
 31
0.0
  0
SPLINE
  5
267
330
1F
100
AcDbEntity
  8
VISIBLE
100
AcDbSpline
210
0.0
220
0.0
230
1.0
 70
     8
 71
     2
 72
     6
 73
     3
 74
     0
 42
0.000000001
 43
0.000000036342012
 40
0.0
 40
0.0
 40
0.0
 40
1.0
 40
1.0
 40
1.0
 10
104.2669396721874
 20
349.4816918808123
 30
0.0
 10
104.2669396721874
 20
347.2075858560453
 30
0.0
 10
103.5456373207195
 20
345.9352886527616
 30
0.0
  0
SPLINE
  5
268
330
1F
100
AcDbEntity
  8
VISIBLE
100
AcDbSpline
210
0.0
220
0.0
230
1.0
 70
     8
 71
     2
 72
     6
 73
     3
 74
     0
 42
0.000000001
 43
0.000000036663255
 40
0.0
 40
0.0
 40
0.0
 40
1.0
 40
1.0
 40
1.0
 10
103.4003750416044
 20
352.8210546190897
 30
0.0
 10
104.2669396721874
 20
351.6322414842629
 30
0.0
 10
104.2669396721874
 20
349.4816918808123
 30
0.0
  0
SPLINE
  5
269
330
1F
100
AcDbEntity
  8
VISIBLE
100
AcDbSpline
210
0.0
220
0.0
230
1.0
 70
     8
 71
     2
 72
     6
 73
     3
 74
     0
 42
0.000000001
 43
0.0000000367549617
 40
0.0
 40
0.0
 40
0.0
 40
1.0
 40
1.0
 40
1.0
 10
100.9375950221248
 20
354.0098677539165
 30
0.0
 10
102.5338104110214
 20
354.0098677539165
 30
0.0
 10
103.4003750416044
 20
352.8210546190897
 30
0.0
  0
SPLINE
  5
26A
330
1F
100
AcDbEntity
  8
VISIBLE
100
AcDbSpline
210
0.0
220
0.0
230
1.0
 70
     8
 71
     2
 72
     6
 73
     3
 74
     0
 42
0.000000001
 43
0.0000000366914589
 40
0.0
 40
0.0
 40
0.0
 40
1.0
 40
1.0
 40
1.0
 10
99.04751571225975
 20
353.2952441279251
 30
0.0
 10
99.7988723283722
 20
354.0098677539165
 30
0.0
 10
100.9375950221248
 20
354.0098677539165
 30
0.0
  0
LINE
  5
26B
330
1F
100
AcDbEntity
  8
VISIBLE
100
AcDbLine
 10
90.33511832809391
 20
364.415322046389
 30
0.0
 11
91.95009999344494
 21
364.415322046389
 31
0.0
  0
LINE
  5
26C
330
1F
100
AcDbEntity
  8
VISIBLE
100
AcDbLine
 10
90.33511832809391
 20
365.9644579158779
 30
0.0
 11
90.33511832809391
 21
364.415322046389
 31
0.0
  0
LINE
  5
26D
330
1F
100
AcDbEntity
  8
VISIBLE
100
AcDbLine
 10
88.79901146848628
 20
365.9644579158779
 30
0.0
 11
90.33511832809391
 21
365.9644579158779
 31
0.0
  0
LINE
  5
26E
330
1F
100
AcDbEntity
  8
VISIBLE
100
AcDbLine
 10
88.79901146848628
 20
362.6421204323637
 30
0.0
 11
88.79901146848628
 21
365.9644579158779
 31
0.0
  0
LINE
  5
26F
330
1F
100
AcDbEntity
  8
VISIBLE
100
AcDbLine
 10
91.95009999344494
 20
362.6421204323637
 30
0.0
 11
88.79901146848628
 21
362.6421204323637
 31
0.0
  0
LINE
  5
270
330
1F
100
AcDbEntity
  8
VISIBLE
100
AcDbLine
 10
91.95009999344494
 20
362.6421204323637
 30
0.0
 11
91.95009999344494
 21
364.415322046389
 31
0.0
  0
SPLINE
  5
271
330
1F
100
AcDbEntity
  8
VISIBLE
100
AcDbSpline
210
0.0
220
0.0
230
1.0
 70
     8
 71
     2
 72
     6
 73
     3
 74
     0
 42
0.000000001
 43
0.0000000382862784
 40
0.0
 40
0.0
 40
0.0
 40
0.8328995867633973
 40
0.8328995867633973
 40
0.8328995867633973
 10
89.70731813329775
 20
371.3461694096839
 30
0.0
 10
90.46384637907366
 20
372.4767897475805
 30
0.0
 10
91.95009999225287
 20
372.6657168732568
 30
0.0
  0
SPLINE
  5
272
330
1F
100
AcDbEntity
  8
VISIBLE
100
AcDbSpline
210
0.0
220
0.0
230
1.0
 70
     8
 71
     2
 72
     6
 73
     3
 74
     0
 42
0.000000001
 43
0.0000000381088282
 40
0.0862643079899131
 40
0.0862643079899131
 40
0.0862643079899131
 40
1.0
 40
1.0
 40
1.0
 10
88.80577066053826
 20
367.4644579061872
 30
0.0
 10
88.87736591436887
 20
370.1058180236743
 30
0.0
 10
89.70731813329775
 20
371.3461694096839
 30
0.0
  0
LINE
  5
273
330
1F
100
AcDbEntity
  8
VISIBLE
100
AcDbLine
 10
88.80577066053826
 20
367.4644579061872
 30
0.0
 11
90.34232613988274
 21
367.4644579062897
 31
0.0
  0
SPLINE
  5
274
330
1F
100
AcDbEntity
  8
VISIBLE
100
AcDbSpline
210
0.0
220
0.0
230
1.0
 70
     8
 71
     2
 72
     6
 73
     3
 74
     0
 42
0.000000001
 43
0.0000000379987288
 40
0.0
 40
0.0
 40
0.0
 40
0.8873203576697064
 40
0.8873203576697064
 40
0.8873203576697064
 10
90.90280999360107
 20
369.9486461037147
 30
0.0
 10
90.39908562191715
 20
369.1337978554025
 30
0.0
 10
90.34232613988274
 20
367.4644579062897
 30
0.0
  0
SPLINE
  5
275
330
1F
100
AcDbEntity
  8
VISIBLE
100
AcDbSpline
210
0.0
220
0.0
230
1.0
 70
     8
 71
     2
 72
     6
 73
     3
 74
     0
 42
0.000000001
 43
0.0000000381004489
 40
0.3471260046267435
 40
0.3471260046267435
 40
0.3471260046267435
 40
1.0
 40
1.0
 40
1.0
 10
91.95009998720515
 20
370.7563159720351
 30
0.0
 10
91.27344111940084
 20
370.5481964542732
 30
0.0
 10
90.90280999360107
 20
369.9486461037147
 30
0.0
  0
LINE
  5
276
330
1F
100
AcDbEntity
  8
VISIBLE
100
AcDbLine
 10
91.95009999344494
 20
370.7563159720351
 30
0.0
 11
91.95009999344494
 21
372.6657168732568
 31
0.0
  0
CIRCLE
  5
277
330
1F
100
AcDbEntity
  8
VISIBLE
100
AcDbCircle
 10
121.0565598196759
 20
342.4585946218725
 30
0.0
 40
1.65
  0
CIRCLE
  5
278
330
1F
100
AcDbEntity
  8
VISIBLE
100
AcDbCircle
 10
121.0565598196759
 20
280.8585946218725
 30
0.0
 40
1.649999999999999
  0
LINE
  5
279
330
1F
100
AcDbEntity
  8
VISIBLE
100
AcDbLine
 10
30.05655981967594
 20
319.4585946218726
 30
0.0
 11
30.05655981967594
 21
304.1085946218725
 31
0.0
  0
LINE
  5
27A
330
1F
100
AcDbEntity
  8
VISIBLE
100
AcDbLine
 10
24.05655981967594
 20
319.4585946218726
 30
0.0
 11
30.05655981967594
 21
319.4585946218726
 31
0.0
  0
LINE
  5
27B
330
1F
100
AcDbEntity
  8
VISIBLE
100
AcDbLine
 10
24.05655981967594
 20
339.4585946218725
 30
0.0
 11
24.05655981967594
 21
319.4585946218726
 31
0.0
  0
LINE
  5
27C
330
1F
100
AcDbEntity
  8
VISIBLE
100
AcDbLine
 10
24.05655981967594
 20
339.4585946218725
 30
0.0
 11
74.05655981967594
 21
339.4585946218725
 31
0.0
  0
LINE
  5
27D
330
1F
100
AcDbEntity
  8
VISIBLE
100
AcDbLine
 10
74.05655981967593
 20
419.4585946218726
 30
0.0
 11
74.05655981967594
 21
339.4585946218725
 31
0.0
  0
LINE
  5
27E
330
1F
100
AcDbEntity
  8
VISIBLE
100
AcDbLine
 10
74.05655981967593
 20
419.4585946218726
 30
0.0
 11
90.7232264863426
 21
419.4585946218726
 31
0.0
  0
LINE
  5
27F
330
1F
100
AcDbEntity
  8
VISIBLE
100
AcDbLine
 10
90.7232264863426
 20
419.4585946218726
 30
0.0
 11
90.7232264863426
 21
413.4585946218726
 31
0.0
  0
LINE
  5
280
330
1F
100
AcDbEntity
  8
VISIBLE
100
AcDbLine
 10
97.40655981967595
 20
413.4585946218725
 30
0.0
 11
90.7232264863426
 21
413.4585946218726
 31
0.0
  0
LINE
  5
281
330
1F
100
AcDbEntity
  8
VISIBLE
100
AcDbLine
 10
97.40655981967595
 20
407.1085946218725
 30
0.0
 11
97.40655981967595
 21
413.4585946218725
 31
0.0
  0
LINE
  5
282
330
1F
100
AcDbEntity
  8
VISIBLE
100
AcDbLine
 10
96.15655981967595
 20
407.1085946218725
 30
0.0
 11
97.40655981967595
 21
407.1085946218725
 31
0.0
  0
LINE
  5
283
330
1F
100
AcDbEntity
  8
VISIBLE
100
AcDbLine
 10
96.15655981967595
 20
404.4085946218726
 30
0.0
 11
96.15655981967595
 21
407.1085946218725
 31
0.0
  0
LINE
  5
284
330
1F
100
AcDbEntity
  8
VISIBLE
100
AcDbLine
 10
96.15655981967595
 20
404.4085946218726
 30
0.0
 11
97.40655981967595
 21
404.4085946218726
 31
0.0
  0
LINE
  5
285
330
1F
100
AcDbEntity
  8
VISIBLE
100
AcDbLine
 10
97.40655981967595
 20
403.2835946218725
 30
0.0
 11
97.40655981967595
 21
404.4085946218726
 31
0.0
  0
LINE
  5
286
330
1F
100
AcDbEntity
  8
VISIBLE
100
AcDbLine
 10
97.40655981967595
 20
403.2835946218725
 30
0.0
 11
100.7065598196759
 21
403.2835946218725
 31
0.0
  0
LINE
  5
287
330
1F
100
AcDbEntity
  8
VISIBLE
100
AcDbLine
 10
100.7065598196759
 20
403.2835946218725
 30
0.0
 11
100.7065598196759
 21
404.4085946218726
 31
0.0
  0
LINE
  5
288
330
1F
100
AcDbEntity
  8
VISIBLE
100
AcDbLine
 10
100.7065598196759
 20
404.4085946218726
 30
0.0
 11
101.9565598196759
 21
404.4085946218726
 31
0.0
  0
LINE
  5
289
330
1F
100
AcDbEntity
  8
VISIBLE
100
AcDbLine
 10
101.9565598196759
 20
404.4085946218726
 30
0.0
 11
101.9565598196759
 21
407.1085946218725
 31
0.0
  0
LINE
  5
28A
330
1F
100
AcDbEntity
  8
VISIBLE
100
AcDbLine
 10
100.7065598196759
 20
407.1085946218725
 30
0.0
 11
101.9565598196759
 21
407.1085946218725
 31
0.0
  0
LINE
  5
28B
330
1F
100
AcDbEntity
  8
VISIBLE
100
AcDbLine
 10
100.7065598196759
 20
407.1085946218725
 30
0.0
 11
100.7065598196759
 21
413.4585946218725
 31
0.0
  0
LINE
  5
28C
330
1F
100
AcDbEntity
  8
VISIBLE
100
AcDbLine
 10
107.3898931530093
 20
413.4585946218726
 30
0.0
 11
100.7065598196759
 21
413.4585946218725
 31
0.0
  0
LINE
  5
28D
330
1F
100
AcDbEntity
  8
VISIBLE
100
AcDbLine
 10
107.3898931530093
 20
419.4585946218726
 30
0.0
 11
107.3898931530093
 21
413.4585946218726
 31
0.0
  0
LINE
  5
28E
330
1F
100
AcDbEntity
  8
VISIBLE
100
AcDbLine
 10
107.3898931530093
 20
419.4585946218726
 30
0.0
 11
124.0565598196759
 21
419.4585946218726
 31
0.0
  0
LINE
  5
28F
330
1F
100
AcDbEntity
  8
VISIBLE
100
AcDbLine
 10
124.0565598196759
 20
419.4585946218726
 30
0.0
 11
124.0565598196759
 21
388.6585946218725
 31
0.0
  0
LINE
  5
290
330
1F
100
AcDbEntity
  8
VISIBLE
100
AcDbLine
 10
124.0565598196759
 20
388.6585946218725
 30
0.0
 11
118.0565598196759
 21
388.6585946218725
 31
0.0
  0
LINE
  5
291
330
1F
100
AcDbEntity
  8
VISIBLE
100
AcDbLine
 10
118.0565598196759
 20
357.8585946218725
 30
0.0
 11
118.0565598196759
 21
388.6585946218725
 31
0.0
  0
LINE
  5
292
330
1F
100
AcDbEntity
  8
VISIBLE
100
AcDbLine
 10
124.0565598196759
 20
357.8585946218725
 30
0.0
 11
118.0565598196759
 21
357.8585946218725
 31
0.0
  0
LINE
  5
293
330
1F
100
AcDbEntity
  8
VISIBLE
100
AcDbLine
 10
124.0565598196759
 20
357.8585946218725
 30
0.0
 11
124.0565598196759
 21
327.0585946218725
 31
0.0
  0
LINE
  5
294
330
1F
100
AcDbEntity
  8
VISIBLE
100
AcDbLine
 10
124.0565598196759
 20
327.0585946218725
 30
0.0
 11
118.0565598196759
 21
327.0585946218725
 31
0.0
  0
LINE
  5
295
330
1F
100
AcDbEntity
  8
VISIBLE
100
AcDbLine
 10
118.0565598196759
 20
296.2585946218726
 30
0.0
 11
118.0565598196759
 21
327.0585946218725
 31
0.0
  0
LINE
  5
296
330
1F
100
AcDbEntity
  8
VISIBLE
100
AcDbLine
 10
124.0565598196759
 20
296.2585946218726
 30
0.0
 11
118.0565598196759
 21
296.2585946218726
 31
0.0
  0
LINE
  5
297
330
1F
100
AcDbEntity
  8
VISIBLE
100
AcDbLine
 10
124.0565598196759
 20
296.2585946218726
 30
0.0
 11
124.0565598196759
 21
265.4585946218725
 31
0.0
  0
LINE
  5
298
330
1F
100
AcDbEntity
  8
VISIBLE
100
AcDbLine
 10
104.0565598196759
 20
265.4585946218725
 30
0.0
 11
124.0565598196759
 21
265.4585946218725
 31
0.0
  0
LINE
  5
299
330
1F
100
AcDbEntity
  8
VISIBLE
100
AcDbLine
 10
104.0565598196759
 20
259.4585946218725
 30
0.0
 11
104.0565598196759
 21
265.4585946218725
 31
0.0
  0
LINE
  5
29A
330
1F
100
AcDbEntity
  8
VISIBLE
100
AcDbLine
 10
84.05655981967595
 20
259.4585946218725
 30
0.0
 11
104.0565598196759
 21
259.4585946218725
 31
0.0
  0
LINE
  5
29B
330
1F
100
AcDbEntity
  8
VISIBLE
100
AcDbLine
 10
84.05655981967595
 20
259.4585946218725
 30
0.0
 11
84.05655981967595
 21
265.4585946218725
 31
0.0
  0
LINE
  5
29C
330
1F
100
AcDbEntity
  8
VISIBLE
100
AcDbLine
 10
75.70655981967595
 20
265.4585946218725
 30
0.0
 11
84.05655981967595
 21
265.4585946218725
 31
0.0
  0
LINE
  5
29D
330
1F
100
AcDbEntity
  8
VISIBLE
100
AcDbLine
 10
75.70655981967595
 20
271.8085946218725
 30
0.0
 11
75.70655981967595
 21
265.4585946218725
 31
0.0
  0
LINE
  5
29E
330
1F
100
AcDbEntity
  8
VISIBLE
100
AcDbLine
 10
76.95655981967596
 20
271.8085946218725
 30
0.0
 11
75.70655981967595
 21
271.8085946218725
 31
0.0
  0
LINE
  5
29F
330
1F
100
AcDbEntity
  8
VISIBLE
100
AcDbLine
 10
76.95655981967596
 20
274.5085946218725
 30
0.0
 11
76.95655981967596
 21
271.8085946218725
 31
0.0
  0
LINE
  5
2A0
330
1F
100
AcDbEntity
  8
VISIBLE
100
AcDbLine
 10
76.95655981967596
 20
274.5085946218725
 30
0.0
 11
75.70655981967595
 21
274.5085946218725
 31
0.0
  0
LINE
  5
2A1
330
1F
100
AcDbEntity
  8
VISIBLE
100
AcDbLine
 10
75.70655981967595
 20
275.6335946218725
 30
0.0
 11
75.70655981967595
 21
274.5085946218725
 31
0.0
  0
LINE
  5
2A2
330
1F
100
AcDbEntity
  8
VISIBLE
100
AcDbLine
 10
75.70655981967595
 20
275.6335946218725
 30
0.0
 11
72.40655981967595
 21
275.6335946218725
 31
0.0
  0
LINE
  5
2A3
330
1F
100
AcDbEntity
  8
VISIBLE
100
AcDbLine
 10
72.40655981967595
 20
275.6335946218725
 30
0.0
 11
72.40655981967595
 21
274.5085946218725
 31
0.0
  0
LINE
  5
2A4
330
1F
100
AcDbEntity
  8
VISIBLE
100
AcDbLine
 10
72.40655981967595
 20
274.5085946218725
 30
0.0
 11
71.15655981967595
 21
274.5085946218725
 31
0.0
  0
LINE
  5
2A5
330
1F
100
AcDbEntity
  8
VISIBLE
100
AcDbLine
 10
71.15655981967595
 20
274.5085946218725
 30
0.0
 11
71.15655981967595
 21
271.8085946218725
 31
0.0
  0
LINE
  5
2A6
330
1F
100
AcDbEntity
  8
VISIBLE
100
AcDbLine
 10
72.40655981967595
 20
271.8085946218725
 30
0.0
 11
71.15655981967595
 21
271.8085946218725
 31
0.0
  0
LINE
  5
2A7
330
1F
100
AcDbEntity
  8
VISIBLE
100
AcDbLine
 10
72.40655981967595
 20
271.8085946218725
 30
0.0
 11
72.40655981967595
 21
265.4585946218725
 31
0.0
  0
LINE
  5
2A8
330
1F
100
AcDbEntity
  8
VISIBLE
100
AcDbLine
 10
64.05655981967595
 20
265.4585946218725
 30
0.0
 11
72.40655981967595
 21
265.4585946218725
 31
0.0
  0
LINE
  5
2A9
330
1F
100
AcDbEntity
  8
VISIBLE
100
AcDbLine
 10
64.05655981967595
 20
259.4585946218725
 30
0.0
 11
64.05655981967595
 21
265.4585946218725
 31
0.0
  0
LINE
  5
2AA
330
1F
100
AcDbEntity
  8
VISIBLE
100
AcDbLine
 10
44.05655981967594
 20
259.4585946218725
 30
0.0
 11
64.05655981967595
 21
259.4585946218725
 31
0.0
  0
LINE
  5
2AB
330
1F
100
AcDbEntity
  8
VISIBLE
100
AcDbLine
 10
44.05655981967594
 20
259.4585946218725
 30
0.0
 11
44.05655981967594
 21
265.4585946218725
 31
0.0
  0
LINE
  5
2AC
330
1F
100
AcDbEntity
  8
VISIBLE
100
AcDbLine
 10
24.05655981967594
 20
265.4585946218725
 30
0.0
 11
44.05655981967594
 21
265.4585946218725
 31
0.0
  0
LINE
  5
2AD
330
1F
100
AcDbEntity
  8
VISIBLE
100
AcDbLine
 10
24.05655981967594
 20
285.4585946218726
 30
0.0
 11
24.05655981967594
 21
265.4585946218725
 31
0.0
  0
LINE
  5
2AE
330
1F
100
AcDbEntity
  8
VISIBLE
100
AcDbLine
 10
24.05655981967594
 20
285.4585946218726
 30
0.0
 11
30.05655981967594
 21
285.4585946218726
 31
0.0
  0
LINE
  5
2AF
330
1F
100
AcDbEntity
  8
VISIBLE
100
AcDbLine
 10
30.05655981967594
 20
300.8085946218725
 30
0.0
 11
30.05655981967594
 21
285.4585946218726
 31
0.0
  0
LINE
  5
2B0
330
1F
100
AcDbEntity
  8
VISIBLE
100
AcDbLine
 10
36.40655981967593
 20
300.8085946218725
 30
0.0
 11
30.05655981967594
 21
300.8085946218725
 31
0.0
  0
LINE
  5
2B1
330
1F
100
AcDbEntity
  8
VISIBLE
100
AcDbLine
 10
36.40655981967593
 20
299.5585946218725
 30
0.0
 11
36.40655981967593
 21
300.8085946218725
 31
0.0
  0
LINE
  5
2B2
330
1F
100
AcDbEntity
  8
VISIBLE
100
AcDbLine
 10
39.10655981967594
 20
299.5585946218725
 30
0.0
 11
36.40655981967593
 21
299.5585946218725
 31
0.0
  0
LINE
  5
2B3
330
1F
100
AcDbEntity
  8
VISIBLE
100
AcDbLine
 10
39.10655981967594
 20
299.5585946218725
 30
0.0
 11
39.10655981967594
 21
300.8085946218725
 31
0.0
  0
LINE
  5
2B4
330
1F
100
AcDbEntity
  8
VISIBLE
100
AcDbLine
 10
40.23155981967593
 20
300.8085946218725
 30
0.0
 11
39.10655981967594
 21
300.8085946218725
 31
0.0
  0
LINE
  5
2B5
330
1F
100
AcDbEntity
  8
VISIBLE
100
AcDbLine
 10
40.23155981967593
 20
300.8085946218725
 30
0.0
 11
40.23155981967593
 21
304.1085946218725
 31
0.0
  0
LINE
  5
2B6
330
1F
100
AcDbEntity
  8
VISIBLE
100
AcDbLine
 10
40.23155981967593
 20
304.1085946218725
 30
0.0
 11
39.10655981967594
 21
304.1085946218725
 31
0.0
  0
LINE
  5
2B7
330
1F
100
AcDbEntity
  8
VISIBLE
100
AcDbLine
 10
39.10655981967594
 20
304.1085946218725
 30
0.0
 11
39.10655981967594
 21
305.3585946218726
 31
0.0
  0
LINE
  5
2B8
330
1F
100
AcDbEntity
  8
VISIBLE
100
AcDbLine
 10
39.10655981967594
 20
305.3585946218726
 30
0.0
 11
36.40655981967593
 21
305.3585946218726
 31
0.0
  0
LINE
  5
2B9
330
1F
100
AcDbEntity
  8
VISIBLE
100
AcDbLine
 10
36.40655981967593
 20
304.1085946218725
 30
0.0
 11
36.40655981967593
 21
305.3585946218726
 31
0.0
  0
LINE
  5
2BA
330
1F
100
AcDbEntity
  8
VISIBLE
100
AcDbLine
 10
36.40655981967593
 20
304.1085946218725
 30
0.0
 11
30.05655981967594
 21
304.1085946218725
 31
0.0
  0
LINE
  5
2BB
330
1F
100
AcDbEntity
  8
VISIBLE
100
AcDbLine
 10
71.62094749609408
 20
363.8961559124837
 30
0.0
 11
65.62094749609408
 21
363.8961559124837
 31
0.0
  0
LINE
  5
2BC
330
1F
100
AcDbEntity
  8
VISIBLE
100
AcDbLine
 10
50.95428082942747
 20
343.8961559124837
 30
0.0
 11
50.95428082942747
 21
349.8961559124837
 31
0.0
  0
LINE
  5
2BD
330
1F
100
AcDbEntity
  8
VISIBLE
100
AcDbLine
 10
45.2709474960941
 20
349.8961559124837
 30
0.0
 11
50.95428082942747
 21
349.8961559124837
 31
0.0
  0
LINE
  5
2BE
330
1F
100
AcDbEntity
  8
VISIBLE
100
AcDbLine
 10
45.2709474960941
 20
356.2461559124837
 30
0.0
 11
45.2709474960941
 21
349.8961559124837
 31
0.0
  0
LINE
  5
2BF
330
1F
100
AcDbEntity
  8
VISIBLE
100
AcDbLine
 10
46.52094749609412
 20
356.2461559124837
 30
0.0
 11
45.2709474960941
 21
356.2461559124837
 31
0.0
  0
LINE
  5
2C0
330
1F
100
AcDbEntity
  8
VISIBLE
100
AcDbLine
 10
46.52094749609412
 20
358.9461559124837
 30
0.0
 11
46.52094749609412
 21
356.2461559124837
 31
0.0
  0
LINE
  5
2C1
330
1F
100
AcDbEntity
  8
VISIBLE
100
AcDbLine
 10
46.52094749609412
 20
358.9461559124837
 30
0.0
 11
45.2709474960941
 21
358.9461559124837
 31
0.0
  0
LINE
  5
2C2
330
1F
100
AcDbEntity
  8
VISIBLE
100
AcDbLine
 10
45.2709474960941
 20
360.0711559124837
 30
0.0
 11
45.2709474960941
 21
358.9461559124837
 31
0.0
  0
LINE
  5
2C3
330
1F
100
AcDbEntity
  8
VISIBLE
100
AcDbLine
 10
45.2709474960941
 20
360.0711559124837
 30
0.0
 11
41.97094749609413
 21
360.0711559124837
 31
0.0
  0
LINE
  5
2C4
330
1F
100
AcDbEntity
  8
VISIBLE
100
AcDbLine
 10
41.97094749609413
 20
360.0711559124837
 30
0.0
 11
41.97094749609413
 21
358.9461559124837
 31
0.0
  0
LINE
  5
2C5
330
1F
100
AcDbEntity
  8
VISIBLE
100
AcDbLine
 10
41.97094749609413
 20
358.9461559124837
 30
0.0
 11
40.7209474960941
 21
358.9461559124837
 31
0.0
  0
LINE
  5
2C6
330
1F
100
AcDbEntity
  8
VISIBLE
100
AcDbLine
 10
40.7209474960941
 20
358.9461559124837
 30
0.0
 11
40.7209474960941
 21
356.2461559124837
 31
0.0
  0
LINE
  5
2C7
330
1F
100
AcDbEntity
  8
VISIBLE
100
AcDbLine
 10
41.97094749609413
 20
356.2461559124837
 30
0.0
 11
40.7209474960941
 21
356.2461559124837
 31
0.0
  0
LINE
  5
2C8
330
1F
100
AcDbEntity
  8
VISIBLE
100
AcDbLine
 10
41.97094749609413
 20
356.2461559124837
 30
0.0
 11
41.97094749609413
 21
349.8961559124837
 31
0.0
  0
LINE
  5
2C9
330
1F
100
AcDbEntity
  8
VISIBLE
100
AcDbLine
 10
36.28761416276075
 20
343.8961559124837
 30
0.0
 11
36.28761416276075
 21
349.8961559124837
 31
0.0
  0
LINE
  5
2CA
330
1F
100
AcDbEntity
  8
VISIBLE
100
AcDbLine
 10
36.28761416276075
 20
343.8961559124837
 30
0.0
 11
21.62094749609409
 21
343.8961559124837
 31
0.0
  0
LINE
  5
2CB
330
1F
100
AcDbEntity
  8
VISIBLE
100
AcDbLine
 10
21.62094749609409
 20
343.8961559124837
 30
0.0
 11
21.62094749609409
 21
423.8961559124837
 31
0.0
  0
LINE
  5
2CC
330
1F
100
AcDbEntity
  8
VISIBLE
100
AcDbLine
 10
71.62094749609408
 20
423.8961559124837
 30
0.0
 11
21.62094749609409
 21
423.8961559124837
 31
0.0
  0
LINE
  5
2CD
330
1F
100
AcDbEntity
  8
VISIBLE
100
AcDbLine
 10
71.62094749609408
 20
403.8961559124837
 30
0.0
 11
71.62094749609408
 21
423.8961559124837
 31
0.0
  0
LINE
  5
2CE
330
1F
100
AcDbEntity
  8
VISIBLE
100
AcDbLine
 10
71.62094749609408
 20
403.8961559124837
 30
0.0
 11
65.62094749609408
 21
403.8961559124837
 31
0.0
  0
LINE
  5
2CF
330
1F
100
AcDbEntity
  8
VISIBLE
100
AcDbLine
 10
65.62094749609408
 20
385.5461559124837
 30
0.0
 11
65.62094749609408
 21
403.8961559124837
 31
0.0
  0
LINE
  5
2D0
330
1F
100
AcDbEntity
  8
VISIBLE
100
AcDbLine
 10
59.27094749609411
 20
385.5461559124837
 30
0.0
 11
65.62094749609408
 21
385.5461559124837
 31
0.0
  0
LINE
  5
2D1
330
1F
100
AcDbEntity
  8
VISIBLE
100
AcDbLine
 10
59.27094749609411
 20
386.7961559124837
 30
0.0
 11
59.27094749609411
 21
385.5461559124837
 31
0.0
  0
LINE
  5
2D2
330
1F
100
AcDbEntity
  8
VISIBLE
100
AcDbLine
 10
56.57094749609407
 20
386.7961559124837
 30
0.0
 11
59.27094749609411
 21
386.7961559124837
 31
0.0
  0
LINE
  5
2D3
330
1F
100
AcDbEntity
  8
VISIBLE
100
AcDbLine
 10
55.44594749609413
 20
385.5461559124837
 30
0.0
 11
56.57094749609407
 21
385.5461559124837
 31
0.0
  0
LINE
  5
2D4
330
1F
100
AcDbEntity
  8
VISIBLE
100
AcDbLine
 10
55.44594749609413
 20
385.5461559124837
 30
0.0
 11
55.44594749609413
 21
382.2461559124837
 31
0.0
  0
LINE
  5
2D5
330
1F
100
AcDbEntity
  8
VISIBLE
100
AcDbLine
 10
55.44594749609413
 20
382.2461559124837
 30
0.0
 11
56.57094749609407
 21
382.2461559124837
 31
0.0
  0
LINE
  5
2D6
330
1F
100
AcDbEntity
  8
VISIBLE
100
AcDbLine
 10
56.57094749609407
 20
382.2461559124837
 30
0.0
 11
56.57094749609407
 21
380.9961559124837
 31
0.0
  0
LINE
  5
2D7
330
1F
100
AcDbEntity
  8
VISIBLE
100
AcDbLine
 10
56.57094749609407
 20
380.9961559124837
 30
0.0
 11
59.27094749609411
 21
380.9961559124837
 31
0.0
  0
LINE
  5
2D8
330
1F
100
AcDbEntity
  8
VISIBLE
100
AcDbLine
 10
59.27094749609411
 20
382.2461559124837
 30
0.0
 11
59.27094749609411
 21
380.9961559124837
 31
0.0
  0
LINE
  5
2D9
330
1F
100
AcDbEntity
  8
VISIBLE
100
AcDbLine
 10
59.27094749609411
 20
382.2461559124837
 30
0.0
 11
65.62094749609408
 21
382.2461559124837
 31
0.0
  0
LINE
  5
2DA
330
1F
100
AcDbEntity
  8
VISIBLE
100
AcDbLine
 10
71.62094749609408
 20
343.8961559124837
 30
0.0
 11
71.62094749609408
 21
363.8961559124837
 31
0.0
  0
LINE
  5
2DB
330
1F
100
AcDbEntity
  8
VISIBLE
100
AcDbLine
 10
36.28761416276075
 20
349.8961559124837
 30
0.0
 11
41.97094749609413
 21
349.8961559124837
 31
0.0
  0
LINE
  5
2DC
330
1F
100
AcDbEntity
  8
VISIBLE
100
AcDbLine
 10
65.62094749609408
 20
363.8961559124837
 30
0.0
 11
65.62094749609408
 21
382.2461559124837
 31
0.0
  0
LINE
  5
2DD
330
1F
100
AcDbEntity
  8
VISIBLE
100
AcDbLine
 10
71.62094749609408
 20
343.8961559124837
 30
0.0
 11
50.95428082942747
 21
343.8961559124837
 31
0.0
  0
LINE
  5
2DE
330
1F
100
AcDbEntity
  8
VISIBLE
100
AcDbLine
 10
56.57094749609407
 20
386.7961559124837
 30
0.0
 11
56.57094749609407
 21
385.5461559124837
 31
0.0
  0
LINE
  5
2DF
330
1F
100
AcDbEntity
  8
VISIBLE
100
AcDbLine
 10
160.0153379696155
 20
389.8486319357662
 30
0.0
 11
169.9499421159909
 21
389.8486319357662
 31
0.0
  0
SPLINE
  5
2E0
330
1F
100
AcDbEntity
  8
VISIBLE
100
AcDbSpline
210
0.0
220
0.0
230
1.0
 70
     8
 71
     2
 72
     6
 73
     3
 74
     0
 42
0.000000001
 43
0.0000000420277214
 40
0.0
 40
0.0
 40
0.0
 40
1.0
 40
1.0
 40
1.0
 10
157.0666806717165
 20
390.8921827914779
 30
0.0
 10
158.095204395106
 20
389.8486319357662
 30
0.0
 10
160.0153379696155
 20
389.8486319357662
 30
0.0
  0
SPLINE
  5
2E1
330
1F
100
AcDbEntity
  8
VISIBLE
100
AcDbSpline
210
0.0
220
0.0
230
1.0
 70
     8
 71
     2
 72
     6
 73
     3
 74
     0
 42
0.000000001
 43
0.0000000421990177
 40
0.0
 40
0.0
 40
0.0
 40
1.0
 40
1.0
 40
1.0
 10
156.0381569483271
 20
393.8658853099139
 30
0.0
 10
156.0381569483271
 20
391.9357336471895
 30
0.0
 10
157.0666806717165
 20
390.8921827914779
 30
0.0
  0
SPLINE
  5
2E2
330
1F
100
AcDbEntity
  8
VISIBLE
100
AcDbSpline
210
0.0
220
0.0
230
1.0
 70
     8
 71
     2
 72
     6
 73
     3
 74
     0
 42
0.000000001
 43
0.0000000424852625
 40
0.0
 40
0.0
 40
0.0
 40
1.0
 40
1.0
 40
1.0
 10
157.0616716276091
 20
396.9330899850218
 30
0.0
 10
156.0381569483271
 20
395.8895391293101
 30
0.0
 10
156.0381569483271
 20
393.8658853099139
 30
0.0
  0
SPLINE
  5
2E3
330
1F
100
AcDbEntity
  8
VISIBLE
100
AcDbSpline
210
0.0
220
0.0
230
1.0
 70
     8
 71
     2
 72
     6
 73
     3
 74
     0
 42
0.000000001
 43
0.0000000426867114
 40
0.0
 40
0.0
 40
0.0
 40
1.0
 40
1.0
 40
1.0
 10
159.9953017931859
 20
397.9766408407334
 30
0.0
 10
158.0851863068911
 20
397.9766408407334
 30
0.0
 10
157.0616716276091
 20
396.9330899850218
 30
0.0
  0
LINE
  5
2E4
330
1F
100
AcDbEntity
  8
VISIBLE
100
AcDbLine
 10
169.9499421159909
 20
397.9766408407334
 30
0.0
 11
159.9953017931859
 21
397.9766408407334
 31
0.0
  0
LINE
  5
2E5
330
1F
100
AcDbEntity
  8
VISIBLE
100
AcDbLine
 10
169.9499421159909
 20
399.753181817497
 30
0.0
 11
169.9499421159909
 21
397.9766408407334
 31
0.0
  0
LINE
  5
2E6
330
1F
100
AcDbEntity
  8
VISIBLE
100
AcDbLine
 10
160.1188582145021
 20
399.753181817497
 30
0.0
 11
169.9499421159909
 21
399.753181817497
 31
0.0
  0
SPLINE
  5
2E7
330
1F
100
AcDbEntity
  8
VISIBLE
100
AcDbSpline
210
0.0
220
0.0
230
1.0
 70
     8
 71
     2
 72
     6
 73
     3
 74
     0
 42
0.000000001
 43
0.0000000428567891
 40
0.0
 40
0.0
 40
0.0
 40
1.0
 40
1.0
 40
1.0
 10
155.9863968258838
 20
398.2454595411648
 30
0.0
 10
157.4907797394777
 20
399.753181817497
 30
0.0
 10
160.1188582145021
 20
399.753181817497
 30
0.0
  0
SPLINE
  5
2E8
330
1F
100
AcDbEntity
  8
VISIBLE
100
AcDbSpline
210
0.0
220
0.0
230
1.0
 70
     8
 71
     2
 72
     6
 73
     3
 74
     0
 42
0.000000001
 43
0.0000000425702703
 40
0.0
 40
0.0
 40
0.0
 40
1.0
 40
1.0
 40
1.0
 10
154.4820139122898
 20
393.9827630057536
 30
0.0
 10
154.4820139122898
 20
396.7377372648325
 30
0.0
 10
155.9863968258838
 20
398.2454595411648
 30
0.0
  0
SPLINE
  5
2E9
330
1F
100
AcDbEntity
  8
VISIBLE
100
AcDbSpline
210
0.0
220
0.0
230
1.0
 70
     8
 71
     2
 72
     6
 73
     3
 74
     0
 42
0.000000001
 43
0.0000000421713518
 40
0.0
 40
0.0
 40
0.0
 40
1.0
 40
1.0
 40
1.0
 10
155.9747090562998
 20
389.6516095342078
 30
0.0
 10
154.4820139122898
 20
391.2277887466747
 30
0.0
 10
154.4820139122898
 20
393.9827630057536
 30
0.0
  0
SPLINE
  5
2EA
330
1F
100
AcDbEntity
  8
VISIBLE
100
AcDbSpline
210
0.0
220
0.0
230
1.0
 70
     8
 71
     2
 72
     6
 73
     3
 74
     0
 42
0.000000001
 43
0.0000000419146723
 40
0.0
 40
0.0
 40
0.0
 40
1.0
 40
1.0
 40
1.0
 10
160.0787858616428
 20
388.0754303217408
 30
0.0
 10
157.4674042003098
 20
388.0754303217408
 30
0.0
 10
155.9747090562998
 20
389.6516095342078
 30
0.0
  0
LINE
  5
2EB
330
1F
100
AcDbEntity
  8
VISIBLE
100
AcDbLine
 10
169.9499421159909
 20
388.0754303217408
 30
0.0
 11
160.0787858616428
 21
388.0754303217408
 31
0.0
  0
LINE
  5
2EC
330
1F
100
AcDbEntity
  8
VISIBLE
100
AcDbLine
 10
169.9499421159909
 20
389.8486319357662
 30
0.0
 11
169.9499421159909
 21
388.0754303217408
 31
0.0
  0
LINE
  5
2ED
330
1F
100
AcDbEntity
  8
VISIBLE
100
AcDbLine
 10
160.0988220380725
 20
365.0672210550093
 30
0.0
 11
160.0988220380725
 21
368.8573507236
 31
0.0
  0
LINE
  5
2EE
330
1F
100
AcDbEntity
  8
VISIBLE
100
AcDbLine
 10
161.1941330162275
 20
365.0672210550093
 30
0.0
 11
160.0988220380725
 21
365.0672210550093
 31
0.0
  0
SPLINE
  5
2EF
330
1F
100
AcDbEntity
  8
VISIBLE
100
AcDbSpline
210
0.0
220
0.0
230
1.0
 70
     8
 71
     2
 72
     6
 73
     3
 74
     0
 42
0.000000001
 43
0.000000039943509
 40
0.0
 40
0.0
 40
0.0
 40
1.0
 40
1.0
 40
1.0
 10
164.9258708762525
 20
366.3194820818633
 30
0.0
 10
163.511650756592
 20
365.0672210550093
 30
0.0
 10
161.1941330162275
 20
365.0672210550093
 30
0.0
  0
SPLINE
  5
2F0
330
1F
100
AcDbEntity
  8
VISIBLE
100
AcDbSpline
210
0.0
220
0.0
230
1.0
 70
     8
 71
     2
 72
     6
 73
     3
 74
     0
 42
0.000000001
 43
0.0000000402295574
 40
0.2098064635746819
 40
0.2098064635746819
 40
0.2098064635746819
 40
1.0
 40
1.0
 40
1.0
 10
166.2778387909692
 20
368.8573507227579
 30
0.0
 10
166.0433784738909
 20
367.3090106512007
 30
0.0
 10
164.9258708762525
 20
366.3194820818633
 30
0.0
  0
LINE
  5
2F1
330
1F
100
AcDbEntity
  8
VISIBLE
100
AcDbLine
 10
166.2778387909692
 20
368.8573507236
 30
0.0
 11
164.7778101870352
 21
368.8573507236
 31
0.0
  0
SPLINE
  5
2F2
330
1F
100
AcDbEntity
  8
VISIBLE
100
AcDbSpline
210
0.0
220
0.0
230
1.0
 70
     8
 71
     2
 72
     6
 73
     3
 74
     0
 42
0.000000001
 43
0.0000000401705827
 40
0.0
 40
0.0
 40
0.0
 40
0.6452943197004724
 40
0.6452943197004724
 40
0.6452943197004724
 10
164.0158945300719
 20
367.6535574958052
 30
0.0
 10
164.5783160715501
 20
368.12439698551
 30
0.0
 10
164.7778101870352
 20
368.8573507273211
 30
0.0
  0
SPLINE
  5
2F3
330
1F
100
AcDbEntity
  8
VISIBLE
100
AcDbSpline
210
0.0
220
0.0
230
1.0
 70
     8
 71
     2
 72
     6
 73
     3
 74
     0
 42
0.000000001
 43
0.0000000400302195
 40
0.0
 40
0.0
 40
0.0
 40
1.0
 40
1.0
 40
1.0
 10
161.5080331136255
 20
366.9239067374914
 30
0.0
 10
163.1443208553815
 20
366.9239067374914
 30
0.0
 10
164.0158945300719
 20
367.6535574958052
 30
0.0
  0
LINE
  5
2F4
330
1F
100
AcDbEntity
  8
VISIBLE
100
AcDbLine
 10
161.5080331136255
 20
368.8573507236
 30
0.0
 11
161.5080331136255
 21
366.9239067374914
 31
0.0
  0
LINE
  5
2F5
330
1F
100
AcDbEntity
  8
VISIBLE
100
AcDbLine
 10
161.5080331136255
 20
368.8573507236
 30
0.0
 11
160.0988220380725
 21
368.8573507236
 31
0.0
  0
SPLINE
  5
2F6
330
1F
100
AcDbEntity
  8
VISIBLE
100
AcDbSpline
210
0.0
220
0.0
230
1.0
 70
     8
 71
     2
 72
     6
 73
     3
 74
     0
 42
0.000000001
 43
0.000000038580947
 40
0.0
 40
0.0
 40
0.0
 40
0.6528260404318263
 40
0.6528260404318263
 40
0.6528260404318263
 10
164.0158945300719
 20
350.2554776293796
 30
0.0
 10
164.5848805210647
 20
350.7318126448276
 30
0.0
 10
164.7824176404964
 20
351.4764162897363
 30
0.0
  0
SPLINE
  5
2F7
330
1F
100
AcDbEntity
  8
VISIBLE
100
AcDbSpline
210
0.0
220
0.0
230
1.0
 70
     8
 71
     2
 72
     6
 73
     3
 74
     0
 42
0.000000001
 43
0.0000000384384714
 40
0.0
 40
0.0
 40
0.0
 40
1.0
 40
1.0
 40
1.0
 10
161.5080331136255
 20
349.525826871066
 30
0.0
 10
163.1443208553815
 20
349.525826871066
 30
0.0
 10
164.0158945300719
 20
350.2554776293796
 30
0.0
  0
LINE
  5
2F8
330
1F
100
AcDbEntity
  8
VISIBLE
100
AcDbLine
 10
161.5080331136255
 20
351.4764162929412
 30
0.0
 11
161.5080331136255
 21
349.525826871066
 31
0.0
  0
LINE
  5
2F9
330
1F
100
AcDbEntity
  8
VISIBLE
100
AcDbLine
 10
161.5080331136255
 20
351.4764162929412
 30
0.0
 11
160.0988220380725
 21
351.4764162929412
 31
0.0
  0
LINE
  5
2FA
330
1F
100
AcDbEntity
  8
VISIBLE
100
AcDbLine
 10
160.0988220380725
 20
347.6691411885838
 30
0.0
 11
160.0988220380725
 21
351.4764162929412
 31
0.0
  0
LINE
  5
2FB
330
1F
100
AcDbEntity
  8
VISIBLE
100
AcDbLine
 10
161.1941330162275
 20
347.6691411885838
 30
0.0
 11
160.0988220380725
 21
347.6691411885838
 31
0.0
  0
SPLINE
  5
2FC
330
1F
100
AcDbEntity
  8
VISIBLE
100
AcDbSpline
210
0.0
220
0.0
230
1.0
 70
     8
 71
     2
 72
     6
 73
     3
 74
     0
 42
0.000000001
 43
0.000000038354214
 40
0.0
 40
0.0
 40
0.0
 40
1.0
 40
1.0
 40
1.0
 10
164.9258708762525
 20
348.9214022154378
 30
0.0
 10
163.511650756592
 20
347.6691411885838
 30
0.0
 10
161.1941330162275
 20
347.6691411885838
 30
0.0
  0
SPLINE
  5
2FD
330
1F
100
AcDbEntity
  8
VISIBLE
100
AcDbSpline
210
0.0
220
0.0
230
1.0
 70
     8
 71
     2
 72
     6
 73
     3
 74
     0
 42
0.000000001
 43
0.0000000386422658
 40
0.2054357495994929
 40
0.2054357495994929
 40
0.2054357495994929
 40
1.0
 40
1.0
 40
1.0
 10
166.2804054660566
 20
351.4764162921928
 30
0.0
 10
166.0495596255319
 20
349.9164040595459
 30
0.0
 10
164.9258708762525
 20
348.9214022154378
 30
0.0
  0
LINE
  5
2FE
330
1F
100
AcDbEntity
  8
VISIBLE
100
AcDbLine
 10
166.2804054660566
 20
351.4764162929412
 30
0.0
 11
164.7824176404964
 21
351.4764162929412
 31
0.0
  0
SPLINE
  5
2FF
330
1F
100
AcDbEntity
  8
VISIBLE
100
AcDbSpline
210
0.0
220
0.0
230
1.0
 70
     8
 71
     2
 72
     6
 73
     3
 74
     0
 42
0.000000001
 43
0.0000000410962167
 40
0.0
 40
0.0
 40
0.0
 40
1.0
 40
1.0
 40
1.0
 10
161.1941330162275
 20
380.3848779354879
 30
0.0
 10
160.4527944883299
 20
378.3512060278769
 30
0.0
 10
159.7014378722174
 20
377.6365824018855
 30
0.0
  0
SPLINE
  5
300
330
1F
100
AcDbEntity
  8
VISIBLE
100
AcDbSpline
210
0.0
220
0.0
230
1.0
 70
     8
 71
     2
 72
     6
 73
     3
 74
     0
 42
0.000000001
 43
0.0000000413133363
 40
0.0
 40
0.0
 40
0.0
 40
1.0
 40
1.0
 40
1.0
 10
162.0406614703808
 20
382.3884955784544
 30
0.0
 10
161.7484672307815
 20
381.867554991283
 30
0.0
 10
161.1941330162275
 20
380.3848779354879
 30
0.0
  0
SPLINE
  5
301
330
1F
100
AcDbEntity
  8
VISIBLE
100
AcDbSpline
210
0.0
220
0.0
230
1.0
 70
     8
 71
     2
 72
     6
 73
     3
 74
     0
 42
0.000000001
 43
0.000000041406342
 40
0.0
 40
0.0
 40
0.0
 40
1.0
 40
1.0
 40
1.0
 10
162.6551042142238
 20
383.1448612386741
 30
0.0
 10
162.3328557099801
 20
382.9094361656256
 30
0.0
 10
162.0406614703808
 20
382.3884955784544
 30
0.0
  0
SPLINE
  5
302
330
1F
100
AcDbEntity
  8
VISIBLE
100
AcDbSpline
210
0.0
220
0.0
230
1.0
 70
     8
 71
     2
 72
     6
 73
     3
 74
     0
 42
0.000000001
 43
0.0000000414575228
 40
0.0
 40
0.0
 40
0.0
 40
1.0
 40
1.0
 40
1.0
 10
163.4381847763499
 20
383.3802863117228
 30
0.0
 10
162.9773527184676
 20
383.3802863117228
 30
0.0
 10
162.6551042142238
 20
383.1448612386741
 30
0.0
  0
SPLINE
  5
303
330
1F
100
AcDbEntity
  8
VISIBLE
100
AcDbSpline
210
0.0
220
0.0
230
1.0
 70
     8
 71
     2
 72
     6
 73
     3
 74
     0
 42
0.000000001
 43
0.0000000414976512
 40
0.0
 40
0.0
 40
0.0
 40
1.0
 40
1.0
 40
1.0
 10
164.5017718084913
 20
382.7541557982957
 30
0.0
 10
164.1160754122202
 20
383.3802863117228
 30
0.0
 10
163.4381847763499
 20
383.3802863117228
 30
0.0
  0
SPLINE
  5
304
330
1F
100
AcDbEntity
  8
VISIBLE
100
AcDbSpline
210
0.0
220
0.0
230
1.0
 70
     8
 71
     2
 72
     6
 73
     3
 74
     0
 42
0.000000001
 43
0.0000000414544425
 40
0.0
 40
0.0
 40
0.0
 40
1.0
 40
1.0
 40
1.0
 10
164.8874682047623
 20
380.8958004344443
 30
0.0
 10
164.8874682047623
 20
382.1280252848687
 30
0.0
 10
164.5017718084913
 20
382.7541557982957
 30
0.0
  0
SPLINE
  5
305
330
1F
100
AcDbEntity
  8
VISIBLE
100
AcDbSpline
210
0.0
220
0.0
230
1.0
 70
     8
 71
     2
 72
     6
 73
     3
 74
     0
 42
0.000000001
 43
0.0000000412829199
 40
0.0
 40
0.0
 40
0.0
 40
1.0
 40
1.0
 40
1.0
 10
164.1795233042475
 20
377.7768356368932
 30
0.0
 10
164.8874682047623
 20
379.496607447106
 30
0.0
 10
164.8874682047623
 20
380.8958004344443
 30
0.0
  0
LINE
  5
306
330
1F
100
AcDbEntity
  8
VISIBLE
100
AcDbLine
 10
165.5887343798006
 20
377.1590535303119
 30
0.0
 11
164.1795233042475
 21
377.7768356368932
 31
0.0
  0
SPLINE
  5
307
330
1F
100
AcDbEntity
  8
VISIBLE
100
AcDbSpline
210
0.0
220
0.0
230
1.0
 70
     8
 71
     2
 72
     6
 73
     3
 74
     0
 42
0.000000001
 43
0.0000000413271413
 40
0.0
 40
0.0
 40
0.0
 40
1.0
 40
1.0
 40
1.0
 10
166.340090995913
 20
380.7722440131281
 30
0.0
 10
166.340090995913
 20
378.9255764188607
 30
0.0
 10
165.5887343798006
 20
377.1590535303118
 30
0.0
  0
SPLINE
  5
308
330
1F
100
AcDbEntity
  8
VISIBLE
100
AcDbSpline
210
0.0
220
0.0
230
1.0
 70
     8
 71
     2
 72
     6
 73
     3
 74
     0
 42
0.000000001
 43
0.0000000416146872
 40
0.0
 40
0.0
 40
0.0
 40
1.0
 40
1.0
 40
1.0
 10
165.5302955318807
 20
383.8912088106792
 30
0.0
 10
166.340090995913
 20
382.7524861169266
 30
0.0
 10
166.340090995913
 20
380.7722440131281
 30
0.0
  0
SPLINE
  5
309
330
1F
100
AcDbEntity
  8
VISIBLE
100
AcDbSpline
210
0.0
220
0.0
230
1.0
 70
     8
 71
     2
 72
     6
 73
     3
 74
     0
 42
0.000000001
 43
0.000000041688988
 40
0.0
 40
0.0
 40
0.0
 40
1.0
 40
1.0
 40
1.0
 10
163.3213070805102
 20
385.0299315044318
 30
0.0
 10
164.7205000678485
 20
385.0299315044318
 30
0.0
 10
165.5302955318807
 20
383.8912088106792
 30
0.0
  0
SPLINE
  5
30A
330
1F
100
AcDbEntity
  8
VISIBLE
100
AcDbSpline
210
0.0
220
0.0
230
1.0
 70
     8
 71
     2
 72
     6
 73
     3
 74
     0
 42
0.000000001
 43
0.0000000416057426
 40
0.0
 40
0.0
 40
0.0
 40
1.0
 40
1.0
 40
1.0
 10
161.9772135783535
 20
384.7010042747115
 30
0.0
 10
162.5398961997533
 20
385.0299315044318
 30
0.0
 10
163.3213070805102
 20
385.0299315044318
 30
0.0
  0
SPLINE
  5
30B
330
1F
100
AcDbEntity
  8
VISIBLE
100
AcDbSpline
210
0.0
220
0.0
230
1.0
 70
     8
 71
     2
 72
     6
 73
     3
 74
     0
 42
0.000000001
 43
0.000000041525109
 40
0.0
 40
0.0
 40
0.0
 40
1.0
 40
1.0
 40
1.0
 10
160.9703957127629
 20
383.6991954532282
 30
0.0
 10
161.4145309569538
 20
384.3720770449912
 30
0.0
 10
161.9772135783535
 20
384.7010042747115
 30
0.0
  0
SPLINE
  5
30C
330
1F
100
AcDbEntity
  8
VISIBLE
100
AcDbSpline
210
0.0
220
0.0
230
1.0
 70
     8
 71
     2
 72
     6
 73
     3
 74
     0
 42
0.000000001
 43
0.0000000413948773
 40
0.0
 40
0.0
 40
0.0
 40
1.0
 40
1.0
 40
1.0
 10
159.9318539011586
 20
381.4300984725688
 30
0.0
 10
160.526260468572
 20
383.0263138614653
 30
0.0
 10
160.9703957127629
 20
383.6991954532282
 30
0.0
  0
SPLINE
  5
30D
330
1F
100
AcDbEntity
  8
VISIBLE
100
AcDbSpline
210
0.0
220
0.0
230
1.0
 70
     8
 71
     2
 72
     6
 73
     3
 74
     0
 42
0.000000001
 43
0.0000000411460443
 40
0.0
 40
0.0
 40
0.0
 40
1.0
 40
1.0
 40
1.0
 10
158.8098280210974
 20
379.1693498987549
 30
0.0
 10
159.2840175299328
 20
379.7470596524768
 30
0.0
 10
159.9318539011586
 20
381.4300984725688
 30
0.0
  0
SPLINE
  5
30E
330
1F
100
AcDbEntity
  8
VISIBLE
100
AcDbSpline
210
0.0
220
0.0
230
1.0
 70
     8
 71
     2
 72
     6
 73
     3
 74
     0
 42
0.000000001
 43
0.000000040894904
 40
0.0
 40
0.0
 40
0.0
 40
1.0
 40
1.0
 40
1.0
 10
157.6677659646065
 20
378.5916401450329
 30
0.0
 10
158.335638512262
 20
378.5916401450329
 30
0.0
 10
158.8098280210974
 20
379.1693498987549
 30
0.0
  0
SPLINE
  5
30F
330
1F
100
AcDbEntity
  8
VISIBLE
100
AcDbSpline
210
0.0
220
0.0
230
1.0
 70
     8
 71
     2
 72
     6
 73
     3
 74
     0
 42
0.000000001
 43
0.0000000408668824
 40
0.0
 40
0.0
 40
0.0
 40
1.0
 40
1.0
 40
1.0
 10
156.3470480016178
 20
379.3212909033465
 30
0.0
 10
156.7794954762247
 20
378.5916401450329
 30
0.0
 10
157.6677659646065
 20
378.5916401450329
 30
0.0
  0
SPLINE
  5
310
330
1F
100
AcDbEntity
  8
VISIBLE
100
AcDbSpline
210
0.0
220
0.0
230
1.0
 70
     8
 71
     2
 72
     6
 73
     3
 74
     0
 42
0.000000001
 43
0.0000000410123985
 40
0.0
 40
0.0
 40
0.0
 40
1.0
 40
1.0
 40
1.0
 10
155.9146005270108
 20
381.4067229334008
 30
0.0
 10
155.9146005270108
 20
380.0509416616601
 30
0.0
 10
156.3470480016178
 20
379.3212909033465
 30
0.0
  0
SPLINE
  5
311
330
1F
100
AcDbEntity
  8
VISIBLE
100
AcDbSpline
210
0.0
220
0.0
230
1.0
 70
     8
 71
     2
 72
     6
 73
     3
 74
     0
 42
0.000000001
 43
0.0000000411748625
 40
0.0
 40
0.0
 40
0.0
 40
1.0
 40
1.0
 40
1.0
 10
156.1533649627976
 20
383.2283453071311
 30
0.0
 10
155.9146005270108
 20
382.2849753335677
 30
0.0
 10
155.9146005270108
 20
381.4067229334008
 30
0.0
  0
SPLINE
  5
312
330
1F
100
AcDbEntity
  8
VISIBLE
100
AcDbSpline
210
0.0
220
0.0
230
1.0
 70
     8
 71
     2
 72
     6
 73
     3
 74
     0
 42
0.000000001
 43
0.0000000413631293
 40
0.0
 40
0.0
 40
0.0
 40
1.0
 40
1.0
 40
1.0
 10
156.8095497408692
 20
384.9965378770491
 30
0.0
 10
156.3921293985845
 20
384.1717152806945
 30
0.0
 10
156.1533649627976
 20
383.2283453071311
 30
0.0
  0
LINE
  5
313
330
1F
100
AcDbEntity
  8
VISIBLE
100
AcDbLine
 10
155.2033162637577
 20
384.9965378770491
 30
0.0
 11
156.8095497408692
 21
384.9965378770491
 31
0.0
  0
SPLINE
  5
314
330
1F
100
AcDbEntity
  8
VISIBLE
100
AcDbSpline
210
0.0
220
0.0
230
1.0
 70
     8
 71
     2
 72
     6
 73
     3
 74
     0
 42
0.000000001
 43
0.0000000413054119
 40
0.0
 40
0.0
 40
0.0
 40
1.0
 40
1.0
 40
1.0
 10
154.4820139122898
 20
381.4501346489984
 30
0.0
 10
154.4820139122898
 20
383.7242406737653
 30
0.0
 10
155.2033162637577
 20
384.9965378770491
 30
0.0
  0
SPLINE
  5
315
330
1F
100
AcDbEntity
  8
VISIBLE
100
AcDbSpline
210
0.0
220
0.0
230
1.0
 70
     8
 71
     2
 72
     6
 73
     3
 74
     0
 42
0.000000001
 43
0.000000040980302
 40
0.0
 40
0.0
 40
0.0
 40
1.0
 40
1.0
 40
1.0
 10
155.3485785428728
 20
378.1107719107209
 30
0.0
 10
154.4820139122898
 20
379.2995850455476
 30
0.0
 10
154.4820139122898
 20
381.4501346489984
 30
0.0
  0
SPLINE
  5
316
330
1F
100
AcDbEntity
  8
VISIBLE
100
AcDbSpline
210
0.0
220
0.0
230
1.0
 70
     8
 71
     2
 72
     6
 73
     3
 74
     0
 42
0.000000001
 43
0.0000000407598423
 40
0.0
 40
0.0
 40
0.0
 40
1.0
 40
1.0
 40
1.0
 10
157.8113585623524
 20
376.9219587758942
 30
0.0
 10
156.2151431734558
 20
376.9219587758942
 30
0.0
 10
155.3485785428728
 20
378.1107719107209
 30
0.0
  0
SPLINE
  5
317
330
1F
100
AcDbEntity
  8
VISIBLE
100
AcDbSpline
210
0.0
220
0.0
230
1.0
 70
     8
 71
     2
 72
     6
 73
     3
 74
     0
 42
0.000000001
 43
0.0000000407860224
 40
0.0
 40
0.0
 40
0.0
 40
1.0
 40
1.0
 40
1.0
 10
159.7014378722174
 20
377.6365824018855
 30
0.0
 10
158.950081256105
 20
376.9219587758942
 30
0.0
 10
157.8113585623524
 20
376.9219587758942
 30
0.0
  0
SPLINE
  5
318
330
1F
100
AcDbEntity
  8
VISIBLE
100
AcDbSpline
210
0.0
220
0.0
230
1.0
 70
     8
 71
     2
 72
     6
 73
     3
 74
     0
 42
0.000000001
 43
0.0000000404559816
 40
0.2346357984766214
 40
0.2346357984766214
 40
0.2346357984766214
 40
1.0
 40
1.0
 40
1.0
 10
164.8381057858281
 20
370.3573507245234
 30
0.0
 10
164.6770893143514
 20
371.3105039442015
 30
0.0
 10
163.9908493095348
 20
371.9379598890151
 30
0.0
  0
LINE
  5
319
330
1F
100
AcDbEntity
  8
VISIBLE
100
AcDbLine
 10
166.3067541348447
 20
370.3573507236001
 30
0.0
 11
164.8381057858281
 21
370.3573507236001
 31
0.0
  0
SPLINE
  5
31A
330
1F
100
AcDbEntity
  8
VISIBLE
100
AcDbSpline
210
0.0
220
0.0
230
1.0
 70
     8
 71
     2
 72
     6
 73
     3
 74
     0
 42
0.000000001
 43
0.00000004064566
 40
0.0
 40
0.0
 40
0.0
 40
0.8568988103827399
 40
0.8568988103827399
 40
0.8568988103827399
 10
164.7121516610028
 20
373.3788949105818
 30
0.0
 10
166.1071309404626
 20
372.2114045597723
 30
0.0
 10
166.3067541348447
 20
370.3573507139438
 30
0.0
  0
SPLINE
  5
31B
330
1F
100
AcDbEntity
  8
VISIBLE
100
AcDbSpline
210
0.0
220
0.0
230
1.0
 70
     8
 71
     2
 72
     6
 73
     3
 74
     0
 42
0.000000001
 43
0.0000000407089987
 40
0.0
 40
0.0
 40
0.0
 40
1.0
 40
1.0
 40
1.0
 10
160.3158806160605
 20
374.741354907799
 30
0.0
 10
163.0842123260925
 20
374.741354907799
 30
0.0
 10
164.7121516610028
 20
373.3788949105818
 30
0.0
  0
SPLINE
  5
31C
330
1F
100
AcDbEntity
  8
VISIBLE
100
AcDbSpline
210
0.0
220
0.0
230
1.0
 70
     8
 71
     2
 72
     6
 73
     3
 74
     0
 42
0.000000001
 43
0.0000000405412259
 40
0.0
 40
0.0
 40
0.0
 40
1.0
 40
1.0
 40
1.0
 10
156.0281388601123
 20
373.2737049843261
 30
0.0
 10
157.5742638079347
 20
374.741354907799
 30
0.0
 10
160.3158806160605
 20
374.741354907799
 30
0.0
  0
SPLINE
  5
31D
330
1F
100
AcDbEntity
  8
VISIBLE
100
AcDbSpline
210
0.0
220
0.0
230
1.0
 70
     8
 71
     2
 72
     6
 73
     3
 74
     0
 42
0.000000001
 43
0.0000000402453729
 40
0.0
 40
0.0
 40
0.0
 40
1.0
 40
1.0
 40
1.0
 10
154.4820139122898
 20
369.2714787425005
 30
0.0
 10
154.4820139122898
 20
371.8060550608531
 30
0.0
 10
156.0281388601123
 20
373.2737049843261
 30
0.0
  0
SPLINE
  5
31E
330
1F
100
AcDbEntity
  8
VISIBLE
100
AcDbSpline
210
0.0
220
0.0
230
1.0
 70
     8
 71
     2
 72
     6
 73
     3
 74
     0
 42
0.000000001
 43
0.0000000398235221
 40
0.0
 40
0.0
 40
0.0
 40
1.0
 40
1.0
 40
1.0
 10
154.6556607746802
 20
367.2945760014402
 30
0.0
 10
154.4820139122898
 20
368.1127198723182
 30
0.0
 10
154.4820139122898
 20
369.2714787425005
 30
0.0
  0
SPLINE
  5
31F
330
1F
100
AcDbEntity
  8
VISIBLE
100
AcDbSpline
210
0.0
220
0.0
230
1.0
 70
     8
 71
     2
 72
     6
 73
     3
 74
     0
 42
0.000000001
 43
0.0000000396613914
 40
0.0
 40
0.0
 40
0.0
 40
1.0
 40
1.0
 40
1.0
 10
155.2233524401874
 20
365.558107377536
 30
0.0
 10
154.8293076370707
 20
366.4764321305623
 30
0.0
 10
154.6556607746802
 20
367.2945760014402
 30
0.0
  0
LINE
  5
320
330
1F
100
AcDbEntity
  8
VISIBLE
100
AcDbLine
 10
156.7694773880098
 20
365.558107377536
 30
0.0
 11
155.2233524401874
 21
365.558107377536
 31
0.0
  0
SPLINE
  5
321
330
1F
100
AcDbEntity
  8
VISIBLE
100
AcDbSpline
210
0.0
220
0.0
230
1.0
 70
     8
 71
     2
 72
     6
 73
     3
 74
     0
 42
0.000000001
 43
0.000000039896255
 40
0.0
 40
0.0
 40
0.0
 40
1.0
 40
1.0
 40
1.0
 10
155.9980845954678
 20
369.2080308504733
 30
0.0
 10
155.9980845954678
 20
367.3613632562058
 30
0.0
 10
156.7694773880098
 20
365.558107377536
 30
0.0
  0
SPLINE
  5
322
330
1F
100
AcDbEntity
  8
VISIBLE
100
AcDbSpline
210
0.0
220
0.0
230
1.0
 70
     8
 71
     2
 72
     6
 73
     3
 74
     0
 42
0.000000001
 43
0.0000000401580669
 40
0.0
 40
0.0
 40
0.0
 40
1.0
 40
1.0
 40
1.0
 10
157.0416354511794
 20
371.9262721194311
 30
0.0
 10
155.9980845954678
 20
370.9611962880689
 30
0.0
 10
155.9980845954678
 20
369.2080308504733
 30
0.0
  0
SPLINE
  5
323
330
1F
100
AcDbEntity
  8
VISIBLE
100
AcDbSpline
210
0.0
220
0.0
230
1.0
 70
     8
 71
     2
 72
     6
 73
     3
 74
     0
 42
0.000000001
 43
0.0000000403670065
 40
0.0
 40
0.0
 40
0.0
 40
1.0
 40
1.0
 40
1.0
 10
160.0988220380724
 20
372.9447777546057
 30
0.0
 10
158.0851863068911
 20
372.8913479507933
 30
0.0
 10
157.0416354511794
 20
371.9262721194311
 30
0.0
  0
LINE
  5
324
330
1F
100
AcDbEntity
  8
VISIBLE
100
AcDbLine
 10
160.0988220380724
 20
370.3573507236001
 30
0.0
 11
160.0988220380724
 21
372.9447777546057
 31
0.0
  0
LINE
  5
325
330
1F
100
AcDbEntity
  8
VISIBLE
100
AcDbLine
 10
161.5080331136255
 20
370.3573507236001
 30
0.0
 11
160.0988220380724
 21
370.3573507236001
 31
0.0
  0
LINE
  5
326
330
1F
100
AcDbEntity
  8
VISIBLE
100
AcDbLine
 10
161.5080331136255
 20
372.9047054017464
 30
0.0
 11
161.5080331136255
 21
370.3573507236001
 31
0.0
  0
SPLINE
  5
327
330
1F
100
AcDbEntity
  8
VISIBLE
100
AcDbSpline
210
0.0
220
0.0
230
1.0
 70
     8
 71
     2
 72
     6
 73
     3
 74
     0
 42
0.000000001
 43
0.0000000405120708
 40
0.0
 40
0.0
 40
0.0
 40
1.0
 40
1.0
 40
1.0
 10
163.9908493095348
 20
371.9379598890151
 30
0.0
 10
163.0942304143073
 20
372.7577734412622
 30
0.0
 10
161.5080331136255
 20
372.9047054017464
 30
0.0
  0
LINE
  5
328
330
1F
100
AcDbEntity
  8
VISIBLE
100
AcDbLine
 10
170.9317147610445
 20
362.1118850316337
 30
0.0
 11
170.9317147610445
 21
360.3787557704677
 31
0.0
  0
LINE
  5
329
330
1F
100
AcDbEntity
  8
VISIBLE
100
AcDbLine
 10
154.6923937648013
 20
362.1118850316337
 30
0.0
 11
170.9317147610445
 21
362.1118850316337
 31
0.0
  0
LINE
  5
32A
330
1F
100
AcDbEntity
  8
VISIBLE
100
AcDbLine
 10
154.6923937648013
 20
360.3787557704677
 30
0.0
 11
154.6923937648013
 21
362.1118850316337
 31
0.0
  0
LINE
  5
32B
330
1F
100
AcDbEntity
  8
VISIBLE
100
AcDbLine
 10
170.9317147610445
 20
360.3787557704677
 30
0.0
 11
154.6923937648013
 21
360.3787557704677
 31
0.0
  0
SPLINE
  5
32C
330
1F
100
AcDbEntity
  8
VISIBLE
100
AcDbSpline
210
0.0
220
0.0
230
1.0
 70
     8
 71
     2
 72
     6
 73
     3
 74
     0
 42
0.000000001
 43
0.0000000389386996
 40
0.0
 40
0.0
 40
0.0
 40
1.0
 40
1.0
 40
1.0
 10
156.0281388601123
 20
355.8756251179005
 30
0.0
 10
157.5742638079347
 20
357.3432750413735
 30
0.0
 10
160.3158806160605
 20
357.3432750413735
 30
0.0
  0
SPLINE
  5
32D
330
1F
100
AcDbEntity
  8
VISIBLE
100
AcDbSpline
210
0.0
220
0.0
230
1.0
 70
     8
 71
     2
 72
     6
 73
     3
 74
     0
 42
0.000000001
 43
0.0000000386371849
 40
0.0
 40
0.0
 40
0.0
 40
1.0
 40
1.0
 40
1.0
 10
154.4820139122898
 20
351.873398876075
 30
0.0
 10
154.4820139122898
 20
354.4079751944276
 30
0.0
 10
156.0281388601123
 20
355.8756251179005
 30
0.0
  0
SPLINE
  5
32E
330
1F
100
AcDbEntity
  8
VISIBLE
100
AcDbSpline
210
0.0
220
0.0
230
1.0
 70
     8
 71
     2
 72
     6
 73
     3
 74
     0
 42
0.000000001
 43
0.0000000382158023
 40
0.0
 40
0.0
 40
0.0
 40
1.0
 40
1.0
 40
1.0
 10
154.6556607746802
 20
349.8964961350148
 30
0.0
 10
154.4820139122898
 20
350.7146400058928
 30
0.0
 10
154.4820139122898
 20
351.873398876075
 30
0.0
  0
SPLINE
  5
32F
330
1F
100
AcDbEntity
  8
VISIBLE
100
AcDbSpline
210
0.0
220
0.0
230
1.0
 70
     8
 71
     2
 72
     6
 73
     3
 74
     0
 42
0.000000001
 43
0.0000000380558601
 40
0.0
 40
0.0
 40
0.0
 40
1.0
 40
1.0
 40
1.0
 10
155.2233524401874
 20
348.1600275111105
 30
0.0
 10
154.8293076370707
 20
349.0783522641368
 30
0.0
 10
154.6556607746802
 20
349.8964961350148
 30
0.0
  0
LINE
  5
330
330
1F
100
AcDbEntity
  8
VISIBLE
100
AcDbLine
 10
156.7694773880098
 20
348.1600275111105
 30
0.0
 11
155.2233524401874
 21
348.1600275111105
 31
0.0
  0
SPLINE
  5
331
330
1F
100
AcDbEntity
  8
VISIBLE
100
AcDbSpline
210
0.0
220
0.0
230
1.0
 70
     8
 71
     2
 72
     6
 73
     3
 74
     0
 42
0.000000001
 43
0.0000000382918774
 40
0.0
 40
0.0
 40
0.0
 40
1.0
 40
1.0
 40
1.0
 10
155.9980845954678
 20
351.8099509840478
 30
0.0
 10
155.9980845954678
 20
349.9632833897804
 30
0.0
 10
156.7694773880098
 20
348.1600275111105
 30
0.0
  0
SPLINE
  5
332
330
1F
100
AcDbEntity
  8
VISIBLE
100
AcDbSpline
210
0.0
220
0.0
230
1.0
 70
     8
 71
     2
 72
     6
 73
     3
 74
     0
 42
0.000000001
 43
0.0000000385523178
 40
0.0
 40
0.0
 40
0.0
 40
1.0
 40
1.0
 40
1.0
 10
157.0416354511795
 20
354.5281922530056
 30
0.0
 10
155.9980845954678
 20
353.5631164216434
 30
0.0
 10
155.9980845954678
 20
351.8099509840478
 30
0.0
  0
SPLINE
  5
333
330
1F
100
AcDbEntity
  8
VISIBLE
100
AcDbSpline
210
0.0
220
0.0
230
1.0
 70
     8
 71
     2
 72
     6
 73
     3
 74
     0
 42
0.000000001
 43
0.0000000387653413
 40
0.0
 40
0.0
 40
0.0
 40
1.0
 40
1.0
 40
1.0
 10
160.0988220380725
 20
355.5466978881802
 30
0.0
 10
158.0851863068911
 20
355.4932680843678
 30
0.0
 10
157.0416354511795
 20
354.5281922530056
 30
0.0
  0
LINE
  5
334
330
1F
100
AcDbEntity
  8
VISIBLE
100
AcDbLine
 10
160.0988220380725
 20
352.9764162929412
 30
0.0
 11
160.0988220380725
 21
355.5466978881802
 31
0.0
  0
LINE
  5
335
330
1F
100
AcDbEntity
  8
VISIBLE
100
AcDbLine
 10
161.5080331136255
 20
352.9764162929412
 30
0.0
 11
160.0988220380725
 21
352.9764162929412
 31
0.0
  0
LINE
  5
336
330
1F
100
AcDbEntity
  8
VISIBLE
100
AcDbLine
 10
161.5080331136255
 20
355.5066255353209
 30
0.0
 11
161.5080331136255
 21
352.9764162929412
 31
0.0
  0
SPLINE
  5
337
330
1F
100
AcDbEntity
  8
VISIBLE
100
AcDbSpline
210
0.0
220
0.0
230
1.0
 70
     8
 71
     2
 72
     6
 73
     3
 74
     0
 42
0.000000001
 43
0.0000000389165555
 40
0.0
 40
0.0
 40
0.0
 40
1.0
 40
1.0
 40
1.0
 10
163.9908493095348
 20
354.5398800225896
 30
0.0
 10
163.0942304143073
 20
355.3596935748367
 30
0.0
 10
161.5080331136255
 20
355.5066255353209
 30
0.0
  0
SPLINE
  5
338
330
1F
100
AcDbEntity
  8
VISIBLE
100
AcDbSpline
210
0.0
220
0.0
230
1.0
 70
     8
 71
     2
 72
     6
 73
     3
 74
     0
 42
0.000000001
 43
0.0000000388623724
 40
0.2415301411784799
 40
0.2415301411784799
 40
0.2415301411784799
 40
1.0
 40
1.0
 40
1.0
 10
164.835162319438
 20
352.976416294023
 30
0.0
 10
164.6709077164147
 20
353.9180761533568
 30
0.0
 10
163.9908493095348
 20
354.5398800225896
 30
0.0
  0
LINE
  5
339
330
1F
100
AcDbEntity
  8
VISIBLE
100
AcDbLine
 10
166.304880927675
 20
352.9764162929412
 30
0.0
 11
164.835162319438
 21
352.9764162929412
 31
0.0
  0
SPLINE
  5
33A
330
1F
100
AcDbEntity
  8
VISIBLE
100
AcDbSpline
210
0.0
220
0.0
230
1.0
 70
     8
 71
     2
 72
     6
 73
     3
 74
     0
 42
0.000000001
 43
0.0000000390534139
 40
0.0
 40
0.0
 40
0.0
 40
0.8529333076380857
 40
0.8529333076380857
 40
0.8529333076380857
 10
164.7121516610028
 20
355.9808150441563
 30
0.0
 10
166.1006753425619
 20
354.8187275322053
 30
0.0
 10
166.304880927675
 20
352.9764162930647
 30
0.0
  0
SPLINE
  5
33B
330
1F
100
AcDbEntity
  8
VISIBLE
100
AcDbSpline
210
0.0
220
0.0
230
1.0
 70
     8
 71
     2
 72
     6
 73
     3
 74
     0
 42
0.000000001
 43
0.0000000391133469
 40
0.0
 40
0.0
 40
0.0
 40
1.0
 40
1.0
 40
1.0
 10
160.3158806160605
 20
357.3432750413735
 30
0.0
 10
163.0842123260925
 20
357.3432750413735
 30
0.0
 10
164.7121516610028
 20
355.9808150441563
 30
0.0
  0
SPLINE
  5
33C
330
1F
100
AcDbEntity
  8
VISIBLE
100
AcDbSpline
210
0.0
220
0.0
230
1.0
 70
     8
 71
     2
 72
     6
 73
     3
 74
     0
 42
0.000000001
 43
0.0000000374622392
 40
0.0
 40
0.0
 40
0.0
 40
1.0
 40
1.0
 40
1.0
 10
161.1941330162275
 20
340.800072035947
 30
0.0
 10
160.4527944883299
 20
338.7664001283361
 30
0.0
 10
159.7014378722174
 20
338.0517765023447
 30
0.0
  0
SPLINE
  5
33D
330
1F
100
AcDbEntity
  8
VISIBLE
100
AcDbSpline
210
0.0
220
0.0
230
1.0
 70
     8
 71
     2
 72
     6
 73
     3
 74
     0
 42
0.000000001
 43
0.0000000376792494
 40
0.0
 40
0.0
 40
0.0
 40
1.0
 40
1.0
 40
1.0
 10
162.0406614703808
 20
342.8036896789134
 30
0.0
 10
161.7484672307815
 20
342.2827490917422
 30
0.0
 10
161.1941330162275
 20
340.800072035947
 30
0.0
  0
SPLINE
  5
33E
330
1F
100
AcDbEntity
  8
VISIBLE
100
AcDbSpline
210
0.0
220
0.0
230
1.0
 70
     8
 71
     2
 72
     6
 73
     3
 74
     0
 42
0.000000001
 43
0.0000000377732766
 40
0.0
 40
0.0
 40
0.0
 40
1.0
 40
1.0
 40
1.0
 10
162.6551042142238
 20
343.5600553391333
 30
0.0
 10
162.3328557099801
 20
343.3246302660848
 30
0.0
 10
162.0406614703808
 20
342.8036896789134
 30
0.0
  0
SPLINE
  5
33F
330
1F
100
AcDbEntity
  8
VISIBLE
100
AcDbSpline
210
0.0
220
0.0
230
1.0
 70
     8
 71
     2
 72
     6
 73
     3
 74
     0
 42
0.000000001
 43
0.0000000378269095
 40
0.0
 40
0.0
 40
0.0
 40
1.0
 40
1.0
 40
1.0
 10
163.4381847763499
 20
343.7954804121819
 30
0.0
 10
162.9773527184676
 20
343.7954804121819
 30
0.0
 10
162.6551042142238
 20
343.5600553391333
 30
0.0
  0
SPLINE
  5
340
330
1F
100
AcDbEntity
  8
VISIBLE
100
AcDbSpline
210
0.0
220
0.0
230
1.0
 70
     8
 71
     2
 72
     6
 73
     3
 74
     0
 42
0.000000001
 43
0.0000000378708851
 40
0.0
 40
0.0
 40
0.0
 40
1.0
 40
1.0
 40
1.0
 10
164.5017718084913
 20
343.1693498987548
 30
0.0
 10
164.1160754122202
 20
343.7954804121819
 30
0.0
 10
163.4381847763499
 20
343.7954804121819
 30
0.0
  0
SPLINE
  5
341
330
1F
100
AcDbEntity
  8
VISIBLE
100
AcDbSpline
210
0.0
220
0.0
230
1.0
 70
     8
 71
     2
 72
     6
 73
     3
 74
     0
 42
0.000000001
 43
0.0000000378300858
 40
0.0
 40
0.0
 40
0.0
 40
1.0
 40
1.0
 40
1.0
 10
164.8874682047623
 20
341.3109945349035
 30
0.0
 10
164.8874682047623
 20
342.5432193853279
 30
0.0
 10
164.5017718084913
 20
343.1693498987548
 30
0.0
  0
SPLINE
  5
342
330
1F
100
AcDbEntity
  8
VISIBLE
100
AcDbSpline
210
0.0
220
0.0
230
1.0
 70
     8
 71
     2
 72
     6
 73
     3
 74
     0
 42
0.000000001
 43
0.0000000376615894
 40
0.0
 40
0.0
 40
0.0
 40
1.0
 40
1.0
 40
1.0
 10
164.1795233042475
 20
338.1920297373524
 30
0.0
 10
164.8874682047623
 20
339.9118015475652
 30
0.0
 10
164.8874682047623
 20
341.3109945349035
 30
0.0
  0
LINE
  5
343
330
1F
100
AcDbEntity
  8
VISIBLE
100
AcDbLine
 10
165.5887343798006
 20
337.574247630771
 30
0.0
 11
164.1795233042475
 21
338.1920297373524
 31
0.0
  0
SPLINE
  5
344
330
1F
100
AcDbEntity
  8
VISIBLE
100
AcDbSpline
210
0.0
220
0.0
230
1.0
 70
     8
 71
     2
 72
     6
 73
     3
 74
     0
 42
0.000000001
 43
0.0000000377113547
 40
0.0
 40
0.0
 40
0.0
 40
1.0
 40
1.0
 40
1.0
 10
166.340090995913
 20
341.1874381135872
 30
0.0
 10
166.340090995913
 20
339.3407705193198
 30
0.0
 10
165.5887343798006
 20
337.574247630771
 30
0.0
  0
SPLINE
  5
345
330
1F
100
AcDbEntity
  8
VISIBLE
100
AcDbSpline
210
0.0
220
0.0
230
1.0
 70
     8
 71
     2
 72
     6
 73
     3
 74
     0
 42
0.000000001
 43
0.0000000379937703
 40
0.0
 40
0.0
 40
0.0
 40
1.0
 40
1.0
 40
1.0
 10
165.5302955318807
 20
344.3064029111384
 30
0.0
 10
166.340090995913
 20
343.1676802173857
 30
0.0
 10
166.340090995913
 20
341.1874381135872
 30
0.0
  0
SPLINE
  5
346
330
1F
100
AcDbEntity
  8
VISIBLE
100
AcDbSpline
210
0.0
220
0.0
230
1.0
 70
     8
 71
     2
 72
     6
 73
     3
 74
     0
 42
0.000000001
 43
0.0000000380632971
 40
0.0
 40
0.0
 40
0.0
 40
1.0
 40
1.0
 40
1.0
 10
163.3213070805102
 20
345.445125604891
 30
0.0
 10
164.7205000678485
 20
345.445125604891
 30
0.0
 10
165.5302955318807
 20
344.3064029111384
 30
0.0
  0
SPLINE
  5
347
330
1F
100
AcDbEntity
  8
VISIBLE
100
AcDbSpline
210
0.0
220
0.0
230
1.0
 70
     8
 71
     2
 72
     6
 73
     3
 74
     0
 42
0.000000001
 43
0.000000037972104
 40
0.0
 40
0.0
 40
0.0
 40
1.0
 40
1.0
 40
1.0
 10
161.9772135783535
 20
345.1161983751707
 30
0.0
 10
162.5398961997533
 20
345.445125604891
 30
0.0
 10
163.3213070805102
 20
345.445125604891
 30
0.0
  0
SPLINE
  5
348
330
1F
100
AcDbEntity
  8
VISIBLE
100
AcDbSpline
210
0.0
220
0.0
230
1.0
 70
     8
 71
     2
 72
     6
 73
     3
 74
     0
 42
0.000000001
 43
0.000000037887174
 40
0.0
 40
0.0
 40
0.0
 40
1.0
 40
1.0
 40
1.0
 10
160.9703957127629
 20
344.1143895536874
 30
0.0
 10
161.4145309569538
 20
344.7872711454503
 30
0.0
 10
161.9772135783535
 20
345.1161983751707
 30
0.0
  0
SPLINE
  5
349
330
1F
100
AcDbEntity
  8
VISIBLE
100
AcDbSpline
210
0.0
220
0.0
230
1.0
 70
     8
 71
     2
 72
     6
 73
     3
 74
     0
 42
0.000000001
 43
0.0000000377548973
 40
0.0
 40
0.0
 40
0.0
 40
1.0
 40
1.0
 40
1.0
 10
159.9318539011586
 20
341.8452925730278
 30
0.0
 10
160.526260468572
 20
343.4415079619245
 30
0.0
 10
160.9703957127629
 20
344.1143895536874
 30
0.0
  0
SPLINE
  5
34A
330
1F
100
AcDbEntity
  8
VISIBLE
100
AcDbSpline
210
0.0
220
0.0
230
1.0
 70
     8
 71
     2
 72
     6
 73
     3
 74
     0
 42
0.000000001
 43
0.0000000375058636
 40
0.0
 40
0.0
 40
0.0
 40
1.0
 40
1.0
 40
1.0
 10
158.8098280210974
 20
339.5845439992141
 30
0.0
 10
159.2840175299328
 20
340.162253752936
 30
0.0
 10
159.9318539011586
 20
341.8452925730278
 30
0.0
  0
SPLINE
  5
34B
330
1F
100
AcDbEntity
  8
VISIBLE
100
AcDbSpline
210
0.0
220
0.0
230
1.0
 70
     8
 71
     2
 72
     6
 73
     3
 74
     0
 42
0.000000001
 43
0.0000000372542057
 40
0.0
 40
0.0
 40
0.0
 40
1.0
 40
1.0
 40
1.0
 10
157.6677659646065
 20
339.006834245492
 30
0.0
 10
158.335638512262
 20
339.006834245492
 30
0.0
 10
158.8098280210974
 20
339.5845439992141
 30
0.0
  0
SPLINE
  5
34C
330
1F
100
AcDbEntity
  8
VISIBLE
100
AcDbSpline
210
0.0
220
0.0
230
1.0
 70
     8
 71
     2
 72
     6
 73
     3
 74
     0
 42
0.000000001
 43
0.0000000372218276
 40
0.0
 40
0.0
 40
0.0
 40
1.0
 40
1.0
 40
1.0
 10
156.3470480016178
 20
339.7364850038056
 30
0.0
 10
156.7794954762247
 20
339.006834245492
 30
0.0
 10
157.6677659646065
 20
339.006834245492
 30
0.0
  0
SPLINE
  5
34D
330
1F
100
AcDbEntity
  8
VISIBLE
100
AcDbSpline
210
0.0
220
0.0
230
1.0
 70
     8
 71
     2
 72
     6
 73
     3
 74
     0
 42
0.000000001
 43
0.0000000373594456
 40
0.0
 40
0.0
 40
0.0
 40
1.0
 40
1.0
 40
1.0
 10
155.9146005270108
 20
341.82191703386
 30
0.0
 10
155.9146005270108
 20
340.4661357621193
 30
0.0
 10
156.3470480016178
 20
339.7364850038056
 30
0.0
  0
SPLINE
  5
34E
330
1F
100
AcDbEntity
  8
VISIBLE
100
AcDbSpline
210
0.0
220
0.0
230
1.0
 70
     8
 71
     2
 72
     6
 73
     3
 74
     0
 42
0.000000001
 43
0.0000000375185084
 40
0.0
 40
0.0
 40
0.0
 40
1.0
 40
1.0
 40
1.0
 10
156.1533649627977
 20
343.6435394075903
 30
0.0
 10
155.9146005270108
 20
342.7001694340269
 30
0.0
 10
155.9146005270108
 20
341.82191703386
 30
0.0
  0
SPLINE
  5
34F
330
1F
100
AcDbEntity
  8
VISIBLE
100
AcDbSpline
210
0.0
220
0.0
230
1.0
 70
     8
 71
     2
 72
     6
 73
     3
 74
     0
 42
0.000000001
 43
0.0000000377064686
 40
0.0
 40
0.0
 40
0.0
 40
1.0
 40
1.0
 40
1.0
 10
156.8095497408692
 20
345.4117319775081
 30
0.0
 10
156.3921293985845
 20
344.5869093811536
 30
0.0
 10
156.1533649627977
 20
343.6435394075903
 30
0.0
  0
LINE
  5
350
330
1F
100
AcDbEntity
  8
VISIBLE
100
AcDbLine
 10
155.2033162637577
 20
345.4117319775081
 30
0.0
 11
156.8095497408692
 21
345.4117319775081
 31
0.0
  0
SPLINE
  5
351
330
1F
100
AcDbEntity
  8
VISIBLE
100
AcDbSpline
210
0.0
220
0.0
230
1.0
 70
     8
 71
     2
 72
     6
 73
     3
 74
     0
 42
0.000000001
 43
0.0000000376431448
 40
0.0
 40
0.0
 40
0.0
 40
1.0
 40
1.0
 40
1.0
 10
154.4820139122898
 20
341.8653287494575
 30
0.0
 10
154.4820139122898
 20
344.1394347742244
 30
0.0
 10
155.2033162637577
 20
345.4117319775081
 30
0.0
  0
SPLINE
  5
352
330
1F
100
AcDbEntity
  8
VISIBLE
100
AcDbSpline
210
0.0
220
0.0
230
1.0
 70
     8
 71
     2
 72
     6
 73
     3
 74
     0
 42
0.000000001
 43
0.0000000373237475
 40
0.0
 40
0.0
 40
0.0
 40
1.0
 40
1.0
 40
1.0
 10
155.3485785428728
 20
338.5259660111801
 30
0.0
 10
154.4820139122898
 20
339.7147791460068
 30
0.0
 10
154.4820139122898
 20
341.8653287494575
 30
0.0
  0
SPLINE
  5
353
330
1F
100
AcDbEntity
  8
VISIBLE
100
AcDbSpline
210
0.0
220
0.0
230
1.0
 70
     8
 71
     2
 72
     6
 73
     3
 74
     0
 42
0.000000001
 43
0.0000000371171858
 40
0.0
 40
0.0
 40
0.0
 40
1.0
 40
1.0
 40
1.0
 10
157.8113585623524
 20
337.3371528763533
 30
0.0
 10
156.2151431734558
 20
337.3371528763533
 30
0.0
 10
155.3485785428728
 20
338.5259660111801
 30
0.0
  0
SPLINE
  5
354
330
1F
100
AcDbEntity
  8
VISIBLE
100
AcDbSpline
210
0.0
220
0.0
230
1.0
 70
     8
 71
     2
 72
     6
 73
     3
 74
     0
 42
0.000000001
 43
0.0000000371509862
 40
0.0
 40
0.0
 40
0.0
 40
1.0
 40
1.0
 40
1.0
 10
159.7014378722174
 20
338.0517765023447
 30
0.0
 10
158.950081256105
 20
337.3371528763533
 30
0.0
 10
157.8113585623524
 20
337.3371528763533
 30
0.0
  0
SPLINE
  5
355
330
1F
100
AcDbEntity
  8
VISIBLE
100
AcDbSpline
210
0.0
220
0.0
230
1.0
 70
     8
 71
     2
 72
     6
 73
     3
 74
     0
 42
0.000000001
 43
0.0000000365372293
 40
0.0
 40
0.0
 40
0.0
 40
1.0
 40
1.0
 40
1.0
 10
161.1941330162275
 20
330.604997595986
 30
0.0
 10
160.4527944883299
 20
328.5713256883751
 30
0.0
 10
159.7014378722174
 20
327.8567020623836
 30
0.0
  0
SPLINE
  5
356
330
1F
100
AcDbEntity
  8
VISIBLE
100
AcDbSpline
210
0.0
220
0.0
230
1.0
 70
     8
 71
     2
 72
     6
 73
     3
 74
     0
 42
0.000000001
 43
0.0000000367541433
 40
0.0
 40
0.0
 40
0.0
 40
1.0
 40
1.0
 40
1.0
 10
162.0406614703808
 20
332.6086152389524
 30
0.0
 10
161.7484672307815
 20
332.0876746517812
 30
0.0
 10
161.1941330162275
 20
330.604997595986
 30
0.0
  0
SPLINE
  5
357
330
1F
100
AcDbEntity
  8
VISIBLE
100
AcDbSpline
210
0.0
220
0.0
230
1.0
 70
     8
 71
     2
 72
     6
 73
     3
 74
     0
 42
0.000000001
 43
0.0000000368484384
 40
0.0
 40
0.0
 40
0.0
 40
1.0
 40
1.0
 40
1.0
 10
162.6551042142238
 20
333.3649808991723
 30
0.0
 10
162.3328557099801
 20
333.1295558261237
 30
0.0
 10
162.0406614703808
 20
332.6086152389524
 30
0.0
  0
SPLINE
  5
358
330
1F
100
AcDbEntity
  8
VISIBLE
100
AcDbSpline
210
0.0
220
0.0
230
1.0
 70
     8
 71
     2
 72
     6
 73
     3
 74
     0
 42
0.000000001
 43
0.0000000369027651
 40
0.0
 40
0.0
 40
0.0
 40
1.0
 40
1.0
 40
1.0
 10
163.4381847763499
 20
333.6004059722209
 30
0.0
 10
162.9773527184676
 20
333.6004059722209
 30
0.0
 10
162.6551042142238
 20
333.3649808991723
 30
0.0
  0
SPLINE
  5
359
330
1F
100
AcDbEntity
  8
VISIBLE
100
AcDbSpline
210
0.0
220
0.0
230
1.0
 70
     8
 71
     2
 72
     6
 73
     3
 74
     0
 42
0.000000001
 43
0.0000000369478405
 40
0.0
 40
0.0
 40
0.0
 40
1.0
 40
1.0
 40
1.0
 10
164.5017718084913
 20
332.9742754587938
 30
0.0
 10
164.1160754122202
 20
333.6004059722209
 30
0.0
 10
163.4381847763499
 20
333.6004059722209
 30
0.0
  0
SPLINE
  5
35A
330
1F
100
AcDbEntity
  8
VISIBLE
100
AcDbSpline
210
0.0
220
0.0
230
1.0
 70
     8
 71
     2
 72
     6
 73
     3
 74
     0
 42
0.000000001
 43
0.0000000369077505
 40
0.0
 40
0.0
 40
0.0
 40
1.0
 40
1.0
 40
1.0
 10
164.8874682047623
 20
331.1159200949425
 30
0.0
 10
164.8874682047623
 20
332.3481449453669
 30
0.0
 10
164.5017718084913
 20
332.9742754587938
 30
0.0
  0
SPLINE
  5
35B
330
1F
100
AcDbEntity
  8
VISIBLE
100
AcDbSpline
210
0.0
220
0.0
230
1.0
 70
     8
 71
     2
 72
     6
 73
     3
 74
     0
 42
0.000000001
 43
0.0000000367401809
 40
0.0
 40
0.0
 40
0.0
 40
1.0
 40
1.0
 40
1.0
 10
164.1795233042475
 20
327.9969552973913
 30
0.0
 10
164.8874682047623
 20
329.7167271076042
 30
0.0
 10
164.8874682047623
 20
331.1159200949425
 30
0.0
  0
LINE
  5
35C
330
1F
100
AcDbEntity
  8
VISIBLE
100
AcDbLine
 10
165.5887343798006
 20
327.3791731908099
 30
0.0
 11
164.1795233042475
 21
327.9969552973913
 31
0.0
  0
SPLINE
  5
35D
330
1F
100
AcDbEntity
  8
VISIBLE
100
AcDbSpline
210
0.0
220
0.0
230
1.0
 70
     8
 71
     2
 72
     6
 73
     3
 74
     0
 42
0.000000001
 43
0.0000000367915349
 40
0.0
 40
0.0
 40
0.0
 40
1.0
 40
1.0
 40
1.0
 10
166.340090995913
 20
330.9923636736262
 30
0.0
 10
166.340090995913
 20
329.1456960793588
 30
0.0
 10
165.5887343798006
 20
327.3791731908099
 30
0.0
  0
SPLINE
  5
35E
330
1F
100
AcDbEntity
  8
VISIBLE
100
AcDbSpline
210
0.0
220
0.0
230
1.0
 70
     8
 71
     2
 72
     6
 73
     3
 74
     0
 42
0.000000001
 43
0.0000000370723804
 40
0.0
 40
0.0
 40
0.0
 40
1.0
 40
1.0
 40
1.0
 10
165.5302955318807
 20
334.1113284711773
 30
0.0
 10
166.340090995913
 20
332.9726057774246
 30
0.0
 10
166.340090995913
 20
330.9923636736262
 30
0.0
  0
SPLINE
  5
35F
330
1F
100
AcDbEntity
  8
VISIBLE
100
AcDbSpline
210
0.0
220
0.0
230
1.0
 70
     8
 71
     2
 72
     6
 73
     3
 74
     0
 42
0.000000001
 43
0.0000000371405063
 40
0.0
 40
0.0
 40
0.0
 40
1.0
 40
1.0
 40
1.0
 10
163.3213070805102
 20
335.25005116493
 30
0.0
 10
164.7205000678485
 20
335.25005116493
 30
0.0
 10
165.5302955318807
 20
334.1113284711773
 30
0.0
  0
SPLINE
  5
360
330
1F
100
AcDbEntity
  8
VISIBLE
100
AcDbSpline
210
0.0
220
0.0
230
1.0
 70
     8
 71
     2
 72
     6
 73
     3
 74
     0
 42
0.000000001
 43
0.0000000370470417
 40
0.0
 40
0.0
 40
0.0
 40
1.0
 40
1.0
 40
1.0
 10
161.9772135783535
 20
334.9211239352096
 30
0.0
 10
162.5398961997533
 20
335.25005116493
 30
0.0
 10
163.3213070805102
 20
335.25005116493
 30
0.0
  0
SPLINE
  5
361
330
1F
100
AcDbEntity
  8
VISIBLE
100
AcDbSpline
210
0.0
220
0.0
230
1.0
 70
     8
 71
     2
 72
     6
 73
     3
 74
     0
 42
0.000000001
 43
0.0000000369608934
 40
0.0
 40
0.0
 40
0.0
 40
1.0
 40
1.0
 40
1.0
 10
160.9703957127629
 20
333.9193151137263
 30
0.0
 10
161.4145309569538
 20
334.5921967054893
 30
0.0
 10
161.9772135783535
 20
334.9211239352096
 30
0.0
  0
SPLINE
  5
362
330
1F
100
AcDbEntity
  8
VISIBLE
100
AcDbSpline
210
0.0
220
0.0
230
1.0
 70
     8
 71
     2
 72
     6
 73
     3
 74
     0
 42
0.000000001
 43
0.0000000368280631
 40
0.0
 40
0.0
 40
0.0
 40
1.0
 40
1.0
 40
1.0
 10
159.9318539011586
 20
331.6502181330668
 30
0.0
 10
160.526260468572
 20
333.2464335219634
 30
0.0
 10
160.9703957127629
 20
333.9193151137263
 30
0.0
  0
SPLINE
  5
363
330
1F
100
AcDbEntity
  8
VISIBLE
100
AcDbSpline
210
0.0
220
0.0
230
1.0
 70
     8
 71
     2
 72
     6
 73
     3
 74
     0
 42
0.000000001
 43
0.0000000365790437
 40
0.0
 40
0.0
 40
0.0
 40
1.0
 40
1.0
 40
1.0
 10
158.8098280210974
 20
329.389469559253
 30
0.0
 10
159.2840175299328
 20
329.967179312975
 30
0.0
 10
159.9318539011586
 20
331.6502181330668
 30
0.0
  0
SPLINE
  5
364
330
1F
100
AcDbEntity
  8
VISIBLE
100
AcDbSpline
210
0.0
220
0.0
230
1.0
 70
     8
 71
     2
 72
     6
 73
     3
 74
     0
 42
0.000000001
 43
0.0000000363273099
 40
0.0
 40
0.0
 40
0.0
 40
1.0
 40
1.0
 40
1.0
 10
157.6677659646065
 20
328.811759805531
 30
0.0
 10
158.335638512262
 20
328.811759805531
 30
0.0
 10
158.8098280210974
 20
329.389469559253
 30
0.0
  0
SPLINE
  5
365
330
1F
100
AcDbEntity
  8
VISIBLE
100
AcDbSpline
210
0.0
220
0.0
230
1.0
 70
     8
 71
     2
 72
     6
 73
     3
 74
     0
 42
0.000000001
 43
0.0000000362936781
 40
0.0
 40
0.0
 40
0.0
 40
1.0
 40
1.0
 40
1.0
 10
156.3470480016178
 20
329.5414105638446
 30
0.0
 10
156.7794954762247
 20
328.811759805531
 30
0.0
 10
157.6677659646065
 20
328.811759805531
 30
0.0
  0
SPLINE
  5
366
330
1F
100
AcDbEntity
  8
VISIBLE
100
AcDbSpline
210
0.0
220
0.0
230
1.0
 70
     8
 71
     2
 72
     6
 73
     3
 74
     0
 42
0.000000001
 43
0.0000000364289661
 40
0.0
 40
0.0
 40
0.0
 40
1.0
 40
1.0
 40
1.0
 10
155.9146005270108
 20
331.6268425938989
 30
0.0
 10
155.9146005270108
 20
330.2710613221583
 30
0.0
 10
156.3470480016178
 20
329.5414105638446
 30
0.0
  0
SPLINE
  5
367
330
1F
100
AcDbEntity
  8
VISIBLE
100
AcDbSpline
210
0.0
220
0.0
230
1.0
 70
     8
 71
     2
 72
     6
 73
     3
 74
     0
 42
0.000000001
 43
0.0000000365869982
 40
0.0
 40
0.0
 40
0.0
 40
1.0
 40
1.0
 40
1.0
 10
156.1533649627977
 20
333.4484649676292
 30
0.0
 10
155.9146005270108
 20
332.5050949940658
 30
0.0
 10
155.9146005270108
 20
331.6268425938989
 30
0.0
  0
SPLINE
  5
368
330
1F
100
AcDbEntity
  8
VISIBLE
100
AcDbSpline
210
0.0
220
0.0
230
1.0
 70
     8
 71
     2
 72
     6
 73
     3
 74
     0
 42
0.000000001
 43
0.0000000367748175
 40
0.0
 40
0.0
 40
0.0
 40
1.0
 40
1.0
 40
1.0
 10
156.8095497408692
 20
335.2166575375471
 30
0.0
 10
156.3921293985845
 20
334.3918349411925
 30
0.0
 10
156.1533649627977
 20
333.4484649676292
 30
0.0
  0
LINE
  5
369
330
1F
100
AcDbEntity
  8
VISIBLE
100
AcDbLine
 10
155.2033162637577
 20
335.2166575375471
 30
0.0
 11
156.8095497408692
 21
335.2166575375471
 31
0.0
  0
SPLINE
  5
36A
330
1F
100
AcDbEntity
  8
VISIBLE
100
AcDbSpline
210
0.0
220
0.0
230
1.0
 70
     8
 71
     2
 72
     6
 73
     3
 74
     0
 42
0.000000001
 43
0.0000000367098867
 40
0.0
 40
0.0
 40
0.0
 40
1.0
 40
1.0
 40
1.0
 10
154.4820139122898
 20
331.6702543094966
 30
0.0
 10
154.4820139122898
 20
333.9443603342634
 30
0.0
 10
155.2033162637577
 20
335.2166575375471
 30
0.0
  0
SPLINE
  5
36B
330
1F
100
AcDbEntity
  8
VISIBLE
100
AcDbSpline
210
0.0
220
0.0
230
1.0
 70
     8
 71
     2
 72
     6
 73
     3
 74
     0
 42
0.000000001
 43
0.0000000363922337
 40
0.0
 40
0.0
 40
0.0
 40
1.0
 40
1.0
 40
1.0
 10
155.3485785428728
 20
328.330891571219
 30
0.0
 10
154.4820139122898
 20
329.5197047060458
 30
0.0
 10
154.4820139122898
 20
331.6702543094966
 30
0.0
  0
SPLINE
  5
36C
330
1F
100
AcDbEntity
  8
VISIBLE
100
AcDbSpline
210
0.0
220
0.0
230
1.0
 70
     8
 71
     2
 72
     6
 73
     3
 74
     0
 42
0.000000001
 43
0.0000000361897628
 40
0.0
 40
0.0
 40
0.0
 40
1.0
 40
1.0
 40
1.0
 10
157.8113585623524
 20
327.1420784363922
 30
0.0
 10
156.2151431734558
 20
327.1420784363922
 30
0.0
 10
155.3485785428728
 20
328.330891571219
 30
0.0
  0
SPLINE
  5
36D
330
1F
100
AcDbEntity
  8
VISIBLE
100
AcDbSpline
210
0.0
220
0.0
230
1.0
 70
     8
 71
     2
 72
     6
 73
     3
 74
     0
 42
0.000000001
 43
0.0000000362257631
 40
0.0
 40
0.0
 40
0.0
 40
1.0
 40
1.0
 40
1.0
 10
159.7014378722174
 20
327.8567020623836
 30
0.0
 10
158.950081256105
 20
327.1420784363922
 30
0.0
 10
157.8113585623524
 20
327.1420784363922
 30
0.0
  0
LINE
  5
36E
330
1F
100
AcDbEntity
  8
VISIBLE
100
AcDbLine
 10
154.6923937648013
 20
291.4810237543275
 30
0.0
 11
154.6923937648013
 21
293.4412296816962
 31
0.0
  0
LINE
  5
36F
330
1F
100
AcDbEntity
  8
VISIBLE
100
AcDbLine
 10
159.3274292455304
 20
288.2451812609366
 30
0.0
 11
154.6923937648013
 21
291.4810237543275
 31
0.0
  0
LINE
  5
370
330
1F
100
AcDbEntity
  8
VISIBLE
100
AcDbLine
 10
154.6923937648013
 20
285.0393930321902
 30
0.0
 11
159.3274292455304
 21
288.2451812609366
 31
0.0
  0
LINE
  5
371
330
1F
100
AcDbEntity
  8
VISIBLE
100
AcDbLine
 10
154.6923937648013
 20
283.0791871048213
 30
0.0
 11
154.6923937648013
 21
285.0393930321902
 31
0.0
  0
LINE
  5
372
330
1F
100
AcDbEntity
  8
VISIBLE
100
AcDbLine
 10
160.5462966450017
 20
287.263408615883
 30
0.0
 11
154.6923937648013
 21
283.0791871048213
 31
0.0
  0
LINE
  5
373
330
1F
100
AcDbEntity
  8
VISIBLE
100
AcDbLine
 10
166.1297111434016
 20
283.2862275945946
 30
0.0
 11
160.5462966450017
 21
287.263408615883
 31
0.0
  0
LINE
  5
374
330
1F
100
AcDbEntity
  8
VISIBLE
100
AcDbLine
 10
166.1297111434015
 20
285.2397547964868
 30
0.0
 11
166.1297111434016
 21
283.2862275945946
 31
0.0
  0
LINE
  5
375
330
1F
100
AcDbEntity
  8
VISIBLE
100
AcDbLine
 10
161.7484672307815
 20
288.2451812609366
 30
0.0
 11
166.1297111434015
 21
285.2397547964868
 31
0.0
  0
LINE
  5
376
330
1F
100
AcDbEntity
  8
VISIBLE
100
AcDbLine
 10
166.1297111434015
 20
291.2606258136011
 30
0.0
 11
161.7484672307815
 21
288.2451812609366
 31
0.0
  0
LINE
  5
377
330
1F
100
AcDbEntity
  8
VISIBLE
100
AcDbLine
 10
166.1297111434015
 20
293.2341891919231
 30
0.0
 11
166.1297111434015
 21
291.2606258136011
 31
0.0
  0
LINE
  5
378
330
1F
100
AcDbEntity
  8
VISIBLE
100
AcDbLine
 10
160.5462966450017
 20
289.2570081706347
 30
0.0
 11
166.1297111434015
 21
293.2341891919231
 31
0.0
  0
LINE
  5
379
330
1F
100
AcDbEntity
  8
VISIBLE
100
AcDbLine
 10
154.6923937648013
 20
293.4412296816962
 30
0.0
 11
160.5462966450017
 21
289.2570081706347
 31
0.0
  0
SPLINE
  5
37A
330
1F
100
AcDbEntity
  8
VISIBLE
100
AcDbSpline
210
0.0
220
0.0
230
1.0
 70
     8
 71
     2
 72
     6
 73
     3
 74
     0
 42
0.000000001
 43
0.0000000338659376
 40
0.0
 40
0.0
 40
0.0
 40
0.7813599972103933
 40
0.7813599972103933
 40
0.7813599972103933
 10
157.0817078040388
 20
302.8866171869141
 30
0.0
 10
156.1854323320752
 20
302.2016905161994
 30
0.0
 10
155.9894706603848
 20
301.0142096918681
 30
0.0
  0
SPLINE
  5
37B
330
1F
100
AcDbEntity
  8
VISIBLE
100
AcDbSpline
210
0.0
220
0.0
230
1.0
 70
     8
 71
     2
 72
     6
 73
     3
 74
     0
 42
0.000000001
 43
0.0000000340595667
 40
0.1654291114683543
 40
0.1654291114683543
 40
0.1654291114683543
 40
1.0
 40
1.0
 40
1.0
 10
159.725500106199
 20
303.7392106497214
 30
0.0
 10
158.0390199516741
 20
303.6181876054126
 30
0.0
 10
157.0817078040388
 20
302.8866171869141
 30
0.0
  0
LINE
  5
37C
330
1F
100
AcDbEntity
  8
VISIBLE
100
AcDbLine
 10
159.7255001067593
 20
305.534387144023
 30
0.0
 11
159.725500106199
 21
303.7392106497214
 31
0.0
  0
SPLINE
  5
37D
330
1F
100
AcDbEntity
  8
VISIBLE
100
AcDbSpline
210
0.0
220
0.0
230
1.0
 70
     8
 71
     2
 72
     6
 73
     3
 74
     0
 42
0.000000001
 43
0.0000000342197548
 40
0.0
 40
0.0
 40
0.0
 40
0.8020306491218743
 40
0.8020306491218743
 40
0.8020306491218743
 10
157.2703817987515
 20
304.9119406876793
 30
0.0
 10
158.349725118399
 20
305.4315253130184
 30
0.0
 10
159.7255001164906
 20
305.534387144023
 30
0.0
  0
SPLINE
  5
37E
330
1F
100
AcDbEntity
  8
VISIBLE
100
AcDbSpline
210
0.0
220
0.0
230
1.0
 70
     8
 71
     2
 72
     6
 73
     3
 74
     0
 42
0.000000001
 43
0.0000000340554914
 40
0.0
 40
0.0
 40
0.0
 40
1.0
 40
1.0
 40
1.0
 10
155.2033162637577
 20
303.0752911816267
 30
0.0
 10
155.9246186152257
 20
304.2641043164535
 30
0.0
 10
157.2703817987515
 20
304.9119406876793
 30
0.0
  0
SPLINE
  5
37F
330
1F
100
AcDbEntity
  8
VISIBLE
100
AcDbSpline
210
0.0
220
0.0
230
1.0
 70
     8
 71
     2
 72
     6
 73
     3
 74
     0
 42
0.000000001
 43
0.0000000338002963
 40
0.2216309539545404
 40
0.2216309539545404
 40
0.2216309539545404
 40
1.0
 40
1.0
 40
1.0
 10
154.5174444855788
 20
301.0142096796173
 30
0.0
 10
154.6418768405353
 20
302.1499558359453
 30
0.0
 10
155.2033162637577
 20
303.0752911816267
 30
0.0
  0
LINE
  5
380
330
1F
100
AcDbEntity
  8
VISIBLE
100
AcDbLine
 10
155.9894706603848
 20
301.0142096893546
 30
0.0
 11
154.5174444855788
 21
301.0142096893546
 31
0.0
  0
LINE
  5
381
330
1F
100
AcDbEntity
  8
VISIBLE
100
AcDbLine
 10
168.4138352563833
 20
316.7366241439198
 30
0.0
 11
166.7988535910323
 21
316.7366241439198
 31
0.0
  0
LINE
  5
382
330
1F
100
AcDbEntity
  8
VISIBLE
100
AcDbLine
 10
168.4138352563833
 20
315.187488274431
 30
0.0
 11
168.4138352563833
 21
316.7366241439198
 31
0.0
  0
LINE
  5
383
330
1F
100
AcDbEntity
  8
VISIBLE
100
AcDbLine
 10
169.9499421159909
 20
315.187488274431
 30
0.0
 11
168.4138352563833
 21
315.187488274431
 31
0.0
  0
LINE
  5
384
330
1F
100
AcDbEntity
  8
VISIBLE
100
AcDbLine
 10
169.9499421159909
 20
318.5098257579451
 30
0.0
 11
169.9499421159909
 21
315.187488274431
 31
0.0
  0
LINE
  5
385
330
1F
100
AcDbEntity
  8
VISIBLE
100
AcDbLine
 10
166.7988535910323
 20
318.5098257579451
 30
0.0
 11
169.9499421159909
 21
318.5098257579451
 31
0.0
  0
LINE
  5
386
330
1F
100
AcDbEntity
  8
VISIBLE
100
AcDbLine
 10
166.7988535910323
 20
318.5098257579451
 30
0.0
 11
166.7988535910323
 21
316.7366241439198
 31
0.0
  0
LINE
  5
387
330
1F
100
AcDbEntity
  8
VISIBLE
100
AcDbLine
 10
159.9489667415097
 20
309.9245617801731
 30
0.0
 11
159.9489667415097
 21
308.0263244963991
 31
0.0
  0
SPLINE
  5
388
330
1F
100
AcDbEntity
  8
VISIBLE
100
AcDbSpline
210
0.0
220
0.0
230
1.0
 70
     8
 71
     2
 72
     6
 73
     3
 74
     0
 42
0.000000001
 43
0.000000034876476
 40
0.0
 40
0.0
 40
0.0
 40
0.8400642999053306
 40
0.8400642999053306
 40
0.8400642999053306
 10
162.6868281602375
 20
311.4136799391055
 30
0.0
 10
162.1874884233243
 20
308.4933840619892
 30
0.0
 10
159.9489667479803
 20
308.0263244963991
 30
0.0
  0
LINE
  5
389
330
1F
100
AcDbEntity
  8
VISIBLE
100
AcDbLine
 10
162.7903484051241
 20
311.4136799391055
 30
0.0
 11
162.6868281602375
 21
311.4136799391055
 31
0.0
  0
SPLINE
  5
38A
330
1F
100
AcDbEntity
  8
VISIBLE
100
AcDbSpline
210
0.0
220
0.0
230
1.0
 70
     8
 71
     2
 72
     6
 73
     3
 74
     0
 42
0.000000001
 43
0.0000000349320854
 40
0.0
 40
0.0
 40
0.0
 40
1.0
 40
1.0
 40
1.0
 10
163.932410461615
 20
309.2046914877349
 30
0.0
 10
163.0508186987097
 20
309.9610571479548
 30
0.0
 10
162.7903484051241
 20
311.4136799391055
 30
0.0
  0
SPLINE
  5
38B
330
1F
100
AcDbEntity
  8
VISIBLE
100
AcDbSpline
210
0.0
220
0.0
230
1.0
 70
     8
 71
     2
 72
     6
 73
     3
 74
     0
 42
0.000000001
 43
0.0000000347970629
 40
0.3422025676839777
 40
0.3422025676839777
 40
0.3422025676839777
 40
1.0
 40
1.0
 40
1.0
 10
165.2988535883383
 20
308.5368982108577
 30
0.0
 10
164.512319259605
 20
308.7071560985503
 30
0.0
 10
163.932410461615
 20
309.2046914877349
 30
0.0
  0
LINE
  5
38C
330
1F
100
AcDbEntity
  8
VISIBLE
100
AcDbLine
 10
165.2988535921918
 20
310.344911019339
 30
0.0
 11
165.2988535910323
 21
308.5368982108577
 31
0.0
  0
SPLINE
  5
38D
330
1F
100
AcDbEntity
  8
VISIBLE
100
AcDbSpline
210
0.0
220
0.0
230
1.0
 70
     8
 71
     2
 72
     6
 73
     3
 74
     0
 42
0.000000001
 43
0.0000000349664588
 40
0.0
 40
0.0
 40
0.0
 40
0.7304356448417768
 40
0.7304356448417768
 40
0.7304356448417768
 10
164.0075461232262
 20
311.1097979299223
 30
0.0
 10
164.4380630832304
 20
310.5073181048739
 30
0.0
 10
165.2988535921918
 20
310.344911019339
 30
0.0
  0
SPLINE
  5
38E
330
1F
100
AcDbEntity
  8
VISIBLE
100
AcDbSpline
210
0.0
220
0.0
230
1.0
 70
     8
 71
     2
 72
     6
 73
     3
 74
     0
 42
0.000000001
 43
0.000000035138289
 40
0.0341543213962129
 40
0.0341543213962129
 40
0.0341543213962129
 40
1.0
 40
1.0
 40
1.0
 10
163.4188361425459
 20
313.6874882720119
 30
0.0
 10
163.4382790723614
 20
311.906449270226
 30
0.0
 10
164.0075461232262
 20
311.1097979299223
 30
0.0
  0
LINE
  5
38F
330
1F
100
AcDbEntity
  8
VISIBLE
100
AcDbLine
 10
163.4188361425459
 20
313.6874882744309
 30
0.0
 11
161.9154306895753
 21
313.6874882744309
 31
0.0
  0
SPLINE
  5
390
330
1F
100
AcDbEntity
  8
VISIBLE
100
AcDbSpline
210
0.0
220
0.0
230
1.0
 70
     8
 71
     2
 72
     6
 73
     3
 74
     0
 42
0.000000001
 43
0.0000000350455929
 40
0.0
 40
0.0
 40
0.0
 40
0.9973533964635937
 40
0.9973533964635937
 40
0.9973533964635937
 10
161.2475628200399
 20
310.7925584697859
 30
0.0
 10
161.9136677738489
 20
311.7450885537328
 30
0.0
 10
161.9154306895753
 20
313.6874882744228
 30
0.0
  0
SPLINE
  5
391
330
1F
100
AcDbEntity
  8
VISIBLE
100
AcDbSpline
210
0.0
220
0.0
230
1.0
 70
     8
 71
     2
 72
     6
 73
     3
 74
     0
 42
0.000000001
 43
0.0000000347571131
 40
0.3019236576833776
 40
0.3019236576833776
 40
0.3019236576833776
 40
1.0
 40
1.0
 40
1.0
 10
159.9489667414771
 20
309.9245617801731
 30
0.0
 10
160.7813367948389
 20
310.1258552537484
 30
0.0
 10
161.2475628200399
 20
310.7925584697859
 30
0.0
  0
LINE
  5
392
330
1F
100
AcDbEntity
  8
VISIBLE
100
AcDbLine
 10
156.205125085241
 20
316.7366241439198
 30
0.0
 11
156.205125085241
 21
315.187488274431
 31
0.0
  0
LINE
  5
393
330
1F
100
AcDbEntity
  8
VISIBLE
100
AcDbLine
 10
158.4489667415097
 20
316.7366241439198
 30
0.0
 11
156.205125085241
 21
316.7366241439198
 31
0.0
  0
LINE
  5
394
330
1F
100
AcDbEntity
  8
VISIBLE
100
AcDbLine
 10
158.4489667415097
 20
318.4923087821957
 30
0.0
 11
158.4489667415097
 21
316.7366241439198
 31
0.0
  0
LINE
  5
395
330
1F
100
AcDbEntity
  8
VISIBLE
100
AcDbLine
 10
159.9489667415097
 20
318.4923087821957
 30
0.0
 11
158.4489667415097
 21
318.4923087821957
 31
0.0
  0
LINE
  5
396
330
1F
100
AcDbEntity
  8
VISIBLE
100
AcDbLine
 10
159.9489667415097
 20
318.4923087821957
 30
0.0
 11
159.9489667415097
 21
316.7366241439198
 31
0.0
  0
LINE
  5
397
330
1F
100
AcDbEntity
  8
VISIBLE
100
AcDbLine
 10
161.9154353676954
 20
316.7366241439198
 30
0.0
 11
159.9489667415097
 21
316.7366241439198
 31
0.0
  0
LINE
  5
398
330
1F
100
AcDbEntity
  8
VISIBLE
100
AcDbLine
 10
161.9154353676954
 20
315.187488274431
 30
0.0
 11
161.9154353676954
 21
316.7366241439198
 31
0.0
  0
LINE
  5
399
330
1F
100
AcDbEntity
  8
VISIBLE
100
AcDbLine
 10
163.4181485999202
 20
315.187488274431
 30
0.0
 11
161.9154353676954
 21
315.187488274431
 31
0.0
  0
LINE
  5
39A
330
1F
100
AcDbEntity
  8
VISIBLE
100
AcDbLine
 10
163.4181485999202
 20
316.7366241439198
 30
0.0
 11
163.4181485999202
 21
315.187488274431
 31
0.0
  0
LINE
  5
39B
330
1F
100
AcDbEntity
  8
VISIBLE
100
AcDbLine
 10
165.2988535910323
 20
316.7366241439198
 30
0.0
 11
163.4181485999202
 21
316.7366241439198
 31
0.0
  0
LINE
  5
39C
330
1F
100
AcDbEntity
  8
VISIBLE
100
AcDbLine
 10
165.2988535910323
 20
318.5098257579451
 30
0.0
 11
165.2988535910323
 21
316.7366241439198
 31
0.0
  0
LINE
  5
39D
330
1F
100
AcDbEntity
  8
VISIBLE
100
AcDbLine
 10
154.6923937648013
 20
318.5098257579451
 30
0.0
 11
165.2988535910323
 21
318.5098257579451
 31
0.0
  0
LINE
  5
39E
330
1F
100
AcDbEntity
  8
VISIBLE
100
AcDbLine
 10
154.6923937648013
 20
315.187488274431
 30
0.0
 11
154.6923937648013
 21
318.5098257579451
 31
0.0
  0
LINE
  5
39F
330
1F
100
AcDbEntity
  8
VISIBLE
100
AcDbLine
 10
156.205125085241
 20
315.187488274431
 30
0.0
 11
154.6923937648013
 21
315.187488274431
 31
0.0
  0
SPLINE
  5
3A0
330
1F
100
AcDbEntity
  8
VISIBLE
100
AcDbSpline
210
0.0
220
0.0
230
1.0
 70
     8
 71
     2
 72
     6
 73
     3
 74
     0
 42
0.000000001
 43
0.0000000345021206
 40
0.1478088528385026
 40
0.1478088528385026
 40
0.1478088528385026
 40
1.0
 40
1.0
 40
1.0
 10
158.4489667413276
 20
307.967607354234
 30
0.0
 10
156.8200812715448
 20
308.1417485020391
 30
0.0
 10
155.8411345467687
 20
309.3198995022055
 30
0.0
  0
LINE
  5
3A1
330
1F
100
AcDbEntity
  8
VISIBLE
100
AcDbLine
 10
158.4489667411715
 20
309.8956883556525
 30
0.0
 11
158.4489667415097
 21
307.967607354234
 31
0.0
  0
SPLINE
  5
3A2
330
1F
100
AcDbEntity
  8
VISIBLE
100
AcDbSpline
210
0.0
220
0.0
230
1.0
 70
     8
 71
     2
 72
     6
 73
     3
 74
     0
 42
0.000000001
 43
0.0000000346322618
 40
0.0
 40
0.0
 40
0.0
 40
0.7503149002554844
 40
0.7503149002554844
 40
0.7503149002554844
 10
156.9197487112323
 20
310.770852611987
 30
0.0
 10
157.4559414658883
 20
310.0705447852285
 30
0.0
 10
158.4489667411715
 20
309.8956883556525
 30
0.0
  0
SPLINE
  5
3A3
330
1F
100
AcDbEntity
  8
VISIBLE
100
AcDbSpline
210
0.0
220
0.0
230
1.0
 70
     8
 71
     2
 72
     6
 73
     3
 74
     0
 42
0.000000001
 43
0.0000000348160288
 40
0.0
 40
0.0
 40
0.0
 40
1.0
 40
1.0
 40
1.0
 10
156.205125085241
 20
313.5508720916031
 30
0.0
 10
156.205125085241
 20
311.7042044973356
 30
0.0
 10
156.9197487112323
 20
310.770852611987
 30
0.0
  0
LINE
  5
3A4
330
1F
100
AcDbEntity
  8
VISIBLE
100
AcDbLine
 10
156.205125085241
 20
313.6874882744309
 30
0.0
 11
156.205125085241
 21
313.5508720916031
 31
0.0
  0
LINE
  5
3A5
330
1F
100
AcDbEntity
  8
VISIBLE
100
AcDbLine
 10
156.205125085241
 20
313.6874882744309
 30
0.0
 11
154.6923937648013
 21
313.6874882744309
 31
0.0
  0
LINE
  5
3A6
330
1F
100
AcDbEntity
  8
VISIBLE
100
AcDbLine
 10
154.6923937648013
 20
313.1868815531308
 30
0.0
 11
154.6923937648013
 21
313.6874882744309
 31
0.0
  0
SPLINE
  5
3A7
330
1F
100
AcDbEntity
  8
VISIBLE
100
AcDbSpline
210
0.0
220
0.0
230
1.0
 70
     8
 71
     2
 72
     6
 73
     3
 74
     0
 42
0.000000001
 43
0.0000000347370471
 40
0.0
 40
0.0
 40
0.0
 40
1.0
 40
1.0
 40
1.0
 10
155.8411345467687
 20
309.3198995022055
 30
0.0
 10
154.6923937648013
 20
310.7023956758524
 30
0.0
 10
154.6923937648013
 20
313.1868815531308
 30
0.0
  0
SPLINE
  5
3A8
330
1F
100
AcDbEntity
  8
VISIBLE
100
AcDbSpline
210
0.0
220
0.0
230
1.0
 70
     8
 71
     2
 72
     6
 73
     3
 74
     0
 42
0.000000001
 43
0.0000000350215678
 40
0.0
 40
0.0
 40
0.0
 40
0.8328995867633973
 40
0.8328995867633973
 40
0.8328995867633973
 10
169.0416354511795
 20
309.8057767806249
 30
0.0
 10
168.2851072054035
 20
308.6751564427282
 30
0.0
 10
166.7988535922243
 20
308.4862293170519
 30
0.0
  0
SPLINE
  5
3A9
330
1F
100
AcDbEntity
  8
VISIBLE
100
AcDbSpline
210
0.0
220
0.0
230
1.0
 70
     8
 71
     2
 72
     6
 73
     3
 74
     0
 42
0.000000001
 43
0.0000000354066899
 40
0.0862643079899126
 40
0.0862643079899126
 40
0.0862643079899126
 40
1.0
 40
1.0
 40
1.0
 10
169.9431829239389
 20
313.6874882841215
 30
0.0
 10
169.8715876701084
 20
311.0461281666344
 30
0.0
 10
169.0416354511795
 20
309.8057767806249
 30
0.0
  0
LINE
  5
3AA
330
1F
100
AcDbEntity
  8
VISIBLE
100
AcDbLine
 10
169.9431829239389
 20
313.6874882841215
 30
0.0
 11
168.4066274445945
 21
313.6874882840191
 31
0.0
  0
SPLINE
  5
3AB
330
1F
100
AcDbEntity
  8
VISIBLE
100
AcDbSpline
210
0.0
220
0.0
230
1.0
 70
     8
 71
     2
 72
     6
 73
     3
 74
     0
 42
0.000000001
 43
0.0000000353364482
 40
0.0
 40
0.0
 40
0.0
 40
0.8873203576697064
 40
0.8873203576697064
 40
0.8873203576697064
 10
167.8461435908762
 20
311.203300086594
 30
0.0
 10
168.3498679625601
 20
312.0181483349062
 30
0.0
 10
168.4066274445945
 20
313.6874882840191
 30
0.0
  0
SPLINE
  5
3AC
330
1F
100
AcDbEntity
  8
VISIBLE
100
AcDbSpline
210
0.0
220
0.0
230
1.0
 70
     8
 71
     2
 72
     6
 73
     3
 74
     0
 42
0.000000001
 43
0.0000000350904588
 40
0.3471260046267435
 40
0.3471260046267435
 40
0.3471260046267435
 40
1.0
 40
1.0
 40
1.0
 10
166.7988535972721
 20
310.3956302182737
 30
0.0
 10
167.4755124650764
 20
310.6037497360356
 30
0.0
 10
167.8461435908762
 20
311.203300086594
 30
0.0
  0
LINE
  5
3AD
330
1F
100
AcDbEntity
  8
VISIBLE
100
AcDbLine
 10
166.7988535910323
 20
310.3956302182737
 30
0.0
 11
166.7988535910323
 21
308.4862293170519
 31
0.0
  0
SPLINE
  5
3AE
330
1F
100
AcDbEntity
  8
VISIBLE
100
AcDbSpline
210
0.0
220
0.0
230
1.0
 70
     8
 71
     2
 72
     6
 73
     3
 74
     0
 42
0.000000001
 43
0.0000000343958907
 40
0.0
 40
0.0
 40
0.0
 40
0.8464699594273877
 40
0.8464699594273877
 40
0.8464699594273877
 10
164.7789389157683
 20
304.1605840715669
 30
0.0
 10
166.1004072537084
 20
302.9762092403436
 30
0.0
 10
166.3032923412478
 20
301.0142096895904
 30
0.0
  0
SPLINE
  5
3AF
330
1F
100
AcDbEntity
  8
VISIBLE
100
AcDbSpline
210
0.0
220
0.0
230
1.0
 70
     8
 71
     2
 72
     6
 73
     3
 74
     0
 42
0.000000001
 43
0.000000034447077
 40
0.1484695980149238
 40
0.1484695980149238
 40
0.1484695980149238
 40
1.0
 40
1.0
 40
1.0
 10
161.2255001069855
 20
305.5289343379155
 30
0.0
 10
163.4495704574029
 20
305.3520394385297
 30
0.0
 10
164.7789389157683
 20
304.1605840715669
 30
0.0
  0
LINE
  5
3B0
330
1F
100
AcDbEntity
  8
VISIBLE
100
AcDbLine
 10
161.2255001069855
 20
305.5289343379155
 30
0.0
 11
161.2255001083553
 21
303.7317365856056
 31
0.0
  0
SPLINE
  5
3B1
330
1F
100
AcDbEntity
  8
VISIBLE
100
AcDbSpline
210
0.0
220
0.0
230
1.0
 70
     8
 71
     2
 72
     6
 73
     3
 74
     0
 42
0.000000001
 43
0.0000000342407115
 40
0.0
 40
0.0
 40
0.0
 40
0.8094531407022102
 40
0.8094531407022102
 40
0.8094531407022102
 10
163.7504151923789
 20
302.8966352751289
 30
0.0
 10
162.8462424062988
 20
303.5980787369757
 30
0.0
 10
161.2255001083553
 20
303.7317365856056
 30
0.0
  0
SPLINE
  5
3B2
330
1F
100
AcDbEntity
  8
VISIBLE
100
AcDbSpline
210
0.0
220
0.0
230
1.0
 70
     8
 71
     2
 72
     6
 73
     3
 74
     0
 42
0.000000001
 43
0.0000000342155768
 40
0.2122077487641058
 40
0.2122077487641058
 40
0.2122077487641058
 40
1.0
 40
1.0
 40
1.0
 10
164.8171303824879
 20
301.0142096916497
 30
0.0
 10
164.6303924002433
 20
302.2139623739606
 30
0.0
 10
163.7504151923789
 20
302.8966352751289
 30
0.0
  0
LINE
  5
3B3
330
1F
100
AcDbEntity
  8
VISIBLE
100
AcDbLine
 10
166.3032923412478
 20
301.0142096893546
 30
0.0
 11
164.8171303824879
 21
301.0142096893546
 31
0.0
  0
SPLINE
  5
3B4
330
1F
100
AcDbEntity
  8
VISIBLE
100
AcDbSpline
210
0.0
220
0.0
230
1.0
 70
     8
 71
     2
 72
     6
 73
     3
 74
     0
 42
0.000000001
 43
0.0000000335189422
 40
0.0
 40
0.0
 40
0.0
 40
0.8250930141169708
 40
0.8250930141169708
 40
0.8250930141169708
 10
156.0531840806493
 20
296.4583439157299
 30
0.0
 10
154.7568225507469
 20
297.6196964871515
 30
0.0
 10
154.530079862937
 20
299.5142096889129
 30
0.0
  0
SPLINE
  5
3B5
330
1F
100
AcDbEntity
  8
VISIBLE
100
AcDbSpline
210
0.0
220
0.0
230
1.0
 70
     8
 71
     2
 72
     6
 73
     3
 74
     0
 42
0.000000001
 43
0.0000000334118916
 40
0.1281817364935899
 40
0.1281817364935899
 40
0.1281817364935899
 40
1.0
 40
1.0
 40
1.0
 10
159.7255001164158
 20
295.0739292114561
 30
0.0
 10
157.4229589285016
 20
295.2312236216392
 30
0.0
 10
156.0531840806493
 20
296.4583439157299
 30
0.0
  0
LINE
  5
3B6
330
1F
100
AcDbEntity
  8
VISIBLE
100
AcDbLine
 10
159.7255001061749
 20
296.8679583829961
 30
0.0
 11
159.7255001164158
 21
295.0739292114561
 31
0.0
  0
SPLINE
  5
3B7
330
1F
100
AcDbEntity
  8
VISIBLE
100
AcDbSpline
210
0.0
220
0.0
230
1.0
 70
     8
 71
     2
 72
     6
 73
     3
 74
     0
 42
0.000000001
 43
0.000000033524387
 40
0.0
 40
0.0
 40
0.0
 40
0.8352864553052216
 40
0.8352864553052216
 40
0.8352864553052216
 10
157.0766987599314
 20
297.7256320749063
 30
0.0
 10
158.0306477268363
 20
296.9892504162428
 30
0.0
 10
159.7255001061749
 20
296.8679583829961
 30
0.0
  0
SPLINE
  5
3B8
330
1F
100
AcDbEntity
  8
VISIBLE
100
AcDbSpline
210
0.0
220
0.0
230
1.0
 70
     8
 71
     2
 72
     6
 73
     3
 74
     0
 42
0.000000001
 43
0.0000000335644355
 40
0.2486298683693485
 40
0.2486298683693485
 40
0.2486298683693485
 40
1.0
 40
1.0
 40
1.0
 10
156.0052353382455
 20
299.5142096840744
 30
0.0
 10
156.2185874422155
 20
298.3880337938449
 30
0.0
 10
157.0766987599314
 20
297.7256320749063
 30
0.0
  0
LINE
  5
3B9
330
1F
100
AcDbEntity
  8
VISIBLE
100
AcDbLine
 10
156.0052353382455
 20
299.5142096893546
 30
0.0
 11
154.530079862937
 21
299.5142096893546
 31
0.0
  0
LINE
  5
3BA
330
1F
100
AcDbEntity
  8
VISIBLE
100
AcDbLine
 10
161.2255001067593
 20
296.8768877207982
 30
0.0
 11
161.2255001067593
 21
295.0835914856829
 31
0.0
  0
SPLINE
  5
3BB
330
1F
100
AcDbEntity
  8
VISIBLE
100
AcDbSpline
210
0.0
220
0.0
230
1.0
 70
     8
 71
     2
 72
     6
 73
     3
 74
     0
 42
0.000000001
 43
0.000000033644039
 40
0.0
 40
0.0
 40
0.0
 40
0.8477331572978503
 40
0.8477331572978503
 40
0.8477331572978503
 10
164.7422059256473
 20
296.4650226412065
 30
0.0
 10
163.3876257700318
 20
295.2661413540525
 30
0.0
 10
161.2255001069288
 20
295.0835914856829
 30
0.0
  0
SPLINE
  5
3BC
330
1F
100
AcDbEntity
  8
VISIBLE
100
AcDbSpline
210
0.0
220
0.0
230
1.0
 70
     8
 71
     2
 72
     6
 73
     3
 74
     0
 42
0.000000001
 43
0.0000000339854038
 40
0.1646066197946179
 40
0.1646066197946179
 40
0.1646066197946179
 40
1.0
 40
1.0
 40
1.0
 10
166.2967957578034
 20
299.5142096891306
 30
0.0
 10
166.0770685356763
 20
297.6464527673242
 30
0.0
 10
164.7422059256473
 20
296.4650226412065
 30
0.0
  0
LINE
  5
3BD
330
1F
100
AcDbEntity
  8
VISIBLE
100
AcDbLine
 10
166.2967957578034
 20
299.5142096893546
 30
0.0
 11
164.7953316227213
 21
299.5142096893546
 31
0.0
  0
SPLINE
  5
3BE
330
1F
100
AcDbEntity
  8
VISIBLE
100
AcDbSpline
210
0.0
220
0.0
230
1.0
 70
     8
 71
     2
 72
     6
 73
     3
 74
     0
 42
0.000000001
 43
0.000000033915498
 40
0.0
 40
0.0
 40
0.0
 40
0.7476303029224518
 40
0.7476303029224518
 40
0.7476303029224518
 10
163.7353880600566
 20
297.7256320749063
 30
0.0
 10
164.5817384349804
 20
298.3847367916611
 30
0.0
 10
164.7953316227213
 20
299.5142096829588
 30
0.0
  0
SPLINE
  5
3BF
330
1F
100
AcDbEntity
  8
VISIBLE
100
AcDbSpline
210
0.0
220
0.0
230
1.0
 70
     8
 71
     2
 72
     6
 73
     3
 74
     0
 42
0.000000001
 43
0.0000000337083847
 40
0.1930264377080301
 40
0.1930264377080301
 40
0.1930264377080301
 40
1.0
 40
1.0
 40
1.0
 10
161.2255001081587
 20
296.8768877207982
 30
0.0
 10
162.8218585063057
 20
297.0142108295074
 30
0.0
 10
163.7353880600566
 20
297.7256320749063
 30
0.0
  0
CIRCLE
  5
3C0
330
1F
100
AcDbEntity
  8
VISIBLE
100
AcDbCircle
 10
137.6923937648013
 20
344.6933515684362
 30
0.0
 40
1.65
  0
CIRCLE
  5
3C1
330
1F
100
AcDbEntity
  8
VISIBLE
100
AcDbCircle
 10
137.6923937648013
 20
283.0933515684362
 30
0.0
 40
1.649999999999999
  0
LINE
  5
3C2
330
1F
100
AcDbEntity
  8
VISIBLE
100
AcDbLine
 10
228.6923937648013
 20
287.6933515684363
 30
0.0
 11
228.6923937648013
 21
303.0433515684363
 31
0.0
  0
LINE
  5
3C3
330
1F
100
AcDbEntity
  8
VISIBLE
100
AcDbLine
 10
234.6923937648013
 20
287.6933515684363
 30
0.0
 11
228.6923937648013
 21
287.6933515684363
 31
0.0
  0
LINE
  5
3C4
330
1F
100
AcDbEntity
  8
VISIBLE
100
AcDbLine
 10
234.6923937648013
 20
287.6933515684363
 30
0.0
 11
234.6923937648013
 21
267.6933515684362
 31
0.0
  0
LINE
  5
3C5
330
1F
100
AcDbEntity
  8
VISIBLE
100
AcDbLine
 10
214.6923937648013
 20
267.6933515684362
 30
0.0
 11
234.6923937648013
 21
267.6933515684362
 31
0.0
  0
LINE
  5
3C6
330
1F
100
AcDbEntity
  8
VISIBLE
100
AcDbLine
 10
214.6923937648013
 20
261.6933515684362
 30
0.0
 11
214.6923937648013
 21
267.6933515684362
 31
0.0
  0
LINE
  5
3C7
330
1F
100
AcDbEntity
  8
VISIBLE
100
AcDbLine
 10
214.6923937648013
 20
261.6933515684362
 30
0.0
 11
194.6923937648013
 21
261.6933515684362
 31
0.0
  0
LINE
  5
3C8
330
1F
100
AcDbEntity
  8
VISIBLE
100
AcDbLine
 10
194.6923937648013
 20
261.6933515684362
 30
0.0
 11
194.6923937648013
 21
267.6933515684362
 31
0.0
  0
LINE
  5
3C9
330
1F
100
AcDbEntity
  8
VISIBLE
100
AcDbLine
 10
186.3423937648013
 20
267.6933515684362
 30
0.0
 11
194.6923937648013
 21
267.6933515684362
 31
0.0
  0
LINE
  5
3CA
330
1F
100
AcDbEntity
  8
VISIBLE
100
AcDbLine
 10
186.3423937648013
 20
274.0433515684362
 30
0.0
 11
186.3423937648013
 21
267.6933515684362
 31
0.0
  0
LINE
  5
3CB
330
1F
100
AcDbEntity
  8
VISIBLE
100
AcDbLine
 10
187.5923937648013
 20
274.0433515684362
 30
0.0
 11
186.3423937648013
 21
274.0433515684362
 31
0.0
  0
LINE
  5
3CC
330
1F
100
AcDbEntity
  8
VISIBLE
100
AcDbLine
 10
187.5923937648013
 20
276.7433515684363
 30
0.0
 11
187.5923937648013
 21
274.0433515684362
 31
0.0
  0
LINE
  5
3CD
330
1F
100
AcDbEntity
  8
VISIBLE
100
AcDbLine
 10
187.5923937648013
 20
276.7433515684363
 30
0.0
 11
186.3423937648013
 21
276.7433515684363
 31
0.0
  0
LINE
  5
3CE
330
1F
100
AcDbEntity
  8
VISIBLE
100
AcDbLine
 10
186.3423937648013
 20
277.8683515684363
 30
0.0
 11
186.3423937648013
 21
276.7433515684363
 31
0.0
  0
LINE
  5
3CF
330
1F
100
AcDbEntity
  8
VISIBLE
100
AcDbLine
 10
186.3423937648013
 20
277.8683515684363
 30
0.0
 11
183.0423937648013
 21
277.8683515684363
 31
0.0
  0
LINE
  5
3D0
330
1F
100
AcDbEntity
  8
VISIBLE
100
AcDbLine
 10
183.0423937648013
 20
277.8683515684363
 30
0.0
 11
183.0423937648013
 21
276.7433515684363
 31
0.0
  0
LINE
  5
3D1
330
1F
100
AcDbEntity
  8
VISIBLE
100
AcDbLine
 10
183.0423937648013
 20
276.7433515684363
 30
0.0
 11
181.7923937648013
 21
276.7433515684363
 31
0.0
  0
LINE
  5
3D2
330
1F
100
AcDbEntity
  8
VISIBLE
100
AcDbLine
 10
181.7923937648013
 20
276.7433515684363
 30
0.0
 11
181.7923937648013
 21
274.0433515684362
 31
0.0
  0
LINE
  5
3D3
330
1F
100
AcDbEntity
  8
VISIBLE
100
AcDbLine
 10
183.0423937648013
 20
274.0433515684362
 30
0.0
 11
181.7923937648013
 21
274.0433515684362
 31
0.0
  0
LINE
  5
3D4
330
1F
100
AcDbEntity
  8
VISIBLE
100
AcDbLine
 10
183.0423937648013
 20
274.0433515684362
 30
0.0
 11
183.0423937648013
 21
267.6933515684362
 31
0.0
  0
LINE
  5
3D5
330
1F
100
AcDbEntity
  8
VISIBLE
100
AcDbLine
 10
174.6923937648013
 20
267.6933515684362
 30
0.0
 11
183.0423937648013
 21
267.6933515684362
 31
0.0
  0
LINE
  5
3D6
330
1F
100
AcDbEntity
  8
VISIBLE
100
AcDbLine
 10
174.6923937648013
 20
261.6933515684362
 30
0.0
 11
174.6923937648013
 21
267.6933515684362
 31
0.0
  0
LINE
  5
3D7
330
1F
100
AcDbEntity
  8
VISIBLE
100
AcDbLine
 10
174.6923937648013
 20
261.6933515684362
 30
0.0
 11
154.6923937648013
 21
261.6933515684362
 31
0.0
  0
LINE
  5
3D8
330
1F
100
AcDbEntity
  8
VISIBLE
100
AcDbLine
 10
154.6923937648013
 20
261.6933515684362
 30
0.0
 11
154.6923937648013
 21
267.6933515684362
 31
0.0
  0
LINE
  5
3D9
330
1F
100
AcDbEntity
  8
VISIBLE
100
AcDbLine
 10
134.6923937648013
 20
267.6933515684362
 30
0.0
 11
154.6923937648013
 21
267.6933515684362
 31
0.0
  0
LINE
  5
3DA
330
1F
100
AcDbEntity
  8
VISIBLE
100
AcDbLine
 10
134.6923937648013
 20
298.4933515684363
 30
0.0
 11
134.6923937648013
 21
267.6933515684362
 31
0.0
  0
LINE
  5
3DB
330
1F
100
AcDbEntity
  8
VISIBLE
100
AcDbLine
 10
134.6923937648013
 20
298.4933515684363
 30
0.0
 11
140.6923937648013
 21
298.4933515684363
 31
0.0
  0
LINE
  5
3DC
330
1F
100
AcDbEntity
  8
VISIBLE
100
AcDbLine
 10
140.6923937648013
 20
329.2933515684363
 30
0.0
 11
140.6923937648013
 21
298.4933515684363
 31
0.0
  0
LINE
  5
3DD
330
1F
100
AcDbEntity
  8
VISIBLE
100
AcDbLine
 10
134.6923937648013
 20
329.2933515684363
 30
0.0
 11
140.6923937648013
 21
329.2933515684363
 31
0.0
  0
LINE
  5
3DE
330
1F
100
AcDbEntity
  8
VISIBLE
100
AcDbLine
 10
134.6923937648013
 20
360.0933515684363
 30
0.0
 11
134.6923937648013
 21
329.2933515684363
 31
0.0
  0
LINE
  5
3DF
330
1F
100
AcDbEntity
  8
VISIBLE
100
AcDbLine
 10
134.6923937648013
 20
360.0933515684363
 30
0.0
 11
140.6923937648013
 21
360.0933515684363
 31
0.0
  0
LINE
  5
3E0
330
1F
100
AcDbEntity
  8
VISIBLE
100
AcDbLine
 10
140.6923937648013
 20
390.8933515684362
 30
0.0
 11
140.6923937648013
 21
360.0933515684363
 31
0.0
  0
LINE
  5
3E1
330
1F
100
AcDbEntity
  8
VISIBLE
100
AcDbLine
 10
134.6923937648013
 20
390.8933515684362
 30
0.0
 11
140.6923937648013
 21
390.8933515684362
 31
0.0
  0
LINE
  5
3E2
330
1F
100
AcDbEntity
  8
VISIBLE
100
AcDbLine
 10
134.6923937648013
 20
421.6933515684363
 30
0.0
 11
134.6923937648013
 21
390.8933515684362
 31
0.0
  0
LINE
  5
3E3
330
1F
100
AcDbEntity
  8
VISIBLE
100
AcDbLine
 10
151.359060431468
 20
421.6933515684363
 30
0.0
 11
134.6923937648013
 21
421.6933515684363
 31
0.0
  0
LINE
  5
3E4
330
1F
100
AcDbEntity
  8
VISIBLE
100
AcDbLine
 10
151.359060431468
 20
421.6933515684363
 30
0.0
 11
151.359060431468
 21
415.6933515684363
 31
0.0
  0
LINE
  5
3E5
330
1F
100
AcDbEntity
  8
VISIBLE
100
AcDbLine
 10
158.0423937648013
 20
415.6933515684363
 30
0.0
 11
151.359060431468
 21
415.6933515684363
 31
0.0
  0
LINE
  5
3E6
330
1F
100
AcDbEntity
  8
VISIBLE
100
AcDbLine
 10
158.0423937648013
 20
409.3433515684363
 30
0.0
 11
158.0423937648013
 21
415.6933515684363
 31
0.0
  0
LINE
  5
3E7
330
1F
100
AcDbEntity
  8
VISIBLE
100
AcDbLine
 10
156.7923937648013
 20
409.3433515684363
 30
0.0
 11
158.0423937648013
 21
409.3433515684363
 31
0.0
  0
LINE
  5
3E8
330
1F
100
AcDbEntity
  8
VISIBLE
100
AcDbLine
 10
156.7923937648013
 20
406.6433515684363
 30
0.0
 11
156.7923937648013
 21
409.3433515684363
 31
0.0
  0
LINE
  5
3E9
330
1F
100
AcDbEntity
  8
VISIBLE
100
AcDbLine
 10
156.7923937648013
 20
406.6433515684363
 30
0.0
 11
158.0423937648013
 21
406.6433515684363
 31
0.0
  0
LINE
  5
3EA
330
1F
100
AcDbEntity
  8
VISIBLE
100
AcDbLine
 10
158.0423937648013
 20
405.5183515684362
 30
0.0
 11
158.0423937648013
 21
406.6433515684363
 31
0.0
  0
LINE
  5
3EB
330
1F
100
AcDbEntity
  8
VISIBLE
100
AcDbLine
 10
158.0423937648013
 20
405.5183515684362
 30
0.0
 11
161.3423937648013
 21
405.5183515684362
 31
0.0
  0
LINE
  5
3EC
330
1F
100
AcDbEntity
  8
VISIBLE
100
AcDbLine
 10
161.3423937648013
 20
405.5183515684362
 30
0.0
 11
161.3423937648013
 21
406.6433515684363
 31
0.0
  0
LINE
  5
3ED
330
1F
100
AcDbEntity
  8
VISIBLE
100
AcDbLine
 10
161.3423937648013
 20
406.6433515684363
 30
0.0
 11
162.5923937648013
 21
406.6433515684363
 31
0.0
  0
LINE
  5
3EE
330
1F
100
AcDbEntity
  8
VISIBLE
100
AcDbLine
 10
162.5923937648013
 20
406.6433515684363
 30
0.0
 11
162.5923937648013
 21
409.3433515684363
 31
0.0
  0
LINE
  5
3EF
330
1F
100
AcDbEntity
  8
VISIBLE
100
AcDbLine
 10
161.3423937648013
 20
409.3433515684363
 30
0.0
 11
162.5923937648013
 21
409.3433515684363
 31
0.0
  0
LINE
  5
3F0
330
1F
100
AcDbEntity
  8
VISIBLE
100
AcDbLine
 10
161.3423937648013
 20
409.3433515684363
 30
0.0
 11
161.3423937648013
 21
415.6933515684363
 31
0.0
  0
LINE
  5
3F1
330
1F
100
AcDbEntity
  8
VISIBLE
100
AcDbLine
 10
168.0257270981346
 20
415.6933515684363
 30
0.0
 11
161.3423937648013
 21
415.6933515684363
 31
0.0
  0
LINE
  5
3F2
330
1F
100
AcDbEntity
  8
VISIBLE
100
AcDbLine
 10
168.0257270981346
 20
421.6933515684363
 30
0.0
 11
168.0257270981346
 21
415.6933515684363
 31
0.0
  0
LINE
  5
3F3
330
1F
100
AcDbEntity
  8
VISIBLE
100
AcDbLine
 10
184.6923937648013
 20
421.6933515684363
 30
0.0
 11
168.0257270981346
 21
421.6933515684363
 31
0.0
  0
LINE
  5
3F4
330
1F
100
AcDbEntity
  8
VISIBLE
100
AcDbLine
 10
184.6923937648013
 20
421.6933515684363
 30
0.0
 11
184.6923937648013
 21
341.6933515684362
 31
0.0
  0
LINE
  5
3F5
330
1F
100
AcDbEntity
  8
VISIBLE
100
AcDbLine
 10
234.6923937648013
 20
341.6933515684362
 30
0.0
 11
184.6923937648013
 21
341.6933515684362
 31
0.0
  0
LINE
  5
3F6
330
1F
100
AcDbEntity
  8
VISIBLE
100
AcDbLine
 10
234.6923937648013
 20
341.6933515684362
 30
0.0
 11
234.6923937648013
 21
321.6933515684363
 31
0.0
  0
LINE
  5
3F7
330
1F
100
AcDbEntity
  8
VISIBLE
100
AcDbLine
 10
234.6923937648013
 20
321.6933515684363
 30
0.0
 11
228.6923937648013
 21
321.6933515684363
 31
0.0
  0
LINE
  5
3F8
330
1F
100
AcDbEntity
  8
VISIBLE
100
AcDbLine
 10
228.6923937648013
 20
306.3433515684362
 30
0.0
 11
228.6923937648013
 21
321.6933515684363
 31
0.0
  0
LINE
  5
3F9
330
1F
100
AcDbEntity
  8
VISIBLE
100
AcDbLine
 10
222.3423937648013
 20
306.3433515684362
 30
0.0
 11
228.6923937648013
 21
306.3433515684362
 31
0.0
  0
LINE
  5
3FA
330
1F
100
AcDbEntity
  8
VISIBLE
100
AcDbLine
 10
222.3423937648013
 20
307.5933515684363
 30
0.0
 11
222.3423937648013
 21
306.3433515684362
 31
0.0
  0
LINE
  5
3FB
330
1F
100
AcDbEntity
  8
VISIBLE
100
AcDbLine
 10
219.6423937648013
 20
307.5933515684363
 30
0.0
 11
222.3423937648013
 21
307.5933515684363
 31
0.0
  0
LINE
  5
3FC
330
1F
100
AcDbEntity
  8
VISIBLE
100
AcDbLine
 10
219.6423937648013
 20
307.5933515684363
 30
0.0
 11
219.6423937648013
 21
306.3433515684362
 31
0.0
  0
LINE
  5
3FD
330
1F
100
AcDbEntity
  8
VISIBLE
100
AcDbLine
 10
218.5173937648013
 20
306.3433515684362
 30
0.0
 11
219.6423937648013
 21
306.3433515684362
 31
0.0
  0
LINE
  5
3FE
330
1F
100
AcDbEntity
  8
VISIBLE
100
AcDbLine
 10
218.5173937648013
 20
306.3433515684362
 30
0.0
 11
218.5173937648013
 21
303.0433515684363
 31
0.0
  0
LINE
  5
3FF
330
1F
100
AcDbEntity
  8
VISIBLE
100
AcDbLine
 10
218.5173937648013
 20
303.0433515684363
 30
0.0
 11
219.6423937648013
 21
303.0433515684363
 31
0.0
  0
LINE
  5
400
330
1F
100
AcDbEntity
  8
VISIBLE
100
AcDbLine
 10
219.6423937648013
 20
303.0433515684363
 30
0.0
 11
219.6423937648013
 21
301.7933515684363
 31
0.0
  0
LINE
  5
401
330
1F
100
AcDbEntity
  8
VISIBLE
100
AcDbLine
 10
219.6423937648013
 20
301.7933515684363
 30
0.0
 11
222.3423937648013
 21
301.7933515684363
 31
0.0
  0
LINE
  5
402
330
1F
100
AcDbEntity
  8
VISIBLE
100
AcDbLine
 10
222.3423937648013
 20
303.0433515684363
 30
0.0
 11
222.3423937648013
 21
301.7933515684363
 31
0.0
  0
LINE
  5
403
330
1F
100
AcDbEntity
  8
VISIBLE
100
AcDbLine
 10
222.3423937648013
 20
303.0433515684363
 30
0.0
 11
228.6923937648013
 21
303.0433515684363
 31
0.0
  0
LINE
  5
404
330
1F
100
AcDbEntity
  8
VISIBLE
100
AcDbLine
 10
175.6923937648013
 20
283.6933515684363
 30
0.0
 11
175.6923937648013
 21
299.6933515684363
 31
0.0
  0
LINE
  5
405
330
1F
100
AcDbEntity
  8
VISIBLE
100
AcDbLine
 10
181.6923937648013
 20
283.6933515684363
 30
0.0
 11
175.6923937648013
 21
283.6933515684363
 31
0.0
  0
LINE
  5
406
330
1F
100
AcDbEntity
  8
VISIBLE
100
AcDbLine
 10
181.6923937648013
 20
283.6933515684363
 30
0.0
 11
181.6923937648013
 21
299.6933515684363
 31
0.0
  0
LINE
  5
407
330
1F
100
AcDbEntity
  8
VISIBLE
100
AcDbLine
 10
181.6923937648013
 20
299.6933515684363
 30
0.0
 11
175.6923937648013
 21
299.6933515684363
 31
0.0
  0
LINE
  5
408
330
1F
100
AcDbEntity
  8
VISIBLE
100
AcDbLine
 10
175.6923937648013
 20
315.6933515684363
 30
0.0
 11
175.6923937648013
 21
331.6933515684363
 31
0.0
  0
LINE
  5
409
330
1F
100
AcDbEntity
  8
VISIBLE
100
AcDbLine
 10
181.6923937648013
 20
315.6933515684362
 30
0.0
 11
175.6923937648013
 21
315.6933515684363
 31
0.0
  0
LINE
  5
40A
330
1F
100
AcDbEntity
  8
VISIBLE
100
AcDbLine
 10
181.6923937648013
 20
315.6933515684362
 30
0.0
 11
181.6923937648013
 21
331.6933515684363
 31
0.0
  0
LINE
  5
40B
330
1F
100
AcDbEntity
  8
VISIBLE
100
AcDbLine
 10
181.6923937648013
 20
331.6933515684363
 30
0.0
 11
175.6923937648013
 21
331.6933515684363
 31
0.0
  0
LINE
  5
40C
330
1F
100
AcDbEntity
  8
VISIBLE
100
AcDbLine
 10
375.6311692435514
 20
393.6179549923888
 30
0.0
 11
375.6311692435514
 21
411.9679549923887
 31
0.0
  0
LINE
  5
40D
330
1F
100
AcDbEntity
  8
VISIBLE
100
AcDbLine
 10
381.6311692435514
 20
393.6179549923888
 30
0.0
 11
375.6311692435514
 21
393.6179549923888
 31
0.0
  0
LINE
  5
40E
330
1F
100
AcDbEntity
  8
VISIBLE
100
AcDbLine
 10
381.6311692435514
 20
393.6179549923888
 30
0.0
 11
381.6311692435514
 21
373.6179549923888
 31
0.0
  0
LINE
  5
40F
330
1F
100
AcDbEntity
  8
VISIBLE
100
AcDbLine
 10
381.6311692435514
 20
373.6179549923888
 30
0.0
 11
331.6311692435514
 21
373.6179549923888
 31
0.0
  0
LINE
  5
410
330
1F
100
AcDbEntity
  8
VISIBLE
100
AcDbLine
 10
331.6311692435514
 20
453.6179549923888
 30
0.0
 11
331.6311692435514
 21
373.6179549923888
 31
0.0
  0
LINE
  5
411
330
1F
100
AcDbEntity
  8
VISIBLE
100
AcDbLine
 10
346.2978359102181
 20
453.6179549923888
 30
0.0
 11
331.6311692435514
 21
453.6179549923888
 31
0.0
  0
LINE
  5
412
330
1F
100
AcDbEntity
  8
VISIBLE
100
AcDbLine
 10
346.2978359102181
 20
453.6179549923888
 30
0.0
 11
346.2978359102181
 21
447.6179549923888
 31
0.0
  0
LINE
  5
413
330
1F
100
AcDbEntity
  8
VISIBLE
100
AcDbLine
 10
351.9811692435514
 20
447.6179549923888
 30
0.0
 11
346.2978359102181
 21
447.6179549923888
 31
0.0
  0
LINE
  5
414
330
1F
100
AcDbEntity
  8
VISIBLE
100
AcDbLine
 10
351.9811692435514
 20
441.2679549923888
 30
0.0
 11
351.9811692435514
 21
447.6179549923888
 31
0.0
  0
LINE
  5
415
330
1F
100
AcDbEntity
  8
VISIBLE
100
AcDbLine
 10
350.7311692435514
 20
441.2679549923888
 30
0.0
 11
351.9811692435514
 21
441.2679549923888
 31
0.0
  0
LINE
  5
416
330
1F
100
AcDbEntity
  8
VISIBLE
100
AcDbLine
 10
350.7311692435514
 20
438.5679549923888
 30
0.0
 11
350.7311692435514
 21
441.2679549923888
 31
0.0
  0
LINE
  5
417
330
1F
100
AcDbEntity
  8
VISIBLE
100
AcDbLine
 10
350.7311692435514
 20
438.5679549923888
 30
0.0
 11
351.9811692435514
 21
438.5679549923888
 31
0.0
  0
LINE
  5
418
330
1F
100
AcDbEntity
  8
VISIBLE
100
AcDbLine
 10
351.9811692435514
 20
437.4429549923888
 30
0.0
 11
351.9811692435514
 21
438.5679549923888
 31
0.0
  0
LINE
  5
419
330
1F
100
AcDbEntity
  8
VISIBLE
100
AcDbLine
 10
351.9811692435514
 20
437.4429549923888
 30
0.0
 11
355.2811692435514
 21
437.4429549923888
 31
0.0
  0
LINE
  5
41A
330
1F
100
AcDbEntity
  8
VISIBLE
100
AcDbLine
 10
355.2811692435514
 20
437.4429549923888
 30
0.0
 11
355.2811692435514
 21
438.5679549923888
 31
0.0
  0
LINE
  5
41B
330
1F
100
AcDbEntity
  8
VISIBLE
100
AcDbLine
 10
355.2811692435514
 20
438.5679549923888
 30
0.0
 11
356.5311692435514
 21
438.5679549923888
 31
0.0
  0
LINE
  5
41C
330
1F
100
AcDbEntity
  8
VISIBLE
100
AcDbLine
 10
356.5311692435514
 20
438.5679549923888
 30
0.0
 11
356.5311692435514
 21
441.2679549923888
 31
0.0
  0
LINE
  5
41D
330
1F
100
AcDbEntity
  8
VISIBLE
100
AcDbLine
 10
355.2811692435514
 20
441.2679549923888
 30
0.0
 11
356.5311692435514
 21
441.2679549923888
 31
0.0
  0
LINE
  5
41E
330
1F
100
AcDbEntity
  8
VISIBLE
100
AcDbLine
 10
355.2811692435514
 20
441.2679549923888
 30
0.0
 11
355.2811692435514
 21
447.6179549923888
 31
0.0
  0
LINE
  5
41F
330
1F
100
AcDbEntity
  8
VISIBLE
100
AcDbLine
 10
360.9645025768848
 20
447.6179549923888
 30
0.0
 11
355.2811692435514
 21
447.6179549923888
 31
0.0
  0
LINE
  5
420
330
1F
100
AcDbEntity
  8
VISIBLE
100
AcDbLine
 10
360.9645025768848
 20
453.6179549923888
 30
0.0
 11
360.9645025768848
 21
447.6179549923888
 31
0.0
  0
LINE
  5
421
330
1F
100
AcDbEntity
  8
VISIBLE
100
AcDbLine
 10
381.6311692435514
 20
453.6179549923888
 30
0.0
 11
360.9645025768848
 21
453.6179549923888
 31
0.0
  0
LINE
  5
422
330
1F
100
AcDbEntity
  8
VISIBLE
100
AcDbLine
 10
381.6311692435514
 20
453.6179549923888
 30
0.0
 11
381.6311692435514
 21
433.6179549923888
 31
0.0
  0
LINE
  5
423
330
1F
100
AcDbEntity
  8
VISIBLE
100
AcDbLine
 10
381.6311692435514
 20
433.6179549923888
 30
0.0
 11
375.6311692435514
 21
433.6179549923888
 31
0.0
  0
LINE
  5
424
330
1F
100
AcDbEntity
  8
VISIBLE
100
AcDbLine
 10
375.6311692435514
 20
415.2679549923887
 30
0.0
 11
375.6311692435514
 21
433.6179549923888
 31
0.0
  0
LINE
  5
425
330
1F
100
AcDbEntity
  8
VISIBLE
100
AcDbLine
 10
369.2811692435514
 20
415.2679549923887
 30
0.0
 11
375.6311692435514
 21
415.2679549923887
 31
0.0
  0
LINE
  5
426
330
1F
100
AcDbEntity
  8
VISIBLE
100
AcDbLine
 10
369.2811692435514
 20
416.5179549923888
 30
0.0
 11
369.2811692435514
 21
415.2679549923887
 31
0.0
  0
LINE
  5
427
330
1F
100
AcDbEntity
  8
VISIBLE
100
AcDbLine
 10
366.5811692435515
 20
416.5179549923888
 30
0.0
 11
369.2811692435514
 21
416.5179549923888
 31
0.0
  0
LINE
  5
428
330
1F
100
AcDbEntity
  8
VISIBLE
100
AcDbLine
 10
366.5811692435515
 20
416.5179549923888
 30
0.0
 11
366.5811692435515
 21
415.2679549923887
 31
0.0
  0
LINE
  5
429
330
1F
100
AcDbEntity
  8
VISIBLE
100
AcDbLine
 10
365.4561692435515
 20
415.2679549923887
 30
0.0
 11
366.5811692435515
 21
415.2679549923887
 31
0.0
  0
LINE
  5
42A
330
1F
100
AcDbEntity
  8
VISIBLE
100
AcDbLine
 10
365.4561692435515
 20
415.2679549923887
 30
0.0
 11
365.4561692435515
 21
411.9679549923887
 31
0.0
  0
LINE
  5
42B
330
1F
100
AcDbEntity
  8
VISIBLE
100
AcDbLine
 10
365.4561692435515
 20
411.9679549923887
 30
0.0
 11
366.5811692435515
 21
411.9679549923887
 31
0.0
  0
LINE
  5
42C
330
1F
100
AcDbEntity
  8
VISIBLE
100
AcDbLine
 10
366.5811692435515
 20
411.9679549923887
 30
0.0
 11
366.5811692435515
 21
410.7179549923888
 31
0.0
  0
LINE
  5
42D
330
1F
100
AcDbEntity
  8
VISIBLE
100
AcDbLine
 10
366.5811692435515
 20
410.7179549923888
 30
0.0
 11
369.2811692435514
 21
410.7179549923888
 31
0.0
  0
LINE
  5
42E
330
1F
100
AcDbEntity
  8
VISIBLE
100
AcDbLine
 10
369.2811692435514
 20
411.9679549923887
 30
0.0
 11
369.2811692435514
 21
410.7179549923888
 31
0.0
  0
LINE
  5
42F
330
1F
100
AcDbEntity
  8
VISIBLE
100
AcDbLine
 10
369.2811692435514
 20
411.9679549923887
 30
0.0
 11
375.6311692435514
 21
411.9679549923887
 31
0.0
  0
SPLINE
  5
430
330
1F
100
AcDbEntity
  8
VISIBLE
100
AcDbSpline
210
0.0
220
0.0
230
1.0
 70
     8
 71
     2
 72
     6
 73
     3
 74
     0
 42
0.000000001
 43
0.0000000574104803
 40
0.0
 40
0.0
 40
0.0
 40
1.0
 40
1.0
 40
1.0
 10
260.8737420290187
 20
514.105942350284
 30
0.0
 10
260.1228739734631
 20
514.105942350284
 30
0.0
 10
259.5955302234632
 20
514.6050742947284
 30
0.0
  0
SPLINE
  5
431
330
1F
100
AcDbEntity
  8
VISIBLE
100
AcDbSpline
210
0.0
220
0.0
230
1.0
 70
     8
 71
     2
 72
     6
 73
     3
 74
     0
 42
0.000000001
 43
0.0000000574515501
 40
0.0
 40
0.0
 40
0.0
 40
1.0
 40
1.0
 40
1.0
 10
261.9696621679076
 20
514.5226090169506
 30
0.0
 10
261.511762862352
 20
514.105942350284
 30
0.0
 10
260.8737420290187
 20
514.105942350284
 30
0.0
  0
SPLINE
  5
432
330
1F
100
AcDbEntity
  8
VISIBLE
100
AcDbSpline
210
0.0
220
0.0
230
1.0
 70
     8
 71
     2
 72
     6
 73
     3
 74
     0
 42
0.000000001
 43
0.0000000575635682
 40
0.0
 40
0.0
 40
0.0
 40
1.0
 40
1.0
 40
1.0
 10
262.4275614734631
 20
515.5469145725062
 30
0.0
 10
262.4275614734631
 20
514.9392756836173
 30
0.0
 10
261.9696621679076
 20
514.5226090169506
 30
0.0
  0
SPLINE
  5
433
330
1F
100
AcDbEntity
  8
VISIBLE
100
AcDbSpline
210
0.0
220
0.0
230
1.0
 70
     8
 71
     2
 72
     6
 73
     3
 74
     0
 42
0.000000001
 43
0.0000000576658242
 40
0.0
 40
0.0
 40
0.0
 40
1.0
 40
1.0
 40
1.0
 10
261.885026751241
 20
516.6884076280617
 30
0.0
 10
262.4275614734631
 20
516.1892756836173
 30
0.0
 10
262.4275614734631
 20
515.5469145725062
 30
0.0
  0
SPLINE
  5
434
330
1F
100
AcDbEntity
  8
VISIBLE
100
AcDbSpline
210
0.0
220
0.0
230
1.0
 70
     8
 71
     2
 72
     6
 73
     3
 74
     0
 42
0.000000001
 43
0.0000000576866038
 40
0.0
 40
0.0
 40
0.0
 40
1.0
 40
1.0
 40
1.0
 10
260.6480475845743
 20
517.1875395725062
 30
0.0
 10
261.3424920290188
 20
517.1875395725062
 30
0.0
 10
261.885026751241
 20
516.6884076280617
 30
0.0
  0
SPLINE
  5
435
330
1F
100
AcDbEntity
  8
VISIBLE
100
AcDbSpline
210
0.0
220
0.0
230
1.0
 70
     8
 71
     2
 72
     6
 73
     3
 74
     0
 42
0.000000001
 43
0.000000057632158
 40
0.0
 40
0.0
 40
0.0
 40
1.0
 40
1.0
 40
1.0
 10
259.5260857790188
 20
516.7838937391729
 30
0.0
 10
259.9839850845743
 20
517.1875395725062
 30
0.0
 10
260.6480475845743
 20
517.1875395725062
 30
0.0
  0
SPLINE
  5
436
330
1F
100
AcDbEntity
  8
VISIBLE
100
AcDbSpline
210
0.0
220
0.0
230
1.0
 70
     8
 71
     2
 72
     6
 73
     3
 74
     0
 42
0.000000001
 43
0.0000000575467089
 40
0.0
 40
0.0
 40
0.0
 40
1.0
 40
1.0
 40
1.0
 10
259.0681864734631
 20
515.7422270725061
 30
0.0
 10
259.0681864734631
 20
516.3802479058395
 30
0.0
 10
259.5260857790188
 20
516.7838937391729
 30
0.0
  0
SPLINE
  5
437
330
1F
100
AcDbEntity
  8
VISIBLE
100
AcDbSpline
210
0.0
220
0.0
230
1.0
 70
     8
 71
     2
 72
     6
 73
     3
 74
     0
 42
0.000000001
 43
0.0000000574562298
 40
0.0
 40
0.0
 40
0.0
 40
1.0
 40
1.0
 40
1.0
 10
259.5955302234632
 20
514.6050742947284
 30
0.0
 10
259.0681864734631
 20
515.1042062391729
 30
0.0
 10
259.0681864734631
 20
515.7422270725061
 30
0.0
  0
SPLINE
  5
438
330
1F
100
AcDbEntity
  8
VISIBLE
100
AcDbSpline
210
0.0
220
0.0
230
1.0
 70
     8
 71
     2
 72
     6
 73
     3
 74
     0
 42
0.000000001
 43
0.000000056341503
 40
0.0
 40
0.0
 40
0.0
 40
1.0
 40
1.0
 40
1.0
 10
261.8177524456854
 20
499.7179215169506
 30
0.0
 10
260.5395406401299
 20
500.6337201280617
 30
0.0
 10
259.8038635567965
 20
502.1745187391729
 30
0.0
  0
SPLINE
  5
439
330
1F
100
AcDbEntity
  8
VISIBLE
100
AcDbSpline
210
0.0
220
0.0
230
1.0
 70
     8
 71
     2
 72
     6
 73
     3
 74
     0
 42
0.000000001
 43
0.0000000562515657
 40
0.0
 40
0.0
 40
0.0
 40
1.0
 40
1.0
 40
1.0
 10
264.6497836956854
 20
498.8021229058396
 30
0.0
 10
263.095964251241
 20
498.8021229058396
 30
0.0
 10
261.8177524456854
 20
499.7179215169506
 30
0.0
  0
SPLINE
  5
43A
330
1F
100
AcDbEntity
  8
VISIBLE
100
AcDbSpline
210
0.0
220
0.0
230
1.0
 70
     8
 71
     2
 72
     6
 73
     3
 74
     0
 42
0.000000001
 43
0.0000000564527658
 40
0.0
 40
0.0
 40
0.0
 40
1.0
 40
1.0
 40
1.0
 10
268.0113288345742
 20
500.2452652669506
 30
0.0
 10
266.650651751241
 20
498.8021229058396
 30
0.0
 10
264.6497836956854
 20
498.8021229058396
 30
0.0
  0
SPLINE
  5
43B
330
1F
100
AcDbEntity
  8
VISIBLE
100
AcDbSpline
210
0.0
220
0.0
230
1.0
 70
     8
 71
     2
 72
     6
 73
     3
 74
     0
 42
0.000000001
 43
0.0000000569295435
 40
0.0
 40
0.0
 40
0.0
 40
1.0
 40
1.0
 40
1.0
 10
270.1792975845743
 20
504.496567350284
 30
0.0
 10
269.3720059179076
 20
501.6884076280617
 30
0.0
 10
268.0113288345742
 20
500.2452652669506
 30
0.0
  0
SPLINE
  5
43C
330
1F
100
AcDbEntity
  8
VISIBLE
100
AcDbSpline
210
0.0
220
0.0
230
1.0
 70
     8
 71
     2
 72
     6
 73
     3
 74
     0
 42
0.000000001
 43
0.0000000572811414
 40
0.0
 40
0.0
 40
0.0
 40
1.0
 40
1.0
 40
1.0
 10
271.5095927234631
 20
507.7713069336173
 30
0.0
 10
270.8433600845742
 20
506.7708729058395
 30
0.0
 10
270.1792975845743
 20
504.496567350284
 30
0.0
  0
SPLINE
  5
43D
330
1F
100
AcDbEntity
  8
VISIBLE
100
AcDbSpline
210
0.0
220
0.0
230
1.0
 70
     8
 71
     2
 72
     6
 73
     3
 74
     0
 42
0.000000001
 43
0.0000000574454342
 40
0.0
 40
0.0
 40
0.0
 40
1.0
 40
1.0
 40
1.0
 10
273.1480475845742
 20
508.771740961395
 30
0.0
 10
272.175825362352
 20
508.771740961395
 30
0.0
 10
271.5095927234631
 20
507.7713069336173
 30
0.0
  0
SPLINE
  5
43E
330
1F
100
AcDbEntity
  8
VISIBLE
100
AcDbSpline
210
0.0
220
0.0
230
1.0
 70
     8
 71
     2
 72
     6
 73
     3
 74
     0
 42
0.000000001
 43
0.0000000575235098
 40
0.0
 40
0.0
 40
0.0
 40
1.0
 40
1.0
 40
1.0
 10
274.832075362352
 20
507.7995187391729
 30
0.0
 10
274.207075362352
 20
508.771740961395
 30
0.0
 10
273.1480475845742
 20
508.771740961395
 30
0.0
  0
SPLINE
  5
43F
330
1F
100
AcDbEntity
  8
VISIBLE
100
AcDbSpline
210
0.0
220
0.0
230
1.0
 70
     8
 71
     2
 72
     6
 73
     3
 74
     0
 42
0.000000001
 43
0.000000057466657
 40
0.0
 40
0.0
 40
0.0
 40
1.0
 40
1.0
 40
1.0
 10
275.457075362352
 20
504.965317350284
 30
0.0
 10
275.457075362352
 20
506.8272965169506
 30
0.0
 10
274.832075362352
 20
507.7995187391729
 30
0.0
  0
SPLINE
  5
440
330
1F
100
AcDbEntity
  8
VISIBLE
100
AcDbSpline
210
0.0
220
0.0
230
1.0
 70
     8
 71
     2
 72
     6
 73
     3
 74
     0
 42
0.000000001
 43
0.000000057216369
 40
0.0
 40
0.0
 40
0.0
 40
1.0
 40
1.0
 40
1.0
 10
274.9427524456854
 20
502.5499527669506
 30
0.0
 10
275.457075362352
 20
503.4679215169506
 30
0.0
 10
275.457075362352
 20
504.965317350284
 30
0.0
  0
SPLINE
  5
441
330
1F
100
AcDbEntity
  8
VISIBLE
100
AcDbSpline
210
0.0
220
0.0
230
1.0
 70
     8
 71
     2
 72
     6
 73
     3
 74
     0
 42
0.000000001
 43
0.0000000569791524
 40
0.0
 40
0.0
 40
0.0
 40
1.0
 40
1.0
 40
1.0
 10
273.6515198067965
 20
501.5234770725062
 30
0.0
 10
274.4284295290187
 20
501.6319840169506
 30
0.0
 10
274.9427524456854
 20
502.5499527669506
 30
0.0
  0
SPLINE
  5
442
330
1F
100
AcDbEntity
  8
VISIBLE
100
AcDbSpline
210
0.0
220
0.0
230
1.0
 70
     8
 71
     2
 72
     6
 73
     3
 74
     0
 42
0.000000001
 43
0.0000000568280453
 40
0.0
 40
0.0
 40
0.0
 40
1.0
 40
1.0
 40
1.0
 10
272.8160163345743
 20
501.1068104058396
 30
0.0
 10
273.1480475845742
 20
501.4670534613951
 30
0.0
 10
273.6515198067965
 20
501.5234770725062
 30
0.0
  0
SPLINE
  5
443
330
1F
100
AcDbEntity
  8
VISIBLE
100
AcDbSpline
210
0.0
220
0.0
230
1.0
 70
     8
 71
     2
 72
     6
 73
     3
 74
     0
 42
0.000000001
 43
0.0000000567521657
 40
0.0
 40
0.0
 40
0.0
 40
1.0
 40
1.0
 40
1.0
 10
272.4839850845743
 20
500.2430951280617
 30
0.0
 10
272.4839850845743
 20
500.746567350284
 30
0.0
 10
272.8160163345743
 20
501.1068104058396
 30
0.0
  0
SPLINE
  5
444
330
1F
100
AcDbEntity
  8
VISIBLE
100
AcDbSpline
210
0.0
220
0.0
230
1.0
 70
     8
 71
     2
 72
     6
 73
     3
 74
     0
 42
0.000000001
 43
0.0000000566798792
 40
0.0
 40
0.0
 40
0.0
 40
1.0
 40
1.0
 40
1.0
 10
272.900651751241
 20
499.2730430447284
 30
0.0
 10
272.4839850845743
 20
499.6614979058395
 30
0.0
 10
272.4839850845743
 20
500.2430951280617
 30
0.0
  0
SPLINE
  5
445
330
1F
100
AcDbEntity
  8
VISIBLE
100
AcDbSpline
210
0.0
220
0.0
230
1.0
 70
     8
 71
     2
 72
     6
 73
     3
 74
     0
 42
0.000000001
 43
0.0000000566425986
 40
0.0
 40
0.0
 40
0.0
 40
1.0
 40
1.0
 40
1.0
 10
273.9292975845742
 20
498.8845881836173
 30
0.0
 10
273.3173184179076
 20
498.8845881836173
 30
0.0
 10
272.900651751241
 20
499.2730430447284
 30
0.0
  0
SPLINE
  5
446
330
1F
100
AcDbEntity
  8
VISIBLE
100
AcDbSpline
210
0.0
220
0.0
230
1.0
 70
     8
 71
     2
 72
     6
 73
     3
 74
     0
 42
0.000000001
 43
0.0000000568916492
 40
0.0
 40
0.0
 40
0.0
 40
1.0
 40
1.0
 40
1.0
 10
276.8980475845743
 20
500.510022211395
 30
0.0
 10
275.7869364734631
 20
498.8845881836173
 30
0.0
 10
273.9292975845742
 20
498.8845881836173
 30
0.0
  0
SPLINE
  5
447
330
1F
100
AcDbEntity
  8
VISIBLE
100
AcDbSpline
210
0.0
220
0.0
230
1.0
 70
     8
 71
     2
 72
     6
 73
     3
 74
     0
 42
0.000000001
 43
0.0000000573363418
 40
0.0
 40
0.0
 40
0.0
 40
1.0
 40
1.0
 40
1.0
 10
278.0091586956854
 20
504.965317350284
 30
0.0
 10
278.0091586956854
 20
502.1354562391728
 30
0.0
 10
276.8980475845743
 20
500.510022211395
 30
0.0
  0
SPLINE
  5
448
330
1F
100
AcDbEntity
  8
VISIBLE
100
AcDbSpline
210
0.0
220
0.0
230
1.0
 70
     8
 71
     2
 72
     6
 73
     3
 74
     0
 42
0.000000001
 43
0.0000000576400806
 40
0.0
 40
0.0
 40
0.0
 40
1.0
 40
1.0
 40
1.0
 10
277.371137862352
 20
508.4114979058395
 30
0.0
 10
278.0091586956854
 20
506.9401437391729
 30
0.0
 10
278.0091586956854
 20
504.965317350284
 30
0.0
  0
SPLINE
  5
449
330
1F
100
AcDbEntity
  8
VISIBLE
100
AcDbSpline
210
0.0
220
0.0
230
1.0
 70
     8
 71
     2
 72
     6
 73
     3
 74
     0
 42
0.000000001
 43
0.0000000578100115
 40
0.0
 40
0.0
 40
0.0
 40
1.0
 40
1.0
 40
1.0
 10
275.5807732790188
 20
510.6749527669506
 30
0.0
 10
276.7331170290188
 20
509.8828520725061
 30
0.0
 10
277.371137862352
 20
508.4114979058395
 30
0.0
  0
SPLINE
  5
44A
330
1F
100
AcDbEntity
  8
VISIBLE
100
AcDbSpline
210
0.0
220
0.0
230
1.0
 70
     8
 71
     2
 72
     6
 73
     3
 74
     0
 42
0.000000001
 43
0.0000000577967278
 40
0.0
 40
0.0
 40
0.0
 40
1.0
 40
1.0
 40
1.0
 10
272.957075362352
 20
511.467053461395
 30
0.0
 10
274.4284295290187
 20
511.467053461395
 30
0.0
 10
275.5807732790188
 20
510.6749527669506
 30
0.0
  0
SPLINE
  5
44B
330
1F
100
AcDbEntity
  8
VISIBLE
100
AcDbSpline
210
0.0
220
0.0
230
1.0
 70
     8
 71
     2
 72
     6
 73
     3
 74
     0
 42
0.000000001
 43
0.0000000576754904
 40
0.0
 40
0.0
 40
0.0
 40
1.0
 40
1.0
 40
1.0
 10
269.5521274456854
 20
509.8568104058395
 30
0.0
 10
270.7869364734631
 20
511.467053461395
 30
0.0
 10
272.957075362352
 20
511.467053461395
 30
0.0
  0
SPLINE
  5
44C
330
1F
100
AcDbEntity
  8
VISIBLE
100
AcDbSpline
210
0.0
220
0.0
230
1.0
 70
     8
 71
     2
 72
     6
 73
     3
 74
     0
 42
0.000000001
 43
0.0000000573764194
 40
0.0
 40
0.0
 40
0.0
 40
1.0
 40
1.0
 40
1.0
 10
267.5404086956854
 20
505.4384076280617
 30
0.0
 10
268.3173184179076
 20
508.246567350284
 30
0.0
 10
269.5521274456854
 20
509.8568104058395
 30
0.0
  0
SPLINE
  5
44D
330
1F
100
AcDbEntity
  8
VISIBLE
100
AcDbSpline
210
0.0
220
0.0
230
1.0
 70
     8
 71
     2
 72
     6
 73
     3
 74
     0
 42
0.000000001
 43
0.000000056891913
 40
0.0
 40
0.0
 40
0.0
 40
1.0
 40
1.0
 40
1.0
 10
266.1775614734632
 20
502.3698312391728
 30
0.0
 10
266.9284295290187
 20
503.2726090169506
 30
0.0
 10
267.5404086956854
 20
505.4384076280617
 30
0.0
  0
SPLINE
  5
44E
330
1F
100
AcDbEntity
  8
VISIBLE
100
AcDbSpline
210
0.0
220
0.0
230
1.0
 70
     8
 71
     2
 72
     6
 73
     3
 74
     0
 42
0.000000001
 43
0.000000056557002
 40
0.0
 40
0.0
 40
0.0
 40
1.0
 40
1.0
 40
1.0
 10
264.5108948067965
 20
501.4670534613951
 30
0.0
 10
265.4266934179076
 20
501.4670534613951
 30
0.0
 10
266.1775614734632
 20
502.3698312391728
 30
0.0
  0
SPLINE
  5
44F
330
1F
100
AcDbEntity
  8
VISIBLE
100
AcDbSpline
210
0.0
220
0.0
230
1.0
 70
     8
 71
     2
 72
     6
 73
     3
 74
     0
 42
0.000000001
 43
0.0000000565006501
 40
0.0
 40
0.0
 40
0.0
 40
1.0
 40
1.0
 40
1.0
 10
262.4970059179076
 20
502.5911854058395
 30
0.0
 10
263.3173184179076
 20
501.4670534613951
 30
0.0
 10
264.5108948067965
 20
501.4670534613951
 30
0.0
  0
SPLINE
  5
450
330
1F
100
AcDbEntity
  8
VISIBLE
100
AcDbSpline
210
0.0
220
0.0
230
1.0
 70
     8
 71
     2
 72
     6
 73
     3
 74
     0
 42
0.000000001
 43
0.0000000566631464
 40
0.0
 40
0.0
 40
0.0
 40
1.0
 40
1.0
 40
1.0
 10
261.6766934179076
 20
505.4384076280617
 30
0.0
 10
261.6766934179076
 20
503.715317350284
 30
0.0
 10
262.4970059179076
 20
502.5911854058395
 30
0.0
  0
SPLINE
  5
451
330
1F
100
AcDbEntity
  8
VISIBLE
100
AcDbSpline
210
0.0
220
0.0
230
1.0
 70
     8
 71
     2
 72
     6
 73
     3
 74
     0
 42
0.000000001
 43
0.0000000568832264
 40
0.0
 40
0.0
 40
0.0
 40
1.0
 40
1.0
 40
1.0
 10
262.3168843901299
 20
507.9948312391729
 30
0.0
 10
261.6766934179076
 20
506.801254850284
 30
0.0
 10
261.6766934179076
 20
505.4384076280617
 30
0.0
  0
SPLINE
  5
452
330
1F
100
AcDbEntity
  8
VISIBLE
100
AcDbSpline
210
0.0
220
0.0
230
1.0
 70
     8
 71
     2
 72
     6
 73
     3
 74
     0
 42
0.000000001
 43
0.0000000571119678
 40
0.0
 40
0.0
 40
0.0
 40
1.0
 40
1.0
 40
1.0
 10
264.150651751241
 20
509.6354562391729
 30
0.0
 10
262.957075362352
 20
509.1884076280617
 30
0.0
 10
262.3168843901299
 20
507.9948312391729
 30
0.0
  0
SPLINE
  5
453
330
1F
100
AcDbEntity
  8
VISIBLE
100
AcDbSpline
210
0.0
220
0.0
230
1.0
 70
     8
 71
     2
 72
     6
 73
     3
 74
     0
 42
0.000000001
 43
0.0000000571925934
 40
0.0
 40
0.0
 40
0.0
 40
1.0
 40
1.0
 40
1.0
 10
264.9015198067965
 20
510.160629850284
 30
0.0
 10
264.6237420290187
 20
509.8003867947284
 30
0.0
 10
264.150651751241
 20
509.6354562391729
 30
0.0
  0
SPLINE
  5
454
330
1F
100
AcDbEntity
  8
VISIBLE
100
AcDbSpline
210
0.0
220
0.0
230
1.0
 70
     8
 71
     2
 72
     6
 73
     3
 74
     0
 42
0.000000001
 43
0.0000000572821418
 40
0.0
 40
0.0
 40
0.0
 40
1.0
 40
1.0
 40
1.0
 10
265.1792975845743
 20
511.0243451280617
 30
0.0
 10
265.1792975845743
 20
510.5208729058395
 30
0.0
 10
264.9015198067965
 20
510.160629850284
 30
0.0
  0
SPLINE
  5
455
330
1F
100
AcDbEntity
  8
VISIBLE
100
AcDbSpline
210
0.0
220
0.0
230
1.0
 70
     8
 71
     2
 72
     6
 73
     3
 74
     0
 42
0.000000001
 43
0.0000000573712165
 40
0.0
 40
0.0
 40
0.0
 40
1.0
 40
1.0
 40
1.0
 10
264.775651751241
 20
512.0226090169506
 30
0.0
 10
265.1792975845743
 20
511.605942350284
 30
0.0
 10
265.1792975845743
 20
511.0243451280617
 30
0.0
  0
SPLINE
  5
456
330
1F
100
AcDbEntity
  8
VISIBLE
100
AcDbSpline
210
0.0
220
0.0
230
1.0
 70
     8
 71
     2
 72
     6
 73
     3
 74
     0
 42
0.000000001
 43
0.000000057390298
 40
0.0
 40
0.0
 40
0.0
 40
1.0
 40
1.0
 40
1.0
 10
263.7904086956854
 20
512.4392756836173
 30
0.0
 10
264.3720059179076
 20
512.4392756836173
 30
0.0
 10
264.775651751241
 20
512.0226090169506
 30
0.0
  0
SPLINE
  5
457
330
1F
100
AcDbEntity
  8
VISIBLE
100
AcDbSpline
210
0.0
220
0.0
230
1.0
 70
     8
 71
     2
 72
     6
 73
     3
 74
     0
 42
0.000000001
 43
0.0000000573461943
 40
0.0
 40
0.0
 40
0.0
 40
1.0
 40
1.0
 40
1.0
 10
262.705339251241
 20
512.1354562391729
 30
0.0
 10
263.3737420290188
 20
512.4392756836173
 30
0.0
 10
263.7904086956854
 20
512.4392756836173
 30
0.0
  0
SPLINE
  5
458
330
1F
100
AcDbEntity
  8
VISIBLE
100
AcDbSpline
210
0.0
220
0.0
230
1.0
 70
     8
 71
     2
 72
     6
 73
     3
 74
     0
 42
0.000000001
 43
0.0000000572706084
 40
0.0
 40
0.0
 40
0.0
 40
1.0
 40
1.0
 40
1.0
 10
260.1228739734631
 20
509.6463069336173
 30
0.0
 10
261.1775614734632
 20
511.410629850284
 30
0.0
 10
262.705339251241
 20
512.1354562391729
 30
0.0
  0
SPLINE
  5
459
330
1F
100
AcDbEntity
  8
VISIBLE
100
AcDbSpline
210
0.0
220
0.0
230
1.0
 70
     8
 71
     2
 72
     6
 73
     3
 74
     0
 42
0.000000001
 43
0.0000000569330599
 40
0.0
 40
0.0
 40
0.0
 40
1.0
 40
1.0
 40
1.0
 10
259.0681864734631
 20
505.4948312391729
 30
0.0
 10
259.0681864734631
 20
507.8819840169506
 30
0.0
 10
260.1228739734631
 20
509.6463069336173
 30
0.0
  0
SPLINE
  5
45A
330
1F
100
AcDbEntity
  8
VISIBLE
100
AcDbSpline
210
0.0
220
0.0
230
1.0
 70
     8
 71
     2
 72
     6
 73
     3
 74
     0
 42
0.000000001
 43
0.0000000565474939
 40
0.0
 40
0.0
 40
0.0
 40
1.0
 40
1.0
 40
1.0
 10
259.8038635567965
 20
502.1745187391729
 30
0.0
 10
259.0681864734631
 20
503.715317350284
 30
0.0
 10
259.0681864734631
 20
505.4948312391729
 30
0.0
  0
SPLINE
  5
45B
330
1F
100
AcDbEntity
  8
VISIBLE
100
AcDbSpline
210
0.0
220
0.0
230
1.0
 70
     8
 71
     2
 72
     6
 73
     3
 74
     0
 42
0.000000001
 43
0.0000000585543914
 40
0.2072334926051795
 40
0.2072334926051795
 40
0.2072334926051795
 40
1.0
 40
1.0
 40
1.0
 10
272.093043949037
 20
520.5756734345481
 30
0.0
 10
270.5555357892893
 20
520.7853114771326
 30
0.0
 10
269.4544711956854
 20
521.7969145725062
 30
0.0
  0
LINE
  5
45C
330
1F
100
AcDbEntity
  8
VISIBLE
100
AcDbLine
 10
272.0930439490439
 20
523.399037556762
 30
0.0
 11
272.0930439492228
 21
520.5756734345481
 31
0.0
  0
SPLINE
  5
45D
330
1F
100
AcDbEntity
  8
VISIBLE
100
AcDbSpline
210
0.0
220
0.0
230
1.0
 70
     8
 71
     2
 72
     6
 73
     3
 74
     0
 42
0.000000001
 43
0.0000000587511523
 40
0.0
 40
0.0
 40
0.0
 40
0.5783923479971269
 40
0.5783923479971269
 40
0.5783923479971269
 10
271.1081170290188
 20
524.0039458225062
 30
0.0
 10
271.5650068178012
 20
523.5784358269093
 30
0.0
 10
272.0930439490439
 20
523.399037556762
 30
0.0
  0
SPLINE
  5
45E
330
1F
100
AcDbEntity
  8
VISIBLE
100
AcDbSpline
210
0.0
220
0.0
230
1.0
 70
     8
 71
     2
 72
     6
 73
     3
 74
     0
 42
0.000000001
 43
0.0000000588497478
 40
0.1239714088484123
 40
0.1239714088484123
 40
0.1239714088484123
 40
1.0
 40
1.0
 40
1.0
 10
270.3303268452451
 20
525.6043279060589
 30
0.0
 10
270.4161152773278
 20
524.6484199813613
 30
0.0
 10
271.1081170290188
 20
524.0039458225062
 30
0.0
  0
SPLINE
  5
45F
330
1F
100
AcDbEntity
  8
VISIBLE
100
AcDbSpline
210
0.0
220
0.0
230
1.0
 70
     8
 71
     2
 72
     6
 73
     3
 74
     0
 42
0.000000001
 43
0.0000000588396829
 40
0.0
 40
0.0
 40
0.0
 40
0.1239714088484123
 40
0.1239714088484123
 40
0.1239714088484123
 10
270.3181864734631
 20
525.8811159613952
 30
0.0
 10
270.3181864734631
 20
525.7396034591072
 30
0.0
 10
270.3303268452451
 20
525.6043279060589
 30
0.0
  0
LINE
  5
460
330
1F
100
AcDbEntity
  8
VISIBLE
100
AcDbLine
 10
270.3181864734631
 20
530.1302479058395
 30
0.0
 11
270.3181864734631
 21
525.8811159613952
 31
0.0
  0
LINE
  5
461
330
1F
100
AcDbEntity
  8
VISIBLE
100
AcDbLine
 10
272.0930439492228
 20
530.1302479058395
 30
0.0
 11
270.3181864734631
 21
530.1302479058395
 31
0.0
  0
LINE
  5
462
330
1F
100
AcDbEntity
  8
VISIBLE
100
AcDbLine
 10
272.0930439492228
 20
532.9080256836173
 30
0.0
 11
272.0930439492228
 21
530.1302479058395
 31
0.0
  0
LINE
  5
463
330
1F
100
AcDbEntity
  8
VISIBLE
100
AcDbLine
 10
266.0782834846538
 20
532.9080256836173
 30
0.0
 11
272.0930439492228
 21
532.9080256836173
 31
0.0
  0
LINE
  5
464
330
1F
100
AcDbEntity
  8
VISIBLE
100
AcDbLine
 10
266.0782834846538
 20
532.9080256836173
 30
0.0
 11
266.0782834846538
 21
530.1302479058395
 31
0.0
  0
LINE
  5
465
330
1F
100
AcDbEntity
  8
VISIBLE
100
AcDbLine
 10
267.6489156401299
 20
530.1302479058395
 30
0.0
 11
266.0782834846538
 21
530.1302479058395
 31
0.0
  0
LINE
  5
466
330
1F
100
AcDbEntity
  8
VISIBLE
100
AcDbLine
 10
267.6489156401299
 20
525.8811159613952
 30
0.0
 11
267.6489156401299
 21
530.1302479058395
 31
0.0
  0
SPLINE
  5
467
330
1F
100
AcDbEntity
  8
VISIBLE
100
AcDbSpline
210
0.0
220
0.0
230
1.0
 70
     8
 71
     2
 72
     6
 73
     3
 74
     0
 42
0.000000001
 43
0.0000000587203874
 40
0.9287753184024958
 40
0.9287753184024958
 40
0.9287753184024958
 40
1.0
 40
1.0
 40
1.0
 10
267.6451835831939
 20
525.6043279060739
 30
0.0
 10
267.6489156401299
 20
525.7404595806361
 30
0.0
 10
267.6489156401299
 20
525.8811159613952
 30
0.0
  0
SPLINE
  5
468
330
1F
100
AcDbEntity
  8
VISIBLE
100
AcDbSpline
210
0.0
220
0.0
230
1.0
 70
     8
 71
     2
 72
     6
 73
     3
 74
     0
 42
0.000000001
 43
0.000000058695435
 40
0.0
 40
0.0
 40
0.0
 40
0.9287753184024958
 40
0.9287753184024958
 40
0.9287753184024958
 10
266.9132385567965
 20
522.8233902669506
 30
0.0
 10
267.5965172741109
 20
523.8291604142659
 30
0.0
 10
267.6451835831939
 20
525.6043279060739
 30
0.0
  0
SPLINE
  5
469
330
1F
100
AcDbEntity
  8
VISIBLE
100
AcDbSpline
210
0.0
220
0.0
230
1.0
 70
     8
 71
     2
 72
     6
 73
     3
 74
     0
 42
0.000000001
 43
0.0000000584139946
 40
0.5078918379231753
 40
0.5078918379231753
 40
0.5078918379231753
 40
1.0
 40
1.0
 40
1.0
 10
266.0782834843146
 20
522.0198292977568
 30
0.0
 10
266.5512058594353
 20
522.2904866799794
 30
0.0
 10
266.9132385567965
 20
522.8233902669506
 30
0.0
  0
LINE
  5
46A
330
1F
100
AcDbEntity
  8
VISIBLE
100
AcDbLine
 10
266.0782834846538
 20
522.0198292977568
 30
0.0
 11
266.0782834846538
 21
519.0833229418207
 31
0.0
  0
SPLINE
  5
46B
330
1F
100
AcDbEntity
  8
VISIBLE
100
AcDbSpline
210
0.0
220
0.0
230
1.0
 70
     8
 71
     2
 72
     6
 73
     3
 74
     0
 42
0.000000001
 43
0.0000000581683046
 40
0.0
 40
0.0
 40
0.0
 40
0.6395446604461221
 40
0.6395446604461221
 40
0.6395446604461221
 10
267.6923184179076
 20
519.6875395725062
 30
0.0
 10
266.990040644067
 20
519.2434113360853
 30
0.0
 10
266.0782834866361
 20
519.0833229418207
 30
0.0
  0
SPLINE
  5
46C
330
1F
100
AcDbEntity
  8
VISIBLE
100
AcDbSpline
210
0.0
220
0.0
230
1.0
 70
     8
 71
     2
 72
     6
 73
     3
 74
     0
 42
0.000000001
 43
0.0000000584356249
 40
0.0
 40
0.0
 40
0.0
 40
1.0
 40
1.0
 40
1.0
 10
269.4544711956854
 20
521.7969145725062
 30
0.0
 10
268.7904086956854
 20
520.3819840169506
 30
0.0
 10
267.6923184179076
 20
519.6875395725062
 30
0.0
  0
SPLINE
  5
46D
330
1F
100
AcDbEntity
  8
VISIBLE
100
AcDbSpline
210
0.0
220
0.0
230
1.0
 70
     8
 71
     2
 72
     6
 73
     3
 74
     0
 42
0.000000001
 43
0.0000000588459353
 40
0.0
 40
0.0
 40
0.0
 40
0.3663839632573577
 40
0.3663839632573577
 40
0.3663839632573577
 10
261.650651751241
 20
530.1302479058395
 30
0.0
 10
261.6713244575011
 20
528.7769807498846
 30
0.0
 10
261.7962873561539
 20
527.604327893604
 30
0.0
  0
LINE
  5
46E
330
1F
100
AcDbEntity
  8
VISIBLE
100
AcDbLine
 10
264.0782834846538
 20
530.1302479058395
 30
0.0
 11
261.650651751241
 21
530.1302479058395
 31
0.0
  0
LINE
  5
46F
330
1F
100
AcDbEntity
  8
VISIBLE
100
AcDbLine
 10
264.0782834846538
 20
532.9080256836173
 30
0.0
 11
264.0782834846538
 21
530.1302479058395
 31
0.0
  0
LINE
  5
470
330
1F
100
AcDbEntity
  8
VISIBLE
100
AcDbLine
 10
260.5395406401299
 20
532.9080256836173
 30
0.0
 11
264.0782834846538
 21
532.9080256836173
 31
0.0
  0
SPLINE
  5
471
330
1F
100
AcDbEntity
  8
VISIBLE
100
AcDbSpline
210
0.0
220
0.0
230
1.0
 70
     8
 71
     2
 72
     6
 73
     3
 74
     0
 42
0.000000001
 43
0.0000000590423278
 40
0.0
 40
0.0
 40
0.0
 40
1.0
 40
1.0
 40
1.0
 10
259.3720059179076
 20
532.5477826280617
 30
0.0
 10
259.7322489734631
 20
532.9080256836173
 30
0.0
 10
260.5395406401299
 20
532.9080256836173
 30
0.0
  0
SPLINE
  5
472
330
1F
100
AcDbEntity
  8
VISIBLE
100
AcDbSpline
210
0.0
220
0.0
230
1.0
 70
     8
 71
     2
 72
     6
 73
     3
 74
     0
 42
0.000000001
 43
0.0000000589598399
 40
0.0
 40
0.0
 40
0.0
 40
1.0
 40
1.0
 40
1.0
 10
259.011762862352
 20
531.2977826280617
 30
0.0
 10
259.011762862352
 20
532.1875395725062
 30
0.0
 10
259.3720059179076
 20
532.5477826280617
 30
0.0
  0
SPLINE
  5
473
330
1F
100
AcDbEntity
  8
VISIBLE
100
AcDbSpline
210
0.0
220
0.0
230
1.0
 70
     8
 71
     2
 72
     6
 73
     3
 74
     0
 42
0.000000001
 43
0.0000000588386116
 40
0.6726002294991409
 40
0.6726002294991409
 40
0.6726002294991409
 40
1.0
 40
1.0
 40
1.0
 10
259.176922004939
 20
527.6043278942857
 30
0.0
 10
259.011762862352
 20
529.2870592111402
 30
0.0
 10
259.011762862352
 20
531.2977826280617
 30
0.0
  0
LINE
  5
474
330
1F
100
AcDbEntity
  8
VISIBLE
100
AcDbLine
 10
261.7962873561539
 20
527.604327896327
 30
0.0
 11
259.176922004939
 21
527.604327896327
 31
0.0
  0
LINE
  5
475
330
1F
100
AcDbEntity
  8
VISIBLE
100
AcDbLine
 10
275.1792975845743
 20
530.1302479058395
 30
0.0
 11
274.0930439492228
 21
530.1302479058395
 31
0.0
  0
LINE
  5
476
330
1F
100
AcDbEntity
  8
VISIBLE
100
AcDbLine
 10
275.1792975845743
 20
527.604327896327
 30
0.0
 11
275.1792975845743
 21
530.1302479058395
 31
0.0
  0
LINE
  5
477
330
1F
100
AcDbEntity
  8
VISIBLE
100
AcDbLine
 10
277.8442281401298
 20
527.604327896327
 30
0.0
 11
275.1792975845743
 21
527.604327896327
 31
0.0
  0
LINE
  5
478
330
1F
100
AcDbEntity
  8
VISIBLE
100
AcDbLine
 10
277.8442281401298
 20
531.545178461395
 30
0.0
 11
277.8442281401298
 21
527.604327896327
 31
0.0
  0
SPLINE
  5
479
330
1F
100
AcDbEntity
  8
VISIBLE
100
AcDbSpline
210
0.0
220
0.0
230
1.0
 70
     8
 71
     2
 72
     6
 73
     3
 74
     0
 42
0.000000001
 43
0.0000000597673384
 40
0.0
 40
0.0
 40
0.0
 40
1.0
 40
1.0
 40
1.0
 10
277.4405823067965
 20
532.4913590169506
 30
0.0
 10
277.8442281401298
 20
532.074692350284
 30
0.0
 10
277.8442281401298
 20
531.545178461395
 30
0.0
  0
SPLINE
  5
47A
330
1F
100
AcDbEntity
  8
VISIBLE
100
AcDbSpline
210
0.0
220
0.0
230
1.0
 70
     8
 71
     2
 72
     6
 73
     3
 74
     0
 42
0.000000001
 43
0.0000000597862266
 40
0.0
 40
0.0
 40
0.0
 40
1.0
 40
1.0
 40
1.0
 10
276.4813809179076
 20
532.9080256836173
 30
0.0
 10
277.0369364734631
 20
532.9080256836173
 30
0.0
 10
277.4405823067965
 20
532.4913590169506
 30
0.0
  0
LINE
  5
47B
330
1F
100
AcDbEntity
  8
VISIBLE
100
AcDbLine
 10
274.0930439492228
 20
532.9080256836173
 30
0.0
 11
276.4813809179076
 21
532.9080256836173
 31
0.0
  0
LINE
  5
47C
330
1F
100
AcDbEntity
  8
VISIBLE
100
AcDbLine
 10
274.0930439492228
 20
532.9080256836173
 30
0.0
 11
274.0930439492228
 21
530.1302479058395
 31
0.0
  0
SPLINE
  5
47D
330
1F
100
AcDbEntity
  8
VISIBLE
100
AcDbSpline
210
0.0
220
0.0
230
1.0
 70
     8
 71
     2
 72
     6
 73
     3
 74
     0
 42
0.000000001
 43
0.0000000586532503
 40
0.0
 40
0.0
 40
0.0
 40
0.5387673490543942
 40
0.5387673490543942
 40
0.5387673490543942
 10
275.3572489734631
 20
521.2413590169506
 30
0.0
 10
274.7516033857675
 20
520.8531846248368
 30
0.0
 10
274.0930439492475
 20
520.6741459209329
 30
0.0
  0
SPLINE
  5
47E
330
1F
100
AcDbEntity
  8
VISIBLE
100
AcDbSpline
210
0.0
220
0.0
230
1.0
 70
     8
 71
     2
 72
     6
 73
     3
 74
     0
 42
0.000000001
 43
0.0000000589270605
 40
0.0
 40
0.0
 40
0.0
 40
1.0
 40
1.0
 40
1.0
 10
277.1628045290188
 20
523.3941367947284
 30
0.0
 10
276.4813809179076
 20
521.9618451280617
 30
0.0
 10
275.3572489734631
 20
521.2413590169506
 30
0.0
  0
SPLINE
  5
47F
330
1F
100
AcDbEntity
  8
VISIBLE
100
AcDbSpline
210
0.0
220
0.0
230
1.0
 70
     8
 71
     2
 72
     6
 73
     3
 74
     0
 42
0.000000001
 43
0.0000000591513905
 40
0.3196223576272239
 40
0.3196223576272239
 40
0.3196223576272239
 40
1.0
 40
1.0
 40
1.0
 10
277.7746149592065
 20
525.6043278957585
 30
0.0
 10
277.6264299190036
 20
524.3686360220852
 30
0.0
 10
277.1628045290188
 20
523.3941367947284
 30
0.0
  0
LINE
  5
480
330
1F
100
AcDbEntity
  8
VISIBLE
100
AcDbLine
 10
277.7746149592065
 20
525.6043278957585
 30
0.0
 11
275.0773364702745
 21
525.6043278954091
 31
0.0
  0
SPLINE
  5
481
330
1F
100
AcDbEntity
  8
VISIBLE
100
AcDbSpline
210
0.0
220
0.0
230
1.0
 70
     8
 71
     2
 72
     6
 73
     3
 74
     0
 42
0.000000001
 43
0.0000000590286241
 40
0.0
 40
0.0
 40
0.0
 40
0.6049152432523369
 40
0.6049152432523369
 40
0.6049152432523369
 10
274.5260857790188
 20
524.1992583225062
 30
0.0
 10
274.9212235572717
 20
524.7624281127737
 30
0.0
 10
275.0773364702745
 20
525.6043278954091
 30
0.0
  0
SPLINE
  5
482
330
1F
100
AcDbEntity
  8
VISIBLE
100
AcDbSpline
210
0.0
220
0.0
230
1.0
 70
     8
 71
     2
 72
     6
 73
     3
 74
     0
 42
0.000000001
 43
0.0000000588785253
 40
0.6917333691484765
 40
0.6917333691484765
 40
0.6917333691484765
 40
1.0
 40
1.0
 40
1.0
 10
274.0930439513711
 20
523.7137426501173
 30
0.0
 10
274.3247223764877
 20
523.9122653002942
 30
0.0
 10
274.5260857790188
 20
524.1992583225062
 30
0.0
  0
LINE
  5
483
330
1F
100
AcDbEntity
  8
VISIBLE
100
AcDbLine
 10
274.0930439492228
 20
523.7137426501173
 30
0.0
 11
274.0930439492228
 21
520.6741459209329
 31
0.0
  0
SPLINE
  5
484
330
1F
100
AcDbEntity
  8
VISIBLE
100
AcDbSpline
210
0.0
220
0.0
230
1.0
 70
     8
 71
     2
 72
     6
 73
     3
 74
     0
 42
0.000000001
 43
0.000000058384517
 40
0.0
 40
0.0
 40
0.0
 40
0.4652357649984372
 40
0.4652357649984372
 40
0.4652357649984372
 10
260.5525614734631
 20
522.074692350284
 30
0.0
 10
259.8357268529144
 20
523.5083615913816
 30
0.0
 10
259.452389335434
 20
525.6043278963192
 30
0.0
  0
SPLINE
  5
485
330
1F
100
AcDbEntity
  8
VISIBLE
100
AcDbSpline
210
0.0
220
0.0
230
1.0
 70
     8
 71
     2
 72
     6
 73
     3
 74
     0
 42
0.000000001
 43
0.0000000582214933
 40
0.1628542307769458
 40
0.1628542307769458
 40
0.1628542307769458
 40
1.0
 40
1.0
 40
1.0
 10
264.0782834841185
 20
519.0748237102761
 30
0.0
 10
261.8424345119796
 20
519.4949462732511
 30
0.0
 10
260.5525614734631
 20
522.074692350284
 30
0.0
  0
LINE
  5
486
330
1F
100
AcDbEntity
  8
VISIBLE
100
AcDbLine
 10
264.0782834875265
 20
521.9566995007298
 30
0.0
 11
264.0782834841185
 21
519.0748237102761
 31
0.0
  0
SPLINE
  5
487
330
1F
100
AcDbEntity
  8
VISIBLE
100
AcDbSpline
210
0.0
220
0.0
230
1.0
 70
     8
 71
     2
 72
     6
 73
     3
 74
     0
 42
0.000000001
 43
0.0000000584021476
 40
0.0
 40
0.0
 40
0.0
 40
0.6965556704862301
 40
0.6965556704862301
 40
0.6965556704862301
 10
262.5404086956854
 20
524.0885812391729
 30
0.0
 10
263.1208717544239
 20
522.4530056413731
 30
0.0
 10
264.0782834875265
 20
521.9566995007298
 30
0.0
  0
SPLINE
  5
488
330
1F
100
AcDbEntity
  8
VISIBLE
100
AcDbSpline
210
0.0
220
0.0
230
1.0
 70
     8
 71
     2
 72
     6
 73
     3
 74
     0
 42
0.000000001
 43
0.0000000584709569
 40
0.702582047195631
 40
0.702582047195631
 40
0.702582047195631
 40
1.0
 40
1.0
 40
1.0
 10
262.1134355517685
 20
525.6043279011344
 30
0.0
 10
262.2925604016817
 20
524.7869454425894
 30
0.0
 10
262.5404086956854
 20
524.0885812391729
 30
0.0
  0
LINE
  5
489
330
1F
100
AcDbEntity
  8
VISIBLE
100
AcDbLine
 10
262.1134355517685
 20
525.6043279011344
 30
0.0
 11
259.452389335434
 21
525.604327896327
 31
0.0
  0
LINE
  5
48A
330
1F
100
AcDbEntity
  8
VISIBLE
100
AcDbLine
 10
309.2331170290187
 20
559.6619319336173
 30
0.0
 11
289.2331170290188
 21
559.6619319336173
 31
0.0
  0
LINE
  5
48B
330
1F
100
AcDbEntity
  8
VISIBLE
100
AcDbLine
 10
309.2331170290187
 20
471.6619319336173
 30
0.0
 11
309.2331170290187
 21
559.6619319336173
 31
0.0
  0
LINE
  5
48C
330
1F
100
AcDbEntity
  8
VISIBLE
100
AcDbLine
 10
289.2331170290188
 20
471.6619319336173
 30
0.0
 11
309.2331170290187
 21
471.6619319336173
 31
0.0
  0
LINE
  5
48D
330
1F
100
AcDbEntity
  8
VISIBLE
100
AcDbLine
 10
235.2331170290187
 20
471.6619319336173
 30
0.0
 11
255.2331170290187
 21
471.6619319336173
 31
0.0
  0
LINE
  5
48E
330
1F
100
AcDbEntity
  8
VISIBLE
100
AcDbLine
 10
235.2331170290187
 20
485.6619319336173
 30
0.0
 11
235.2331170290187
 21
471.6619319336173
 31
0.0
  0
LINE
  5
48F
330
1F
100
AcDbEntity
  8
VISIBLE
100
AcDbLine
 10
229.2331170290187
 20
485.6619319336173
 30
0.0
 11
235.2331170290187
 21
485.6619319336173
 31
0.0
  0
LINE
  5
490
330
1F
100
AcDbEntity
  8
VISIBLE
100
AcDbLine
 10
229.2331170290187
 20
505.6619319336173
 30
0.0
 11
229.2331170290187
 21
485.6619319336173
 31
0.0
  0
LINE
  5
491
330
1F
100
AcDbEntity
  8
VISIBLE
100
AcDbLine
 10
229.2331170290187
 20
505.6619319336173
 30
0.0
 11
235.2331170290187
 21
505.6619319336173
 31
0.0
  0
LINE
  5
492
330
1F
100
AcDbEntity
  8
VISIBLE
100
AcDbLine
 10
235.2331170290187
 20
525.6619319336173
 30
0.0
 11
235.2331170290187
 21
505.6619319336173
 31
0.0
  0
LINE
  5
493
330
1F
100
AcDbEntity
  8
VISIBLE
100
AcDbLine
 10
229.2331170290187
 20
525.6619319336173
 30
0.0
 11
235.2331170290187
 21
525.6619319336173
 31
0.0
  0
LINE
  5
494
330
1F
100
AcDbEntity
  8
VISIBLE
100
AcDbLine
 10
229.2331170290187
 20
545.6619319336173
 30
0.0
 11
229.2331170290187
 21
525.6619319336173
 31
0.0
  0
LINE
  5
495
330
1F
100
AcDbEntity
  8
VISIBLE
100
AcDbLine
 10
229.2331170290187
 20
545.6619319336173
 30
0.0
 11
235.2331170290187
 21
545.6619319336173
 31
0.0
  0
LINE
  5
496
330
1F
100
AcDbEntity
  8
VISIBLE
100
AcDbLine
 10
235.2331170290187
 20
559.6619319336173
 30
0.0
 11
235.2331170290187
 21
545.6619319336173
 31
0.0
  0
LINE
  5
497
330
1F
100
AcDbEntity
  8
VISIBLE
100
AcDbLine
 10
255.2331170290187
 20
559.6619319336173
 30
0.0
 11
235.2331170290187
 21
559.6619319336173
 31
0.0
  0
LINE
  5
498
330
1F
100
AcDbEntity
  8
VISIBLE
100
AcDbLine
 10
255.2331170290187
 20
565.6619319336173
 30
0.0
 11
255.2331170290187
 21
559.6619319336173
 31
0.0
  0
LINE
  5
499
330
1F
100
AcDbEntity
  8
VISIBLE
100
AcDbLine
 10
289.2331170290188
 20
565.6619319336173
 30
0.0
 11
255.2331170290187
 21
565.6619319336173
 31
0.0
  0
LINE
  5
49A
330
1F
100
AcDbEntity
  8
VISIBLE
100
AcDbLine
 10
289.2331170290188
 20
565.6619319336173
 30
0.0
 11
289.2331170290188
 21
559.6619319336173
 31
0.0
  0
CIRCLE
  5
49B
330
1F
100
AcDbEntity
  8
VISIBLE
100
AcDbCircle
 10
295.7331170290187
 20
515.6619319336173
 30
0.0
 40
3.5
  0
CIRCLE
  5
49C
330
1F
100
AcDbEntity
  8
VISIBLE
100
AcDbCircle
 10
232.2331170290187
 20
495.6619319336173
 30
0.0
 40
1.649999999999999
  0
CIRCLE
  5
49D
330
1F
100
AcDbEntity
  8
VISIBLE
100
AcDbCircle
 10
232.2331170290187
 20
535.6619319336173
 30
0.0
 40
1.649999999999999
  0
CIRCLE
  5
49E
330
1F
100
AcDbEntity
  8
VISIBLE
100
AcDbCircle
 10
272.2331170290188
 20
562.6619319336173
 30
0.0
 40
1.649999999999999
  0
LINE
  5
49F
330
1F
100
AcDbEntity
  8
VISIBLE
100
AcDbLine
 10
255.2331170290187
 20
465.6619319336173
 30
0.0
 11
255.2331170290187
 21
471.6619319336173
 31
0.0
  0
CIRCLE
  5
4A0
330
1F
100
AcDbEntity
  8
VISIBLE
100
AcDbCircle
 10
272.2331170290188
 20
468.6619319336173
 30
0.0
 40
1.649999999999999
  0
LINE
  5
4A1
330
1F
100
AcDbEntity
  8
VISIBLE
100
AcDbLine
 10
289.2331170290188
 20
465.6619319336173
 30
0.0
 11
289.2331170290188
 21
471.6619319336173
 31
0.0
  0
LINE
  5
4A2
330
1F
100
AcDbEntity
  8
VISIBLE
100
AcDbLine
 10
289.2331170290188
 20
465.6619319336173
 30
0.0
 11
255.2331170290187
 21
465.6619319336173
 31
0.0
  0
LINE
  5
4A3
330
1F
100
AcDbEntity
  8
VISIBLE
100
AcDbLine
 10
398.369169159628
 20
557.4248204461088
 30
0.0
 11
398.369169159628
 21
469.4248204461088
 31
0.0
  0
LINE
  5
4A4
330
1F
100
AcDbEntity
  8
VISIBLE
100
AcDbLine
 10
338.3691691596281
 20
463.4248204461088
 30
0.0
 11
378.369169159628
 21
463.4248204461088
 31
0.0
  0
LINE
  5
4A5
330
1F
100
AcDbEntity
  8
VISIBLE
100
AcDbLine
 10
318.369169159628
 20
469.4248204461088
 30
0.0
 11
318.369169159628
 21
483.4248204461089
 31
0.0
  0
LINE
  5
4A6
330
1F
100
AcDbEntity
  8
VISIBLE
100
AcDbLine
 10
318.369169159628
 20
503.4248204461089
 30
0.0
 11
318.369169159628
 21
523.4248204461089
 31
0.0
  0
LINE
  5
4A7
330
1F
100
AcDbEntity
  8
VISIBLE
100
AcDbLine
 10
318.369169159628
 20
543.4248204461088
 30
0.0
 11
318.369169159628
 21
557.4248204461089
 31
0.0
  0
CIRCLE
  5
4A8
330
1F
100
AcDbEntity
  8
VISIBLE
100
AcDbCircle
 10
358.3691691596281
 20
466.4248204461088
 30
0.0
 40
1.649999999999999
  0
LINE
  5
4A9
330
1F
100
AcDbEntity
  8
VISIBLE
100
AcDbLine
 10
338.3691691596281
 20
557.4248204461089
 30
0.0
 11
318.369169159628
 21
557.4248204461089
 31
0.0
  0
LINE
  5
4AA
330
1F
100
AcDbEntity
  8
VISIBLE
100
AcDbLine
 10
338.3691691596281
 20
563.4248204461089
 30
0.0
 11
378.3691691596281
 21
563.4248204461089
 31
0.0
  0
LINE
  5
4AB
330
1F
100
AcDbEntity
  8
VISIBLE
100
AcDbLine
 10
378.3691691596281
 20
563.4248204461089
 30
0.0
 11
378.3691691596281
 21
557.4248204461088
 31
0.0
  0
LINE
  5
4AC
330
1F
100
AcDbEntity
  8
VISIBLE
100
AcDbLine
 10
318.369169159628
 20
469.4248204461088
 30
0.0
 11
338.3691691596281
 21
469.4248204461088
 31
0.0
  0
LINE
  5
4AD
330
1F
100
AcDbEntity
  8
VISIBLE
100
AcDbLine
 10
378.369169159628
 20
463.4248204461088
 30
0.0
 11
378.369169159628
 21
469.4248204461088
 31
0.0
  0
LINE
  5
4AE
330
1F
100
AcDbEntity
  8
VISIBLE
100
AcDbLine
 10
378.369169159628
 20
469.4248204461088
 30
0.0
 11
398.369169159628
 21
469.4248204461088
 31
0.0
  0
LINE
  5
4AF
330
1F
100
AcDbEntity
  8
VISIBLE
100
AcDbLine
 10
318.369169159628
 20
543.4248204461088
 30
0.0
 11
324.369169159628
 21
543.4248204461088
 31
0.0
  0
CIRCLE
  5
4B0
330
1F
100
AcDbEntity
  8
VISIBLE
100
AcDbCircle
 10
321.369169159628
 20
513.4248204461088
 30
0.0
 40
1.65
  0
LINE
  5
4B1
330
1F
100
AcDbEntity
  8
VISIBLE
100
AcDbLine
 10
398.369169159628
 20
557.4248204461088
 30
0.0
 11
378.3691691596281
 21
557.4248204461088
 31
0.0
  0
CIRCLE
  5
4B2
330
1F
100
AcDbEntity
  8
VISIBLE
100
AcDbCircle
 10
358.3691691596281
 20
560.4248204461088
 30
0.0
 40
1.649999999999999
  0
LINE
  5
4B3
330
1F
100
AcDbEntity
  8
VISIBLE
100
AcDbLine
 10
338.3691691596281
 20
563.4248204461089
 30
0.0
 11
338.3691691596281
 21
557.4248204461089
 31
0.0
  0
LINE
  5
4B4
330
1F
100
AcDbEntity
  8
VISIBLE
100
AcDbLine
 10
318.369169159628
 20
503.4248204461089
 30
0.0
 11
324.369169159628
 21
503.4248204461089
 31
0.0
  0
LINE
  5
4B5
330
1F
100
AcDbEntity
  8
VISIBLE
100
AcDbLine
 10
324.369169159628
 20
503.4248204461089
 30
0.0
 11
324.369169159628
 21
483.4248204461089
 31
0.0
  0
LINE
  5
4B6
330
1F
100
AcDbEntity
  8
VISIBLE
100
AcDbLine
 10
318.369169159628
 20
523.4248204461089
 30
0.0
 11
324.369169159628
 21
523.4248204461089
 31
0.0
  0
LINE
  5
4B7
330
1F
100
AcDbEntity
  8
VISIBLE
100
AcDbLine
 10
338.3691691596281
 20
463.4248204461088
 30
0.0
 11
338.3691691596281
 21
469.4248204461088
 31
0.0
  0
LINE
  5
4B8
330
1F
100
AcDbEntity
  8
VISIBLE
100
AcDbLine
 10
324.369169159628
 20
543.4248204461088
 30
0.0
 11
324.369169159628
 21
523.4248204461089
 31
0.0
  0
LINE
  5
4B9
330
1F
100
AcDbEntity
  8
VISIBLE
100
AcDbLine
 10
318.369169159628
 20
483.4248204461089
 30
0.0
 11
324.369169159628
 21
483.4248204461089
 31
0.0
  0
ARC
  5
4BA
330
1F
100
AcDbEntity
  8
VISIBLE
100
AcDbCircle
 10
252.2293405495749
 20
333.6681803868088
 30
0.0
 40
2.700000000000039
100
AcDbArc
 50
46.74982734577551
 51
133.2501726542262
  0
LINE
  5
4BB
330
1F
100
AcDbEntity
  8
VISIBLE
100
AcDbLine
 10
250.3793405495749
 20
331.7015843428791
 30
0.0
 11
250.3793405495749
 21
335.6347764307385
 31
0.0
  0
ARC
  5
4BC
330
1F
100
AcDbEntity
  8
VISIBLE
100
AcDbCircle
 10
252.2293405495749
 20
333.6681803868088
 30
0.0
 40
2.700000000000001
100
AcDbArc
 50
226.7498273457742
 51
313.2501726542241
  0
LINE
  5
4BD
330
1F
100
AcDbEntity
  8
VISIBLE
100
AcDbLine
 10
254.0793405495749
 20
331.7015843428791
 30
0.0
 11
254.0793405495749
 21
335.6347764307385
 31
0.0
  0
LINE
  5
4BE
330
1F
100
AcDbEntity
  8
VISIBLE
100
AcDbLine
 10
252.2293405495749
 20
338.6681803868088
 30
0.0
 11
317.4673662707753
 21
338.6681803868088
 31
0.0
  0
ARC
  5
4BF
330
1F
100
AcDbEntity
  8
VISIBLE
100
AcDbCircle
 10
317.4673662707753
 20
343.6681803868088
 30
0.0
 40
5.00000000000001
100
AcDbArc
 50
270.0
 51
8.714742018618768
  0
ARC
  5
4C0
330
1F
100
AcDbEntity
  8
VISIBLE
100
AcDbCircle
 10
252.2293405495751
 20
333.6681803868088
 30
0.0000000000000028
 40
70.9999999999998
100
AcDbArc
 50
8.714742018618141
 51
30.00000000000004
  0
ARC
  5
4C1
330
1F
100
AcDbEntity
  8
VISIBLE
100
AcDbCircle
 10
318.0472712371923
 20
371.6681803868088
 30
0.0
 40
5.000000000000001
100
AcDbArc
 50
30.0000000000011
 51
209.9999999999999
  0
ARC
  5
4C2
330
1F
100
AcDbEntity
  8
VISIBLE
100
AcDbCircle
 10
252.2293405495749
 20
333.6681803868088
 30
0.0000000000000025
 40
81.00000000000001
100
AcDbArc
 50
0.0000000000000804
 51
29.99999999999999
  0
ARC
  5
4C3
330
1F
100
AcDbEntity
  8
VISIBLE
100
AcDbCircle
 10
328.2293405495749
 20
333.6681803868088
 30
0.0
 40
5.000000000000001
100
AcDbArc
 50
270.0
 51
0.0
  0
LINE
  5
4C4
330
1F
100
AcDbEntity
  8
VISIBLE
100
AcDbLine
 10
252.2293405495749
 20
328.6681803868088
 30
0.0
 11
328.2293405495749
 21
328.6681803868088
 31
0.0
  0
ARC
  5
4C5
330
1F
100
AcDbEntity
  8
VISIBLE
100
AcDbCircle
 10
252.2293405495749
 20
333.6681803868088
 30
0.0
 40
4.999999999999997
100
AcDbArc
 50
90.0
 51
270.0
  0
LINE
  5
4C6
330
1F
100
AcDbEntity
  8
VISIBLE
100
AcDbLine
 10
194.6132055669502
 20
349.9918978124558
 30
0.0
 11
200.6132055669502
 21
349.9918978124558
 31
0.0
  0
LINE
  5
4C7
330
1F
100
AcDbEntity
  8
VISIBLE
100
AcDbLine
 10
188.6132055669502
 20
363.9918978124558
 30
0.0
 11
194.6132055669502
 21
363.9918978124558
 31
0.0
  0
LINE
  5
4C8
330
1F
100
AcDbEntity
  8
VISIBLE
100
AcDbLine
 10
188.6132055669502
 20
363.9918978124558
 30
0.0
 11
188.6132055669502
 21
369.9918978124558
 31
0.0
  0
LINE
  5
4C9
330
1F
100
AcDbEntity
  8
VISIBLE
100
AcDbLine
 10
188.6132055669502
 20
369.9918978124558
 30
0.0
 11
194.6132055669502
 21
369.9918978124558
 31
0.0
  0
LINE
  5
4CA
330
1F
100
AcDbEntity
  8
VISIBLE
100
AcDbLine
 10
194.6132055669502
 20
389.9918978124558
 30
0.0
 11
194.6132055669502
 21
369.9918978124558
 31
0.0
  0
LINE
  5
4CB
330
1F
100
AcDbEntity
  8
VISIBLE
100
AcDbLine
 10
194.6132055669502
 20
389.9918978124558
 30
0.0
 11
223.6132055669501
 21
389.9918978124558
 31
0.0
  0
LINE
  5
4CC
330
1F
100
AcDbEntity
  8
VISIBLE
100
AcDbLine
 10
217.6132055669501
 20
349.9918978124558
 30
0.0
 11
223.6132055669501
 21
349.9918978124558
 31
0.0
  0
LINE
  5
4CD
330
1F
100
AcDbEntity
  8
VISIBLE
100
AcDbLine
 10
217.6132055669501
 20
343.9918978124558
 30
0.0
 11
217.6132055669501
 21
349.9918978124558
 31
0.0
  0
LINE
  5
4CE
330
1F
100
AcDbEntity
  8
VISIBLE
100
AcDbLine
 10
211.9465389002835
 20
343.9918978124558
 30
0.0
 11
211.9465389002835
 21
349.9918978124558
 31
0.0
  0
LINE
  5
4CF
330
1F
100
AcDbEntity
  8
VISIBLE
100
AcDbLine
 10
206.2798722336169
 20
349.9918978124558
 30
0.0
 11
211.9465389002835
 21
349.9918978124558
 31
0.0
  0
LINE
  5
4D0
330
1F
100
AcDbEntity
  8
VISIBLE
100
AcDbLine
 10
206.2798722336169
 20
343.9918978124558
 30
0.0
 11
206.2798722336169
 21
349.9918978124558
 31
0.0
  0
LINE
  5
4D1
330
1F
100
AcDbEntity
  8
VISIBLE
100
AcDbLine
 10
200.6132055669502
 20
343.9918978124558
 30
0.0
 11
206.2798722336169
 21
343.9918978124558
 31
0.0
  0
LINE
  5
4D2
330
1F
100
AcDbEntity
  8
VISIBLE
100
AcDbLine
 10
200.6132055669502
 20
343.9918978124558
 30
0.0
 11
200.6132055669502
 21
349.9918978124558
 31
0.0
  0
CIRCLE
  5
4D3
330
1F
100
AcDbEntity
  8
VISIBLE
100
AcDbCircle
 10
218.6132055669502
 20
365.0421637703729
 30
0.0
 40
0.9999999999999996
  0
CIRCLE
  5
4D4
330
1F
100
AcDbEntity
  8
VISIBLE
100
AcDbCircle
 10
218.6132055669501
 20
360.5421637703729
 30
0.0
 40
1.000000000000003
  0
LINE
  5
4D5
330
1F
100
AcDbEntity
  8
VISIBLE
100
AcDbLine
 10
194.6132055669502
 20
363.9918978124558
 30
0.0
 11
194.6132055669502
 21
349.9918978124558
 31
0.0
  0
LINE
  5
4D6
330
1F
100
AcDbEntity
  8
VISIBLE
100
AcDbLine
 10
223.6132055669501
 20
349.9918978124558
 30
0.0
 11
223.6132055669501
 21
389.9918978124558
 31
0.0
  0
LINE
  5
4D7
330
1F
100
AcDbEntity
  8
VISIBLE
100
AcDbLine
 10
211.9465389002835
 20
343.9918978124558
 30
0.0
 11
217.6132055669501
 21
343.9918978124558
 31
0.0
  0
LINE
  5
4D8
330
1F
100
AcDbEntity
  8
VISIBLE
100
AcDbLine
 10
291.3237410843984
 20
349.1265702198791
 30
0.0
 11
272.6570744177317
 21
349.1265702198791
 31
0.0
  0
LINE
  5
4D9
330
1F
100
AcDbEntity
  8
VISIBLE
100
AcDbLine
 10
272.6570744177317
 20
343.1265702198791
 30
0.0
 11
272.6570744177317
 21
349.1265702198791
 31
0.0
  0
LINE
  5
4DA
330
1F
100
AcDbEntity
  8
VISIBLE
100
AcDbLine
 10
253.9904077510651
 20
343.1265702198791
 30
0.0
 11
272.6570744177317
 21
343.1265702198791
 31
0.0
  0
LINE
  5
4DB
330
1F
100
AcDbEntity
  8
VISIBLE
100
AcDbLine
 10
253.9904077510651
 20
343.1265702198791
 30
0.0
 11
253.9904077510651
 21
362.3765702198791
 31
0.0
  0
LINE
  5
4DC
330
1F
100
AcDbEntity
  8
VISIBLE
100
AcDbLine
 10
253.9904077510651
 20
362.3765702198791
 30
0.0
 11
259.9904077510652
 21
362.3765702198791
 31
0.0
  0
LINE
  5
4DD
330
1F
100
AcDbEntity
  8
VISIBLE
100
AcDbLine
 10
259.9904077510652
 20
362.3765702198791
 30
0.0
 11
259.9904077510652
 21
381.6265702198791
 31
0.0
  0
LINE
  5
4DE
330
1F
100
AcDbEntity
  8
VISIBLE
100
AcDbLine
 10
253.9904077510651
 20
381.6265702198791
 30
0.0
 11
259.9904077510652
 21
381.6265702198791
 31
0.0
  0
LINE
  5
4DF
330
1F
100
AcDbEntity
  8
VISIBLE
100
AcDbLine
 10
253.9904077510651
 20
381.6265702198791
 30
0.0
 11
253.9904077510651
 21
400.8765702198791
 31
0.0
  0
LINE
  5
4E0
330
1F
100
AcDbEntity
  8
VISIBLE
100
AcDbLine
 10
253.9904077510651
 20
400.8765702198791
 30
0.0
 11
309.990407751065
 21
400.8765702198791
 31
0.0
  0
LINE
  5
4E1
330
1F
100
AcDbEntity
  8
VISIBLE
100
AcDbLine
 10
309.990407751065
 20
400.8765702198791
 30
0.0
 11
309.990407751065
 21
343.1265702198791
 31
0.0
  0
LINE
  5
4E2
330
1F
100
AcDbEntity
  8
VISIBLE
100
AcDbLine
 10
291.3237410843984
 20
343.1265702198791
 30
0.0
 11
309.990407751065
 21
343.1265702198791
 31
0.0
  0
LINE
  5
4E3
330
1F
100
AcDbEntity
  8
VISIBLE
100
AcDbLine
 10
291.3237410843984
 20
343.1265702198791
 30
0.0
 11
291.3237410843984
 21
349.1265702198791
 31
0.0
  0
CIRCLE
  5
4E4
330
1F
100
AcDbEntity
  8
VISIBLE
100
AcDbCircle
 10
299.990407751065
 20
393.1265702198791
 30
0.0
 40
1.750000000000002
  0
CIRCLE
  5
4E5
330
1F
100
AcDbEntity
  8
VISIBLE
100
AcDbCircle
 10
299.990407751065
 20
375.1265702198791
 30
0.0
 40
1.750000000000002
  0
LINE
  5
4E6
330
1F
100
AcDbEntity
  8
VISIBLE
100
AcDbLine
 10
159.2530834525302
 20
456.6691817551551
 30
0.0
 11
159.2530834525302
 21
450.6691817551551
 31
0.0
  0
LINE
  5
4E7
330
1F
100
AcDbEntity
  8
VISIBLE
100
AcDbLine
 10
175.2530834525302
 20
450.6691817551551
 30
0.0
 11
159.2530834525302
 21
450.6691817551551
 31
0.0
  0
LINE
  5
4E8
330
1F
100
AcDbEntity
  8
VISIBLE
100
AcDbLine
 10
175.2530834525302
 20
456.6691817551551
 30
0.0
 11
191.2530834525302
 21
456.6691817551551
 31
0.0
  0
LINE
  5
4E9
330
1F
100
AcDbEntity
  8
VISIBLE
100
AcDbLine
 10
191.2530834525302
 20
456.6691817551551
 30
0.0
 11
191.2530834525302
 21
450.6691817551551
 31
0.0
  0
LINE
  5
4EA
330
1F
100
AcDbEntity
  8
VISIBLE
100
AcDbLine
 10
207.2530834525302
 20
450.6691817551551
 30
0.0
 11
191.2530834525302
 21
450.6691817551551
 31
0.0
  0
LINE
  5
4EB
330
1F
100
AcDbEntity
  8
VISIBLE
100
AcDbLine
 10
127.2530834525302
 20
425.6691817551551
 30
0.0
 11
207.2530834525302
 21
425.6691817551552
 31
0.0
  0
LINE
  5
4EC
330
1F
100
AcDbEntity
  8
VISIBLE
100
AcDbLine
 10
127.2530834525302
 20
436.0025150884885
 30
0.0
 11
127.2530834525302
 21
425.6691817551551
 31
0.0
  0
LINE
  5
4ED
330
1F
100
AcDbEntity
  8
VISIBLE
100
AcDbLine
 10
121.2530834525302
 20
446.3358484218218
 30
0.0
 11
121.2530834525302
 21
436.0025150884885
 31
0.0
  0
LINE
  5
4EE
330
1F
100
AcDbEntity
  8
VISIBLE
100
AcDbLine
 10
121.2530834525302
 20
446.3358484218218
 30
0.0
 11
127.2530834525302
 21
446.3358484218218
 31
0.0
  0
LINE
  5
4EF
330
1F
100
AcDbEntity
  8
VISIBLE
100
AcDbLine
 10
127.2530834525302
 20
450.6691817551551
 30
0.0
 11
127.2530834525302
 21
446.3358484218218
 31
0.0
  0
LINE
  5
4F0
330
1F
100
AcDbEntity
  8
VISIBLE
100
AcDbLine
 10
143.2530834525302
 20
450.6691817551551
 30
0.0
 11
127.2530834525302
 21
450.6691817551551
 31
0.0
  0
LINE
  5
4F1
330
1F
100
AcDbEntity
  8
VISIBLE
100
AcDbLine
 10
143.2530834525302
 20
456.6691817551551
 30
0.0
 11
143.2530834525302
 21
450.6691817551551
 31
0.0
  0
LINE
  5
4F2
330
1F
100
AcDbEntity
  8
VISIBLE
100
AcDbLine
 10
143.2530834525302
 20
456.6691817551551
 30
0.0
 11
159.2530834525302
 21
456.6691817551551
 31
0.0
  0
CIRCLE
  5
4F3
330
1F
100
AcDbEntity
  8
VISIBLE
100
AcDbCircle
 10
167.2530834525302
 20
438.1691817551551
 30
0.0
 40
1.750000000000002
  0
LINE
  5
4F4
330
1F
100
AcDbEntity
  8
VISIBLE
100
AcDbLine
 10
175.2530834525302
 20
456.6691817551551
 30
0.0
 11
175.2530834525302
 21
450.6691817551551
 31
0.0
  0
LINE
  5
4F5
330
1F
100
AcDbEntity
  8
VISIBLE
100
AcDbLine
 10
207.2530834525302
 20
450.6691817551551
 30
0.0
 11
207.2530834525302
 21
425.6691817551552
 31
0.0
  0
LINE
  5
4F6
330
1F
100
AcDbEntity
  8
VISIBLE
100
AcDbLine
 10
121.2530834525302
 20
436.0025150884885
 30
0.0
 11
127.2530834525302
 21
436.0025150884885
 31
0.0
  0
MTEXT
  5
4F7
102
{ACAD_XDICTIONARY
360
4F8
102
}
330
1F
100
AcDbEntity
  8
ANNOTATION_TEXT
 62
     7
 60
     1
100
AcDbMText
 10
208.6695647979004
 20
238.7386341856998
 30
0.0
 40
3.5
 41
0.0
 71
     2
 72
     1
  1

  7
ONSHAPE-STANDARD-VIEW-LABE
1001
ACAD
1000
ACAD_MTEXT_DEFINED_HEIGHT_BEGIN
1070
    46
1040
3.5
1000
ACAD_MTEXT_DEFINED_HEIGHT_END
  0
ENDSEC
  0
SECTION
  2
OBJECTS
  0
DICTIONARY
  5
C
330
0
100
AcDbDictionary
  3
ACAD_GROUP
350
D
  3
ACAD_LAYOUT
350
1A
  3
ACAD_MATERIAL
350
43
  3
ACAD_MLEADERSTYLE
350
6B
  3
ACAD_MLINESTYLE
350
17
  3
ACAD_PLOTSETTINGS
350
19
  3
ACAD_SCALELIST
350
47
  3
ACAD_VISUALSTYLE
350
2A
  3
ACDBHEADERROUNDTRIPXREC
350
561
  3
ACDBVARIABLEDICTIONARY
350
6E
  3
DWGPROPS
350
588
  3
ONSHAPE_DATA
350
4FF
  0
DICTIONARY
  5
589
330
8
100
AcDbDictionary
280
     1
  3
ACAD_XREC_ROUNDTRIP
360
58A
  0
DICTIONARY
  5
4F8
330
4F7
100
AcDbDictionary
280
     1
  3
ONSHAPE_VIEW_ID
360
4F9
  0
DICTIONARY
  5
D
102
{ACAD_REACTORS
330
C
102
}
330
C
100
AcDbDictionary
  0
DICTIONARY
  5
1A
102
{ACAD_REACTORS
330
C
102
}
330
C
100
AcDbDictionary
  0
DICTIONARY
  5
43
102
{ACAD_REACTORS
330
C
102
}
330
C
100
AcDbDictionary
  3
BYBLOCK
350
45
  3
BYLAYER
350
44
  3
GLOBAL
350
46
  0
DICTIONARY
  5
6B
102
{ACAD_REACTORS
330
C
102
}
330
C
100
AcDbDictionary
  3
STANDARD
350
6C
  0
DICTIONARY
  5
17
102
{ACAD_REACTORS
330
C
102
}
330
C
100
AcDbDictionary
  3
STANDARD
350
18
  0
DICTIONARY
  5
19
102
{ACAD_REACTORS
330
C
102
}
330
C
100
AcDbDictionary
  0
DICTIONARY
  5
47
102
{ACAD_REACTORS
330
C
102
}
330
C
100
AcDbDictionary
  3
A0
350
48
  3
A1
350
49
  3
A2
350
4A
  3
A3
350
4B
  3
A4
350
4C
  3
A5
350
4D
  3
A6
350
4E
  3
A7
350
4F
  3
A8
350
50
  3
A9
350
51
  3
B0
350
52
  3
B1
350
53
  3
B2
350
54
  3
B3
350
55
  3
B4
350
56
  3
B5
350
57
  3
B6
350
58
  3
B7
350
59
  3
B8
350
5A
  3
B9
350
5B
  3
C0
350
5C
  3
C1
350
5D
  3
C2
350
5E
  3
C3
350
5F
  3
C4
350
60
  3
C5
350
61
  3
C6
350
62
  3
C7
350
63
  3
C8
350
64
  3
C9
350
65
  3
D0
350
66
  3
D1
350
67
  3
D2
350
68
  0
DICTIONARY
  5
2A
102
{ACAD_REACTORS
330
C
102
}
330
C
100
AcDbDictionary
  3
2DWIREFRAME
350
2F
  3
BASIC
350
32
  3
BRIGHTEN
350
36
  3
COLORCHANGE
350
3A
  3
CONCEPTUAL
350
34
  3
DIM
350
35
  3
EDGECOLOROFF
350
3D
  3
FACEPATTERN
350
39
  3
FLAT
350
2B
  3
FLATWITHEDGES
350
2C
  3
GOURAUD
350
2D
  3
GOURAUDWITHEDGES
350
2E
  3
HIDDEN
350
31
  3
JITTEROFF
350
3B
  3
LINEPATTERN
350
38
  3
OVERHANGOFF
350
3C
  3
REALISTIC
350
33
  3
SHADED
350
42
  3
SHADED_WITH_EDGES
350
41
  3
SHADES_OF_GRAY
350
3E
  3
SKETCHY
350
3F
  3
THICKEN
350
37
  3
WIREFRAME
350
30
  3
X-RAY
350
40
  0
DICTIONARY
  5
561
102
{ACAD_REACTORS
330
C
102
}
330
C
100
AcDbDictionary
  3
CEPSNID
350
56B
  3
CEPSNTYPE
350
56A
  3
DIMSTYLEDATA
350
581
  3
FINGERPRINTGUID
350
56C
  3
HYPERLINKBASE
350
564
  3
INSUNITS
350
569
  3
LAYOUTDICT
350
566
  3
LWETCUNION
350
568
  3
PLOTSETDICT
350
567
  3
PSVPSCALE
350
56E
  3
PUCSBASE
350
571
  3
PUCSORGBACK
350
577
  3
PUCSORGBOTTOM
350
573
  3
PUCSORGFRONT
350
576
  3
PUCSORGLEFT
350
574
  3
PUCSORGRIGHT
350
575
  3
PUCSORGTOP
350
572
  3
PUCSORTHOREF
350
56F
  3
PUCSORTHOVIEW
350
570
  3
STYLESHEET
350
565
  3
TSTACKALIGN
350
562
  3
TSTACKSIZE
350
563
  3
UCSBASE
350
57A
  3
UCSORGBACK
350
580
  3
UCSORGBOTTOM
350
57C
  3
UCSORGFRONT
350
57F
  3
UCSORGLEFT
350
57D
  3
UCSORGRIGHT
350
57E
  3
UCSORGTOP
350
57B
  3
UCSORTHOREF
350
578
  3
UCSORTHOVIEW
350
579
  3
VERSIONGUID
350
56D
  0
DICTIONARY
  5
6E
102
{ACAD_REACTORS
330
C
102
}
330
C
100
AcDbDictionary
  3
CANNOSCALE
350
58B
  3
CMLEADERSTYLE
350
583
  3
CTABLESTYLE
350
582
  3
DIMASSOC
350
586
  3
HIDETEXT
350
587
  3
MSLTSCALE
350
58C
  3
OLEFRAME
350
6F
  0
XRECORD
  5
588
102
{ACAD_REACTORS
330
C
102
}
330
C
100
AcDbXrecord
  1
DWGPROPS COOKIE
  2

  3

  4

  6

  7

  8
nobody
  9

300
=
301
=
302
=
303
=
304
=
305
=
306
=
307
=
308
=
309
=
 40
0.0
 41
2461166.661107512
 42
2461166.661108333
  1

 90
        0
  0
DICTIONARY
  5
4FF
102
{ACAD_REACTORS
330
C
102
}
330
C
100
AcDbDictionary
280
     1
  3
DIM_UNITS
360
500
  3
ONSHAPE_ANG_TOL_PRECISION
360
503
  3
ONSHAPE_BREAK_DIMENSION_DEFAULT
360
509
  3
ONSHAPE_DIMENSION_TEXT_HOR
360
508
  3
ONSHAPE_FITCLASS_TOL_PRECISION
360
504
  3
ONSHAPE_JOGDIMENSION_LOCK_
360
506
  3
ONSHAPE_SHOWDIMENSIONSLINE
360
507
  3
ONSHAPE_UNDERLINEOVERRIDEN
360
505
  3
ONSHAPE_VSHARP_EXTENSION
360
502
  3
ONSHAPE_WELD_STANDARD
360
501
  0
XRECORD
  5
58A
102
{ACAD_REACTORS
330
589
102
}
330
589
100
AcDbXrecord
102
VTR_0.000_0.000_1.000_1.000_VISUALSTYLE
340
2F
102
VTR_0.000_0.000_1.000_1.000_GRIDDISPLAY
 70
     3
102
VTR_0.000_0.000_1.000_1.000_GRIDMAJOR
 70
     5
102
VTR_0.000_0.000_1.000_1.000_DEFAULTLIGHTING
280
     1
102
VTR_0.000_0.000_1.000_1.000_DEFAULTLIGHTINGTYPE
 70
     1
102
VTR_0.000_0.000_1.000_1.000_BRIGHTNESS
141
0.0
102
VTR_0.000_0.000_1.000_1.000_CONTRAST
142
0.0
  0
XRECORD
  5
4F9
102
{ACAD_REACTORS
330
4F8
102
}
330
4F8
100
AcDbXrecord
330
0
  0
MATERIAL
  5
45
102
{ACAD_REACTORS
330
43
102
}
102
{ACAD_XDICTIONARY
360
58F
102
}
330
43
100
AcDbMaterial
  1
BYBLOCK
  0
MATERIAL
  5
44
102
{ACAD_REACTORS
330
43
102
}
102
{ACAD_XDICTIONARY
360
58D
102
}
330
43
100
AcDbMaterial
  1
BYLAYER
  0
MATERIAL
  5
46
102
{ACAD_REACTORS
330
43
102
}
102
{ACAD_XDICTIONARY
360
591
102
}
330
43
100
AcDbMaterial
  1
GLOBAL
  0
ACAD_PROXY_OBJECT
  5
6C
102
{ACAD_REACTORS
330
6B
102
}
330
6B
100
AcDbProxyObject
 90
      499
 91
      505
 93
      610
310
40901902A4063FBFFFFFE056BD1B81E855B9FC0AD7A3703D0AD73F4214DD185B99185C9900AD7A3703D0AC73F90140501A02B5E8DC0F42B1CFC02B5E8DC0F42B1CFE5764000000000000300FC0
340
14
340
0
340
11
340
0
 94
        0
1001
ACAD_MLEADERVER
1070
     2
  0
MLINESTYLE
  5
18
102
{ACAD_REACTORS
330
17
102
}
330
17
100
AcDbMlineStyle
  2
Standard
 70
     0
  3

 62
   256
 51
90.0
 52
90.0
 71
     2
 49
0.5
 62
   256
  6
BYLAYER
 49
-0.5
 62
   256
  6
BYLAYER
  0
ACAD_PROXY_OBJECT
  5
48
102
{ACAD_REACTORS
330
47
102
}
330
47
100
AcDbProxyObject
 90
      499
 91
      503
 93
       41
310
903313A31580
  0
ACAD_PROXY_OBJECT
  5
49
102
{ACAD_REACTORS
330
47
102
}
330
47
100
AcDbProxyObject
 90
      499
 91
      503
 93
      105
310
903313A324000000000000004000
  0
ACAD_PROXY_OBJECT
  5
4A
102
{ACAD_REACTORS
330
47
102
}
330
47
100
AcDbProxyObject
 90
      499
 91
      503
 93
      105
310
903313A344000000000000104000
  0
ACAD_PROXY_OBJECT
  5
4B
102
{ACAD_REACTORS
330
47
102
}
330
47
100
AcDbProxyObject
 90
      499
 91
      503
 93
      105
310
903313A354000000000000144000
  0
ACAD_PROXY_OBJECT
  5
4C
102
{ACAD_REACTORS
330
47
102
}
330
47
100
AcDbProxyObject
 90
      499
 91
      503
 93
      105
310
903313A384000000000000204000
  0
ACAD_PROXY_OBJECT
  5
4D
102
{ACAD_REACTORS
330
47
102
}
330
47
100
AcDbProxyObject
 90
      499
 91
      503
 93
      113
310
904313A31304000000000000244000
  0
ACAD_PROXY_OBJECT
  5
4E
102
{ACAD_REACTORS
330
47
102
}
330
47
100
AcDbProxyObject
 90
      499
 91
      503
 93
      113
310
904313A31364000000000000304000
  0
ACAD_PROXY_OBJECT
  5
4F
102
{ACAD_REACTORS
330
47
102
}
330
47
100
AcDbProxyObject
 90
      499
 91
      503
 93
      113
310
904313A32304000000000000344000
  0
ACAD_PROXY_OBJECT
  5
50
102
{ACAD_REACTORS
330
47
102
}
330
47
100
AcDbProxyObject
 90
      499
 91
      503
 93
      113
310
904313A333040000000000003E4000
  0
ACAD_PROXY_OBJECT
  5
51
102
{ACAD_REACTORS
330
47
102
}
330
47
100
AcDbProxyObject
 90
      499
 91
      503
 93
      113
310
904313A34304000000000000444000
  0
ACAD_PROXY_OBJECT
  5
52
102
{ACAD_REACTORS
330
47
102
}
330
47
100
AcDbProxyObject
 90
      499
 91
      503
 93
      113
310
904313A35304000000000000494000
  0
ACAD_PROXY_OBJECT
  5
53
102
{ACAD_REACTORS
330
47
102
}
330
47
100
AcDbProxyObject
 90
      499
 91
      503
 93
      121
310
905313A3130304000000000000594000
  0
ACAD_PROXY_OBJECT
  5
54
102
{ACAD_REACTORS
330
47
102
}
330
47
100
AcDbProxyObject
 90
      499
 91
      503
 93
      105
310
903323A310000000000000010100
  0
ACAD_PROXY_OBJECT
  5
55
102
{ACAD_REACTORS
330
47
102
}
330
47
100
AcDbProxyObject
 90
      499
 91
      503
 93
      105
310
903343A310000000000000410100
  0
ACAD_PROXY_OBJECT
  5
56
102
{ACAD_REACTORS
330
47
102
}
330
47
100
AcDbProxyObject
 90
      499
 91
      503
 93
      105
310
903383A310000000000000810100
  0
ACAD_PROXY_OBJECT
  5
57
102
{ACAD_REACTORS
330
47
102
}
330
47
100
AcDbProxyObject
 90
      499
 91
      503
 93
      113
310
90431303A310000000000000910100
  0
ACAD_PROXY_OBJECT
  5
58
102
{ACAD_REACTORS
330
47
102
}
330
47
100
AcDbProxyObject
 90
      499
 91
      503
 93
      121
310
9053130303A310000000000001650100
  0
ACAD_PROXY_OBJECT
  5
59
102
{ACAD_REACTORS
330
47
102
}
330
47
100
AcDbProxyObject
 90
      499
 91
      503
 93
      257
310
90E312F31323822203D2031272D3022000000000000200FC000000000000284000
  0
ACAD_PROXY_OBJECT
  5
5A
102
{ACAD_REACTORS
330
47
102
}
330
47
100
AcDbProxyObject
 90
      499
 91
      503
 93
      249
310
90D312F363422203D2031272D3022000000000000240FC000000000000284000
  0
ACAD_PROXY_OBJECT
  5
5B
102
{ACAD_REACTORS
330
47
102
}
330
47
100
AcDbProxyObject
 90
      499
 91
      503
 93
      249
310
90D312F333222203D2031272D3022000000000000280FC000000000000284000
  0
ACAD_PROXY_OBJECT
  5
5C
102
{ACAD_REACTORS
330
47
102
}
330
47
100
AcDbProxyObject
 90
      499
 91
      503
 93
      249
310
90D312F313622203D2031272D30220000000000002C0FC000000000000284000
  0
ACAD_PROXY_OBJECT
  5
5D
102
{ACAD_REACTORS
330
47
102
}
330
47
100
AcDbProxyObject
 90
      499
 91
      503
 93
      249
310
90D332F333222203D2031272D30220000000000002E0FC000000000000284000
  0
ACAD_PROXY_OBJECT
  5
5E
102
{ACAD_REACTORS
330
47
102
}
330
47
100
AcDbProxyObject
 90
      499
 91
      503
 93
      241
310
90C312F3822203D2031272D3022000000000000300FC000000000000284000
  0
ACAD_PROXY_OBJECT
  5
5F
102
{ACAD_REACTORS
330
47
102
}
330
47
100
AcDbProxyObject
 90
      499
 91
      503
 93
      249
310
90D332F313622203D2031272D3022000000000000320FC000000000000284000
  0
ACAD_PROXY_OBJECT
  5
60
102
{ACAD_REACTORS
330
47
102
}
330
47
100
AcDbProxyObject
 90
      499
 91
      503
 93
      241
310
90C312F3422203D2031272D3022000000000000340FC000000000000284000
  0
ACAD_PROXY_OBJECT
  5
61
102
{ACAD_REACTORS
330
47
102
}
330
47
100
AcDbProxyObject
 90
      499
 91
      503
 93
      241
310
90C332F3822203D2031272D3022000000000000360FC000000000000284000
  0
ACAD_PROXY_OBJECT
  5
62
102
{ACAD_REACTORS
330
47
102
}
330
47
100
AcDbProxyObject
 90
      499
 91
      503
 93
      241
310
90C312F3222203D2031272D3022000000000000380FC000000000000284000
  0
ACAD_PROXY_OBJECT
  5
63
102
{ACAD_REACTORS
330
47
102
}
330
47
100
AcDbProxyObject
 90
      499
 91
      503
 93
      241
310
90C332F3422203D2031272D30220000000000003A0FC000000000000284000
  0
ACAD_PROXY_OBJECT
  5
64
102
{ACAD_REACTORS
330
47
102
}
330
47
100
AcDbProxyObject
 90
      499
 91
      503
 93
      161
310
90A3122203D2031272D30224000000000000284000
  0
ACAD_PROXY_OBJECT
  5
65
102
{ACAD_REACTORS
330
47
102
}
330
47
100
AcDbProxyObject
 90
      499
 91
      503
 93
      257
310
90E312D312F3222203D2031272D30220000000000003E0FC000000000000284000
  0
ACAD_PROXY_OBJECT
  5
66
102
{ACAD_REACTORS
330
47
102
}
330
47
100
AcDbProxyObject
 90
      499
 91
      503
 93
      225
310
90A3322203D2031272D302200000000000002100000000000000284000
  0
ACAD_PROXY_OBJECT
  5
67
102
{ACAD_REACTORS
330
47
102
}
330
47
100
AcDbProxyObject
 90
      499
 91
      503
 93
      225
310
90A3622203D2031272D302200000000000006100000000000000284000
  0
ACAD_PROXY_OBJECT
  5
68
102
{ACAD_REACTORS
330
47
102
}
330
47
100
AcDbProxyObject
 90
      499
 91
      503
 93
      249
310
90D31272D3022203D2031272D30220000000000000A100000000000000284000
  0
ACAD_PROXY_OBJECT
  5
2F
102
{ACAD_REACTORS
330
2A
102
}
330
2A
100
AcDbProxyObject
 90
      499
 91
      501
 93
      436
310
42CC9915DA5C99599C985B595049028333333333333E33F0000000000000F90107901411070040501600405405064090741402480A0340
1001
ACAD
1000
AcDbSavedByObjectVersion
1070
     0
  0
ACAD_PROXY_OBJECT
  5
32
102
{ACAD_REACTORS
330
2A
102
}
330
2A
100
AcDbProxyObject
 90
      499
 91
      501
 93
      388
310
4150985CDA58D07406404333333333333E33F0000000000000F90107A41107004050150841D405064090741402480A0350
1001
ACAD
1000
AcDbSavedByObjectVersion
1070
     0
  0
ACAD_PROXY_OBJECT
  5
36
102
{ACAD_REACTORS
330
2A
102
}
330
2A
100
AcDbProxyObject
 90
      499
 91
      501
 93
      428
310
42109C9A59DA1D195B90C409028333333333333E33F0000000000000F9010790141107004050150841D405064090741402480A029950
1001
ACAD
1000
AcDbSavedByObjectVersion
1070
     0
  0
ACAD_PROXY_OBJECT
  5
3A
102
{ACAD_REACTORS
330
2A
102
}
330
2A
100
AcDbProxyObject
 90
      499
 91
      501
 93
      452
310
42D0DBDB1BDC90DA185B99D95104090240C333333333333E33F0000000000000F90108901411070040501508421405064090741402480A0350
1001
ACAD
1000
AcDbSavedByObjectVersion
1070
     0
  0
ACAD_PROXY_OBJECT
  5
34
102
{ACAD_REACTORS
330
2A
102
}
330
2A
100
AcDbProxyObject
 90
      499
 91
      501
 93
      500
310
4290DBDB98D95C1D1D585B10940D028333333333333E33F0000000000000F90107902409070040501000000000018199010841D405064090740C02480A0340
1001
ACAD
1000
AcDbSavedByObjectVersion
1070
     0
  0
ACAD_PROXY_OBJECT
  5
35
102
{ACAD_REACTORS
330
2A
102
}
330
2A
100
AcDbProxyObject
 90
      499
 91
      501
 93
      412
310
40D11A5B50B409028333333333333E33F0000000000000F9010790141107004050150841D405064090741402480A02677FFFFFD0
1001
ACAD
1000
AcDbSavedByObjectVersion
1070
     0
  0
ACAD_PROXY_OBJECT
  5
3D
102
{ACAD_REACTORS
330
2A
102
}
330
2A
100
AcDbProxyObject
 90
      499
 91
      501
 93
      452
310
43115919D950DBDB1BDC93D999916409028333333333333E33F0000000000000F9010790141107004050150841D405064090741402480A0350
1001
ACAD
1000
AcDbSavedByObjectVersion
1070
     0
  0
ACAD_PROXY_OBJECT
  5
39
102
{ACAD_REACTORS
330
2A
102
}
330
2A
100
AcDbProxyObject
 90
      499
 91
      501
 93
      444
310
42D19858D95C185D1D195C9B90F409028333333333333E33F0000000000000F9010790141107004050150841D405064090741402480A0350
1001
ACAD
1000
AcDbSavedByObjectVersion
1070
     0
  0
ACAD_PROXY_OBJECT
  5
2B
102
{ACAD_REACTORS
330
2A
102
}
330
2A
100
AcDbProxyObject
 90
      499
 91
      501
 93
      380
310
41119B185D240901404333333333333E33F0000000000000F9010740A907004050150841D405064090741402480A1B50
1001
ACAD
1000
AcDbSavedByObjectVersion
1070
     0
  0
ACAD_PROXY_OBJECT
  5
2C
102
{ACAD_REACTORS
330
2A
102
}
330
2A
100
AcDbProxyObject
 90
      499
 91
      501
 93
      468
310
43519B185D15DA5D1A115919D95CD0140901404333333333333E33F0000000000000F90107409019070040501600405405064090741402480A1B50
1001
ACAD
1000
AcDbSavedByObjectVersion
1070
     0
  0
ACAD_PROXY_OBJECT
  5
2D
102
{ACAD_REACTORS
330
2A
102
}
330
2A
100
AcDbProxyObject
 90
      499
 91
      501
 93
      404
310
41D1DBDD5C985D5910240902404333333333333E33F0000000000000F9010740A9070040501641D405064090741402480A1B50
1001
ACAD
1000
AcDbSavedByObjectVersion
1070
     0
  0
ACAD_PROXY_OBJECT
  5
2E
102
{ACAD_REACTORS
330
2A
102
}
330
2A
100
AcDbProxyObject
 90
      499
 91
      501
 93
      492
310
4411DBDD5C985D5915DA5D1A115919D95CD0340902404333333333333E33F0000000000000F90107409019070040501600405405064090741402480A1B50
1001
ACAD
1000
AcDbSavedByObjectVersion
1070
     0
  0
ACAD_PROXY_OBJECT
  5
31
102
{ACAD_REACTORS
330
2A
102
}
330
2A
100
AcDbProxyObject
 90
      499
 91
      501
 93
      476
310
41921A5919195B90640502408333333333333E33F0000000000000F901079024090700405020000000000001110200405405064090740C02480A0340
1001
ACAD
1000
AcDbSavedByObjectVersion
1070
     0
  0
ACAD_PROXY_OBJECT
  5
3B
102
{ACAD_REACTORS
330
2A
102
}
330
2A
100
AcDbProxyObject
 90
      499
 91
      501
 93
      428
310
42529A5D1D195C93D999914409028333333333333E33F0000000000000F9010790141107004050150A41D405064090741402480A0350
1001
ACAD
1000
AcDbSavedByObjectVersion
1070
     0
  0
ACAD_PROXY_OBJECT
  5
38
102
{ACAD_REACTORS
330
2A
102
}
330
2A
100
AcDbProxyObject
 90
      499
 91
      501
 93
      444
310
42D31A5B995C185D1D195C9B90E409028333333333333E33F0000000000000F9010790141107004050750841D405064090741402483A0350
1001
ACAD
1000
AcDbSavedByObjectVersion
1070
     0
  0
ACAD_PROXY_OBJECT
  5
3C
102
{ACAD_REACTORS
330
2A
102
}
330
2A
100
AcDbProxyObject
 90
      499
 91
      501
 93
      444
310
42D3DD995C9A185B99D3D999915409028333333333333E33F0000000000000F9010790141107004050150941D405064090741402480A0350
1001
ACAD
1000
AcDbSavedByObjectVersion
1070
     0
  0
ACAD_PROXY_OBJECT
  5
33
102
{ACAD_REACTORS
330
2A
102
}
330
2A
100
AcDbProxyObject
 90
      499
 91
      501
 93
      428
310
425499585B1A5CDD1A58D08409038333333333333E33F0000000000000F9010740A907004050150800405405064090740C02480A1B40
1001
ACAD
1000
AcDbSavedByObjectVersion
1070
     0
  0
ACAD_PROXY_OBJECT
  5
42
102
{ACAD_REACTORS
330
2A
102
}
330
2A
100
AcDbProxyObject
 90
      499
 91
      501
 93
      420
310
4194DA1859195911B40902404333333333333E33F0000000000000F9010740A41107004050150800405405064090840C02480A0B40
1001
ACAD
1000
AcDbSavedByObjectVersion
1070
     0
  0
ACAD_PROXY_OBJECT
  5
41
102
{ACAD_REACTORS
330
2A
102
}
330
2A
100
AcDbProxyObject
 90
      499
 91
      501
 93
      516
310
4454DA18591959081DDA5D1A08195919D95CD1A40902404333333333333E33F0000000000000F901074090142907004050250800405405064090740C02480A0B40
1001
ACAD
1000
AcDbSavedByObjectVersion
1070
     0
  0
ACAD_PROXY_OBJECT
  5
3E
102
{ACAD_REACTORS
330
2A
102
}
330
2A
100
AcDbProxyObject
 90
      499
 91
      501
 93
      532
310
4394DA1859195CC81BD98811DC985E5174090240C333333333333E33F0000000000000F901079024090741D01000000000000111010841D405064090740C02480A0340
1001
ACAD
1000
AcDbSavedByObjectVersion
1070
     0
  0
ACAD_PROXY_OBJECT
  5
3F
102
{ACAD_REACTORS
330
2A
102
}
330
2A
100
AcDbProxyObject
 90
      499
 91
      501
 93
      476
310
41D4DAD95D18DA1E51840502408333333333333E33F0000000000000F901079024090741D01000000000000111010B41D405064090741802480A0340
1001
ACAD
1000
AcDbSavedByObjectVersion
1070
     0
  0
ACAD_PROXY_OBJECT
  5
37
102
{ACAD_REACTORS
330
2A
102
}
330
2A
100
AcDbProxyObject
 90
      499
 91
      501
 93
      412
310
41D51A1A58DAD95B90D409028333333333333E33F0000000000000F9010790141107004050150C41D405064090741402480A0350
1001
ACAD
1000
AcDbSavedByObjectVersion
1070
     0
  0
ACAD_PROXY_OBJECT
  5
30
102
{ACAD_REACTORS
330
2A
102
}
330
2A
100
AcDbProxyObject
 90
      499
 91
      501
 93
      420
310
4255DA5C99599C985B595059028333333333333E33F0000000000000F90107901411070040501600405405064090740C02480A0340
1001
ACAD
1000
AcDbSavedByObjectVersion
1070
     0
  0
ACAD_PROXY_OBJECT
  5
40
102
{ACAD_REACTORS
330
2A
102
}
330
2A
100
AcDbProxyObject
 90
      499
 91
      501
 93
      404
310
41560B54985E51940902404000000000000E03F0000000000000F9010740501907004050150841D405064090740C02480A1B40
1001
ACAD
1000
AcDbSavedByObjectVersion
1070
     0
  0
XRECORD
  5
56B
102
{ACAD_REACTORS
330
561
102
}
330
561
100
AcDbXrecord
340
0
  0
XRECORD
  5
56A
102
{ACAD_REACTORS
330
561
102
}
330
561
100
AcDbXrecord
 90
        0
  0
XRECORD
  5
581
102
{ACAD_REACTORS
330
561
102
}
330
561
100
AcDbXrecord
1000
DSTYLE
1002
{
1070
   179
 70
     1
1070
   170
 70
     1
1070
   171
 70
     3
1070
   143
 40
0.0393700787401575
1070
   274
 70
     3
1070
   285
 70
     8
1070
    41
 40
2.5
1070
   141
 40
2.5
1070
   176
 70
     7
1070
   177
 70
     7
1070
   178
 70
     7
1070
   271
 70
     2
1070
    43
 40
3.75
1070
   278
 70
    44
1070
    44
 40
1.25
1070
    42
 40
0.625
1070
   147
 40
0.625
1070
   144
 40
-1.0
1070
   371
 70
    13
1070
   372
 70
    13
1070
    77
 70
     1
1070
   272
 70
     2
1070
    73
 70
     0
1070
   172
 70
     1
1070
    74
 70
     0
1070
   283
 70
     0
1070
   340
340
72
1070
   140
 40
3.5
1070
   284
 70
     8
1070
   288
 70
     1
1070
    78
 70
     8
1002
}
  0
XRECORD
  5
56C
102
{ACAD_REACTORS
330
561
102
}
330
561
100
AcDbXrecord
  1
{747173b1-7764-7565-e173-667879316335}
  0
XRECORD
  5
564
102
{ACAD_REACTORS
330
561
102
}
330
561
100
AcDbXrecord
  1

  0
XRECORD
  5
569
102
{ACAD_REACTORS
330
561
102
}
330
561
100
AcDbXrecord
 90
        4
  0
XRECORD
  5
566
102
{ACAD_REACTORS
330
561
102
}
330
561
100
AcDbXrecord
340
1A
  0
XRECORD
  5
568
102
{ACAD_REACTORS
330
561
102
}
330
561
100
AcDbXrecord
 90
    10269
  0
XRECORD
  5
567
102
{ACAD_REACTORS
330
561
102
}
330
561
100
AcDbXrecord
340
19
  0
XRECORD
  5
56E
102
{ACAD_REACTORS
330
561
102
}
330
561
100
AcDbXrecord
 40
0.0
  0
XRECORD
  5
571
102
{ACAD_REACTORS
330
561
102
}
330
561
100
AcDbXrecord
340
0
  0
XRECORD
  5
577
102
{ACAD_REACTORS
330
561
102
}
330
561
100
AcDbXrecord
 10
0.0
 20
0.0
 30
0.0
  0
XRECORD
  5
573
102
{ACAD_REACTORS
330
561
102
}
330
561
100
AcDbXrecord
 10
0.0
 20
0.0
 30
0.0
  0
XRECORD
  5
576
102
{ACAD_REACTORS
330
561
102
}
330
561
100
AcDbXrecord
 10
0.0
 20
0.0
 30
0.0
  0
XRECORD
  5
574
102
{ACAD_REACTORS
330
561
102
}
330
561
100
AcDbXrecord
 10
0.0
 20
0.0
 30
0.0
  0
XRECORD
  5
575
102
{ACAD_REACTORS
330
561
102
}
330
561
100
AcDbXrecord
 10
0.0
 20
0.0
 30
0.0
  0
XRECORD
  5
572
102
{ACAD_REACTORS
330
561
102
}
330
561
100
AcDbXrecord
 10
0.0
 20
0.0
 30
0.0
  0
XRECORD
  5
56F
102
{ACAD_REACTORS
330
561
102
}
330
561
100
AcDbXrecord
340
0
  0
XRECORD
  5
570
102
{ACAD_REACTORS
330
561
102
}
330
561
100
AcDbXrecord
 70
     0
  0
XRECORD
  5
565
102
{ACAD_REACTORS
330
561
102
}
330
561
100
AcDbXrecord
  1

  0
XRECORD
  5
562
102
{ACAD_REACTORS
330
561
102
}
330
561
100
AcDbXrecord
 90
        1
  0
XRECORD
  5
563
102
{ACAD_REACTORS
330
561
102
}
330
561
100
AcDbXrecord
 90
       70
  0
XRECORD
  5
57A
102
{ACAD_REACTORS
330
561
102
}
330
561
100
AcDbXrecord
340
0
  0
XRECORD
  5
580
102
{ACAD_REACTORS
330
561
102
}
330
561
100
AcDbXrecord
 10
0.0
 20
0.0
 30
0.0
  0
XRECORD
  5
57C
102
{ACAD_REACTORS
330
561
102
}
330
561
100
AcDbXrecord
 10
0.0
 20
0.0
 30
0.0
  0
XRECORD
  5
57F
102
{ACAD_REACTORS
330
561
102
}
330
561
100
AcDbXrecord
 10
0.0
 20
0.0
 30
0.0
  0
XRECORD
  5
57D
102
{ACAD_REACTORS
330
561
102
}
330
561
100
AcDbXrecord
 10
0.0
 20
0.0
 30
0.0
  0
XRECORD
  5
57E
102
{ACAD_REACTORS
330
561
102
}
330
561
100
AcDbXrecord
 10
0.0
 20
0.0
 30
0.0
  0
XRECORD
  5
57B
102
{ACAD_REACTORS
330
561
102
}
330
561
100
AcDbXrecord
 10
0.0
 20
0.0
 30
0.0
  0
XRECORD
  5
578
102
{ACAD_REACTORS
330
561
102
}
330
561
100
AcDbXrecord
340
0
  0
XRECORD
  5
579
102
{ACAD_REACTORS
330
561
102
}
330
561
100
AcDbXrecord
 70
     0
  0
XRECORD
  5
56D
102
{ACAD_REACTORS
330
561
102
}
330
561
100
AcDbXrecord
  1
{FAEB1C32-E019-11D5-929B-00C0DF256EC4}
  0
DICTIONARYVAR
  5
58B
102
{ACAD_REACTORS
330
6E
102
}
330
6E
100
DictionaryVariables
280
     0
  1
1:1
  0
DICTIONARYVAR
  5
583
102
{ACAD_REACTORS
330
6E
102
}
330
6E
100
DictionaryVariables
280
     0
  1
Standard
  0
DICTIONARYVAR
  5
582
102
{ACAD_REACTORS
330
6E
102
}
330
6E
100
DictionaryVariables
280
     0
  1
Onshape-Standard
  0
DICTIONARYVAR
  5
586
102
{ACAD_REACTORS
330
6E
102
}
330
6E
100
DictionaryVariables
280
     0
  1
2
  0
DICTIONARYVAR
  5
587
102
{ACAD_REACTORS
330
6E
102
}
330
6E
100
DictionaryVariables
280
     0
  1
1
  0
DICTIONARYVAR
  5
58C
102
{ACAD_REACTORS
330
6E
102
}
330
6E
100
DictionaryVariables
280
     0
  1
1
  0
DICTIONARYVAR
  5
6F
102
{ACAD_REACTORS
330
6E
102
}
330
6E
100
DictionaryVariables
280
     0
  1
0
  0
XRECORD
  5
500
102
{ACAD_REACTORS
330
4FF
102
}
330
4FF
100
AcDbXrecord
 70
     4
  0
XRECORD
  5
503
102
{ACAD_REACTORS
330
4FF
102
}
330
4FF
100
AcDbXrecord
 90
        0
  0
ACAD_PROXY_OBJECT
  5
509
102
{ACAD_REACTORS
330
4FF
102
}
330
4FF
100
AcDbProxyObject
 90
      499
 91
      508
 93
       34
310
40C8804040
  0
XRECORD
  5
508
102
{ACAD_REACTORS
330
4FF
102
}
330
4FF
100
AcDbXrecord
 90
        5
  0
XRECORD
  5
504
102
{ACAD_REACTORS
330
4FF
102
}
330
4FF
100
AcDbXrecord
 90
        3
  0
XRECORD
  5
506
102
{ACAD_REACTORS
330
4FF
102
}
330
4FF
100
AcDbXrecord
 90
        0
  0
ACAD_PROXY_OBJECT
  5
507
102
{ACAD_REACTORS
330
4FF
102
}
330
4FF
100
AcDbProxyObject
 90
      499
 91
      508
 93
       34
310
40C8804040
  0
ACAD_PROXY_OBJECT
  5
505
102
{ACAD_REACTORS
330
4FF
102
}
330
4FF
100
AcDbProxyObject
 90
      499
 91
      508
 93
       34
310
40C8804040
  0
XRECORD
  5
502
102
{ACAD_REACTORS
330
4FF
102
}
330
4FF
100
AcDbXrecord
 90
        0
  0
XRECORD
  5
501
102
{ACAD_REACTORS
330
4FF
102
}
330
4FF
100
AcDbXrecord
 90
        1
  0
DICTIONARY
  5
58F
330
45
100
AcDbDictionary
280
     1
  3
ACAD_XREC_ROUNDTRIP
360
590
  0
DICTIONARY
  5
58D
330
44
100
AcDbDictionary
280
     1
  3
ACAD_XREC_ROUNDTRIP
360
58E
  0
DICTIONARY
  5
591
330
46
100
AcDbDictionary
280
     1
  3
ACAD_XREC_ROUNDTRIP
360
592
  0
XRECORD
  5
590
102
{ACAD_REACTORS
330
58F
102
}
330
58F
100
AcDbXrecord
102
MATERIAL
148
0.0
149
0.0
149
0.0
 93
        0
 94
      127
282
     0
 72
     1
 77
     1
171
     1
175
     1
179
     1
273
     0
  0
XRECORD
  5
58E
102
{ACAD_REACTORS
330
58D
102
}
330
58D
100
AcDbXrecord
102
MATERIAL
148
0.0
149
0.0
149
0.0
 93
        0
 94
      127
282
     0
 72
     1
 77
     1
171
     1
175
     1
179
     1
273
     0
  0
XRECORD
  5
592
102
{ACAD_REACTORS
330
591
102
}
330
591
100
AcDbXrecord
102
MATERIAL
148
0.0
149
0.0
149
0.0
 93
        0
 94
      127
282
     0
 72
     1
 77
     1
171
     1
175
     1
179
     1
273
     0
  0
ENDSEC
  0
EOF
